time,nominal_speed,local_r,original_epsilon,local_s,global_s
0,0,0.0744263861879442,0.0744263861879442,0,0
3.92080794905668e-05,0,0.074426270556068,0.0744263861879442,1.9999475569288e-05,1.99994903036059e-05
7.84161589811336e-05,0,0.0744261549266158,0.0744263861879442,3.99979023132038e-05,3.9997961249138e-05
0.0001176242384717,0,0.0744260392995876,0.0744263861879442,5.99952802858229e-05,5.99954128885238e-05
0.000156832317962267,0,0.0744259236749834,0.0744263861879442,7.99916095412181e-05,7.99918452736908e-05
0.000352872715415101,0,0.0744253455883236,0.0744263861879442,0.000179957526952191,0.00017995872020471
0.000548913112867935,0,0.0744247675622695,0.0744263861879442,0.000279897234541904,0.000279900121572175
0.000744953510320769,0,0.0744241895968255,0.0744263861879442,0.000379810739066365,0.000379816055867332
0.000940993907773603,0,0.074423611691996,0.0744263861879442,0.000479698047279868,0.000479706529579639
0.00192119589503777,0,0.0744207230772206,0.0744263861879442,0.000978741879963691,0.000978777216416331
0.00290139788230194,0,0.0744178359784675,0.0744263861879442,0.0014771318170312,0.00147721236116001
0.00388159986956611,0,0.0744149503962805,0.0744263861879442,0.00197486870084075,0.00197501277314246
0.00486180185683028,0,0.0744120663311978,0.0744263861879442,0.00247195337268251,0.0024721792606648
0.00790068526754771,0,0.0744031346208885,0.0744263861879442,0.00400890996328802,0.00400950537976819
0.0109395686782651,0,0.0743942175130459,0.0744263861879442,0.00553963077635716,0.00554077019819342
0.0139784520889826,0,0.0743853150227104,0.0744263861879442,0.00706414068594917,0.00706599761416572
0.0170173354997,0,0.0743764271644248,0.0744263861879442,0.00858246446866414,0.00858521143168555
0.0200564757009706,0,0.0743675532030563,0.0744263861879442,0.0100947543241916,0.0100985629783314
0.0230956159022411,0,0.0743586939038272,0.0744263861879442,0.0116009062785304,0.0116059472469645
0.0261347561035117,0,0.0743498492798219,0.0744263861879442,0.0131009448230613,0.0131073877670861
0.0291738963047822,0,0.0743410193436476,0.0744263861879442,0.0145948943531634,0.0146029079754182
0.0324617516931003,0,0.0743314833429368,0.0744263861879442,0.0162042759972702,0.016214177709883
0.0357496070814184,0,0.074321964561392,0.0744263861879442,0.0178065903069735,0.0178185752330122
0.0390374624697365,0,0.0743124630131289,0.0744263861879442,0.0194018677923021,0.0194161298554094
0.0423253178580546,0,0.0743029787116374,0.0744263861879442,0.0209901388339144,0.021006870762666
0.0458714245650026,0,0.074292768793096,0.0744263861879442,0.0226953451027436,0.0227149555592545
0.0494175312719507,0,0.0742825789674065,0.0744263861879442,0.0243924740036108,0.0244151843114582
0.0529636379788987,0,0.0742724092491028,0.0744263861879442,0.0260815631490109,0.0261075931518119
0.0565097446858467,0,0.0742622596519106,0.0744263861879442,0.0277626499794376,0.027792218046665
0.0602717980791125,0,0.0742515139871321,0.0744263861879442,0.0295374031222323,0.0295709617952561
0.0640338514723784,0,0.0742407909977091,0.0744263861879442,0.0313032358749829,0.0313410275341411
0.0677959048656442,0,0.0742300906971254,0.0744263861879442,0.0330601923108745,0.0331024576009824
0.07155795825891,0,0.074219413097892,0.0744263861879442,0.0348083162892682,0.0348552941268884
0.0755077612435517,0,0.0742082270624632,0.0744263861879442,0.0366342254989102,0.0366864062865851
0.0794575642281935,0,0.0741970660757628,0.0744263861879442,0.0384504970314673,0.0385081402522434
0.0834073672128352,0,0.0741859301489048,0.0744263861879442,0.0402571808883397,0.0403205440550684
0.0873571701974769,0,0.0741748192918844,0.0744263861879442,0.0420543268162142,0.0421236654802691
0.0914744295360404,0,0.0741632640737912,0.0744263861879442,0.0439175651412729,0.0439934025664018
0.0955916888746038,0,0.0741517361147847,0.0744263861879442,0.0457705491893148,0.0458531587372515
0.0997089482131672,0,0.0741402354224173,0.0744263861879442,0.0476133344263226,0.0477029872723249
0.103826207551731,0,0.0741287620029941,0.0744263861879442,0.0494459760237106,0.0495429411667157
0.108095610577991,0,0.0741168934188813,0.0744263861879442,0.0513356844548086,0.0514405138821706
0.112365013604252,0,0.0741050541702981,0.0744263861879442,0.0532146055851166,0.0533275838174758
0.116634416630513,0,0.0740932442601577,0.0744263861879442,0.0550827999320972,0.0552042091039429
0.120903819656773,0,0.0740814636900163,0.0744263861879442,0.0569403276798841,0.0570704475511354
0.125313405891549,0,0.0740693271132102,0.0744263861879442,0.0588477120228199,0.0589871197871655
0.129722992126325,0,0.0740572218337449,0.0744263861879442,0.0607438472169171,0.0608928362041449
0.134132578361101,0,0.0740451478489243,0.0744263861879442,0.062628798456883,0.0627876594262245
0.138542164595877,0,0.0740331051546034,0.0744263861879442,0.0645026305664711,0.0646716517195912
0.143082344880759,0,0.0740207384929193,0.0744263861879442,0.0664204080237013,0.0666001887120903
0.147622525165641,0,0.0740084049890206,0.0744263861879442,0.0683265362555168,0.0685173765528912
0.152162705450523,0,0.0739961046337324,0.0744263861879442,0.0702210847907122,0.0704232820300541
0.156702885735405,0,0.073983837416356,0.0744263861879442,0.0721041227506628,0.0723179715386011
0.161365813980414,0,0.0739712730245133,0.0744263861879442,0.0740261609652611,0.0742522801277059
0.166028742225423,0,0.0739587435589228,0.0744263861879442,0.0759362042625648,0.0761748987788777
0.170691670470432,0,0.0739462490031551,0.0744263861879442,0.0778343261878996,0.0780858981399181
0.17535459871544,0,0.0739337893391994,0.0744263861879442,0.0797205998438805,0.07998534843167
0.180133751097988,0,0.0739210553030671,0.0744263861879442,0.0816416702276671,0.0819202313637856
0.184912903480536,0,0.0739083578764962,0.0744263861879442,0.0835504484138322,0.0838431303315368
0.189692055863084,0,0.0738956970351169,0.0744263861879442,0.0854470116683332,0.0857541195592603
0.194471208245632,0,0.0738830727529359,0.0744263861879442,0.0873314367803089,0.0876532728115739
0.19936108971164,0,0.0738701937871698,0.0744263861879442,0.0892470388389858,0.0895842538652053
0.204250971177648,0,0.0738573530341848,0.0744263861879442,0.0911500948886257,0.091502998902272
0.209140852643656,0,0.073844550461069,0.0744263861879442,0.093040685638615,0.093409585458543
0.214030734109664,0,0.0738317860332606,0.0744263861879442,0.0949188912885998,0.095304090578468
0.219026667360798,0,0.0738187841280179,0.0744263861879442,0.096825123445196,0.0972272860618255
0.224022600611932,0,0.0738058219625419,0.0744263861879442,0.098718595080464,0.0991380314158136
0.229018533863065,0,0.0737928994948565,0.0744263861879442,0.10059939008644,0.101036407238438
0.234014467114199,0,0.0737800166813238,0.0744263861879442,0.102467591813682,0.102922493605941
0.239112437015837,0,0.0737669115802237,0.0744263861879442,0.104361053814648,0.104834515342233
0.244210406917476,0,0.0737538476726514,0.0744263861879442,0.106241576505137,0.106733907317702
0.249308376819114,0,0.0737408249071198,0.0744263861879442,0.1081092467137,0.108620752957579
0.254406346720752,0,0.073727843230482,0.0744263861879442,0.109964150696854,0.110495135136038
0.259602882746719,0,0.0737146527925472,0.0744263861879442,0.11184186801118,0.112393015367456
0.264799418772685,0,0.0737015049310916,0.0744263861879442,0.113706499840716,0.114278117684156
0.269995954798651,0,0.0736883995847412,0.0744263861879442,0.11555813571761,0.116150528116385
0.275192490824617,0,0.0736753366904772,0.0744263861879442,0.117396864572592,0.118010332115171
0.280484576658003,0,0.073662077169294,0.0744263861879442,0.119256228668619,0.119891464226281
0.285776662491388,0,0.0736488615387309,0.0744263861879442,0.121102390986814,0.121759699106499
0.291068748324774,0,0.0736356897272176,0.0744263861879442,0.122935443542051,0.123615125180538
0.296360834158159,0,0.0736225616615661,0.0744263861879442,0.124755477719564,0.125457830266861
0.301745836877477,0,0.0736092479247067,0.0744263861879442,0.12659419798077,0.127319921099414
0.307130839596795,0,0.0735959793255071,0.0744263861879442,0.128419627624872,0.129169021880013
0.312515842316112,0,0.0735827557819543,0.0744263861879442,0.130231860939676,0.131005223228003
0.31790084503543,0,0.0735695772104557,0.0744263861879442,0.132030991556274,0.132828615130561
0.323376459188496,0,0.0735562229137595,0.0744263861879442,0.13384705607546,0.134669646139318
0.328852073341562,0,0.0735429149361797,0.0744263861879442,0.135649766416504,0.136497618672196
0.334327687494628,0,0.0735296531850723,0.0744263861879442,0.137439218940616,0.13831262535327
0.339803301647694,0,0.0735164375662624,0.0744263861879442,0.139215509326362,0.140114758149628
0.345367503907868,0,0.0735030552957604,0.0744263861879442,0.141007152269426,0.141932953093813
0.350931706168041,0,0.0734897204616346,0.0744263861879442,0.142785400789346,0.143738043644466
0.356495908428214,0,0.0734764329604764,0.0744263861879442,0.14455035313077,0.145530124249727
0.362060110688387,0,0.0734631926874044,0.0744263861879442,0.146302106830899,0.147309288677012
0.367711123318109,0,0.0734497940747873,0.0744263861879442,0.148067781157337,0.149103086642871
0.37336213594783,0,0.0734364439529198,0.0744263861879442,0.149820042348953,0.150883755087141
0.379013148577552,0,0.0734231422075456,0.0744263861879442,0.151558990352842,0.152651390110017
0.384664161207273,0,0.0734098887230031,0.0744263861879442,0.153284724384947,0.1544060871083
0.390400421782845,0,0.0733964845420429,0.0744263861879442,0.155023078599971,0.15617411953864
0.396136682358417,0,0.0733831298445843,0.0744263861879442,0.15674802087454,0.157929016543052
0.401872942933989,0,0.0733698245054879,0.0744263861879442,0.158459652685629,0.159670875709914
0.407609203509561,0,0.0733565683982842,0.0744263861879442,0.160158074756459,0.161399793902577
0.413429340090329,0,0.07334316864509,0.0744263861879442,0.161867933059787,0.16314086500414
0.419249476671098,0,0.0733298193077793,0.0744263861879442,0.163564399029285,0.164868812562748
0.425069613251867,0,0.0733165202503372,0.0744263861879442,0.165247575507227,0.16658373549876
0.430889749832636,0,0.0733032713355017,0.0744263861879442,0.166917564560594,0.168285731986912
0.436792560036979,0,0.0732898852970017,0.0744263861879442,0.168597909608697,0.169998801732541
0.442695370241322,0,0.0732765505476487,0.0744263861879442,0.170264898965763,0.171698776283175
0.448598180445665,0,0.0732632669406002,0.0744263861879442,0.171918636682333,0.173385755742228
0.454500990650008,0,0.0732500343278562,0.0744263861879442,0.173559226013177,0.175059839447896
0.460485423938198,0,0.0732366706406843,0.0744263861879442,0.175209183852824,0.176744008733664
0.466469857226387,0,0.0732233590580678,0.0744263861879442,0.17684583840857,0.178415126416095
0.472454290514577,0,0.0732100994224219,0.0744263861879442,0.178469294789368,0.180073293639623
0.478438723802766,0,0.0731968915750992,0.0744263861879442,0.180079657288959,0.181718610764856
0.484503866847521,0,0.0731835582756557,0.0744263861879442,0.181698484223643,0.183373108488243
0.490569009892276,0,0.0731702778396125,0.0744263861879442,0.183304074865003,0.185014612310395
0.496634152937031,0,0.0731570500987605,0.0744263861879442,0.1848965352374,0.186643224281298
0.502699295981785,0,0.073143874883929,0.0744263861879442,0.186475970531555,0.188259045649469
0.508844359942665,0,0.0731305794526986,0.0744263861879442,0.188063041418005,0.189883217203404
0.514989423903545,0,0.0731173375884679,0.0744263861879442,0.189636956486879,0.191494465615356
0.521134487864425,0,0.0731041491125532,0.0744263861879442,0.191197822541472,0.193092893711654
0.527279551825305,0,0.0730910138454139,0.0744263861879442,0.192745745534016,0.194678603500462
0.5335038613703,0,0.0730777632461455,0.0744263861879442,0.194300543345441,0.196271900522055
0.539728170915294,0,0.073064566863579,0.0744263861879442,0.195842278276639,0.197852357237017
0.545952480460289,0,0.0730514245087324,0.0744263861879442,0.197371057779612,0.199420077124783
0.552176790005284,0,0.073038335991876,0.0744263861879442,0.19888698843884,0.200975162830851
0.558426790005284,0,0.0730252474328507,0.0744263861879442,0.200396354024871,0.202524057137665
0.564676790005284,0,0.0730122127716789,0.0744263861879442,0.201892977224245,0.204060417665664
0.570926790005284,0,0.0729992318142681,0.0744263861879442,0.203376963324232,0.205584345839208
0.577176790005284,0,0.0729863043659112,0.0744263861879442,0.204848416758235,0.207095942261919
0.583426790005284,0,0.0729734302313193,0.0744263861879442,0.206307441106529,0.208595306723331
0.589676790005284,0,0.0729606092146917,0.0744263861879442,0.207754139093517,0.210082538205469
0.595926790005284,0,0.0729478411197324,0.0744263861879442,0.209188612608421,0.21155773488939
0.602176790005284,0,0.0729351257496642,0.0744263861879442,0.210610962713816,0.213020994161659
0.608426790005284,0,0.0729224629072603,0.0744263861879442,0.21202128964635,0.214472412620785
0.614676790005284,0,0.07290985239491,0.0744263861879442,0.21341969281409,0.215912086083591
0.620926790005284,0,0.072897294014632,0.0744263861879442,0.21480627081656,0.217340109591542
0.627176790005284,0,0.0728847875680867,0.0744263861879442,0.216181121453012,0.218756577417023
0.633426790005284,0,0.0728723328566056,0.0744263861879442,0.217544341723114,0.220161583069556
0.639676790005284,0,0.0728599296812539,0.0744263861879442,0.218896027824398,0.221555219301978
0.645926790005284,0,0.0728475778428403,0.0744263861879442,0.220236275171657,0.222937578116563
0.652176790005284,0,0.0728352771419276,0.0744263861879442,0.221565178404957,0.224308750771092
0.658426790005284,0,0.0728230273788608,0.0744263861879442,0.222882831390308,0.225668827784884
0.664676790005284,0,0.0728108283538258,0.0744263861879442,0.224189327217194,0.227017898944767
0.670926790005284,0,0.0727986798668559,0.0744263861879442,0.225484758217359,0.228356053311006
0.677176790005284,0,0.0727865817178424,0.0744263861879442,0.226769215972565,0.229683379223185
0.683426790005284,0,0.0727745337065596,0.0744263861879442,0.228042791315248,0.230999964306036
0.689676790005284,0,0.0727625356327204,0.0744263861879442,0.229305574326123,0.232305895475222
0.695926790005284,0,0.0727505872959813,0.0744263861879442,0.230557654352384,0.233601258943082
0.702176790005284,0,0.0727386884959501,0.0744263861879442,0.231799120015211,0.234886140224314
0.708426790005284,0,0.0727268390322103,0.0744263861879442,0.233030059210408,0.236160624141626
0.714676790005284,0,0.0727150387043737,0.0744263861879442,0.234250559106092,0.237424794831333
0.720926790005284,0,0.0727032873120822,0.0744263861879442,0.235460706160312,0.238678735748913
0.727176790005284,0,0.0726915846550149,0.0744263861879442,0.236660586128323,0.239922529674514
0.733426790005284,0,0.0726799305329111,0.0744263861879442,0.237850284063203,0.241156258718421
0.739676790005284,0,0.0726683247456194,0.0744263861879442,0.239029884313619,0.242380004326476
0.745926790005284,0,0.0726567670930977,0.0744263861879442,0.240199470540888,0.243593847285455
0.752176790005284,0,0.0726452573754194,0.0744263861879442,0.241359125726024,0.2447978677284
0.758426790005284,0,0.0726337953927945,0.0744263861879442,0.242508932170329,0.245992145139911
0.764676790005284,0,0.0726223809456161,0.0744263861879442,0.243648971493244,0.247176758361391
0.770926790005284,0,0.0726110138344586,0.0744263861879442,0.244779324648864,0.248351785596253
0.777176790005284,0,0.0725996938600828,0.0744263861879442,0.245900071932757,0.249517304415079
0.783426790005284,0,0.0725884208234555,0.0744263861879442,0.247011292982549,0.250673391760748
0.789676790005284,0,0.0725771945257936,0.0744263861879442,0.248113066775836,0.251820123953508
0.795926790005284,0,0.0725660147685605,0.0744263861879442,0.249205471646181,0.252957576696017
0.802176790005284,0,0.0725548813534701,0.0744263861879442,0.250288585289715,0.254085825078342
0.808426790005284,0,0.0725437940825052,0.0744263861879442,0.251362484765705,0.255204943582916
0.814676790005284,0,0.0725327527579592,0.0744263861879442,0.252427246494535,0.256315006089451
0.820926790005284,0,0.072521757182431,0.0744263861879442,0.253482946273196,0.257416085879822
0.827176790005284,0,0.0725108071588279,0.0744263861879442,0.254529659281679,0.258508255642899
0.833426790005284,0,0.0724999024903829,0.0744263861879442,0.255567460083521,0.259591587479348
0.839676790005284,0,0.0724890429806943,0.0744263861879442,0.25659642262386,0.26066615290639
0.845926790005284,0,0.0724782284337187,0.0744263861879442,0.257616620244428,0.261732022862525
0.852176790005284,0,0.0724674586537734,0.0744263861879442,0.258628125689743,0.26278926771221
0.858426790005284,0,0.0724567334455529,0.0744263861879442,0.259631011107639,0.263837957250509
0.864676790005284,0,0.0724460526141654,0.0744263861879442,0.260625348047383,0.264878160707699
0.870926790005284,0,0.0724354159651255,0.0744263861879442,0.261611207474197,0.265909946753838
0.877176790005284,0,0.0724248233043555,0.0744263861879442,0.262588659775246,0.266933383503302
0.883426790005284,0,0.0724142744382004,0.0744263861879442,0.263557774760158,0.267948538519279
0.889676790005284,0,0.0724037691734631,0.0744263861879442,0.264518621659204,0.26895547881823
0.895926790005284,0,0.0723933073173954,0.0744263861879442,0.265471269137349,0.269954270874316
0.902176790005284,0,0.0723828886776988,0.0744263861879442,0.266415785300062,0.270944980623779
0.908426790005284,0,0.0723725130625386,0.0744263861879442,0.267352237693812,0.271927673469304
0.914676790005284,0,0.0723621802805771,0.0744263861879442,0.268280693304312,0.272902414284329
0.920926790005284,0,0.0723518901409635,0.0744263861879442,0.269201218570121,0.273869267417332
0.927176790005284,0,0.0723416424533341,0.0744263861879442,0.270113879388271,0.27482829669608
0.933426790005284,0,0.0723314370278256,0.0744263861879442,0.271018741114744,0.275779565431836
0.939676790005284,0,0.0723212736751064,0.0744263861879442,0.271915868562782,0.276723136423547
0.945926790005284,0,0.0723111522063655,0.0744263861879442,0.272805326016047,0.277659071961984
0.952176790005284,0,0.0723010724333123,0.0744263861879442,0.273687177234074,0.278587433833857
0.958426790005284,0,0.0722910341681889,0.0744263861879442,0.274561485452736,0.279508283325892
0.964676790005284,0,0.0722810372237995,0.0744263861879442,0.275428313382597,0.280421681228878
0.970926790005284,0,0.0722710814134992,0.0744263861879442,0.276287723221674,0.28132768784168
0.977176790005284,0,0.0722611665511924,0.0744263861879442,0.277139776660697,0.282226362975221
0.983426790005284,0,0.0722512924513448,0.0744263861879442,0.277984534883567,0.283117765956426
0.989676790005284,0,0.0722414589290112,0.0744263861879442,0.278822058565768,0.284001955632146
0.995926790005284,0,0.0722316657998231,0.0744263861879442,0.279652407886714,0.284878990373034
1.00217679000528,0,0.0722219128799874,0.0744263861879442,0.280475642534847,0.285748928077406
1.00842679000528,0,0.0722121999862971,0.0744263861879442,0.281291821708079,0.286611826175059
1.01467679000528,0,0.0722025269361575,0.0744263861879442,0.282101004112258,0.287467741631065
1.02092679000528,0,0.0721928935475736,0.0744263861879442,0.282903247973117,0.288316730949527
1.02717679000528,0,0.0721832996391481,0.0744263861879442,0.283698611041214,0.289158850177314
1.03342679000528,0,0.0721737450300912,0.0744263861879442,0.284487150592358,0.289994154907759
1.03967679000528,0,0.0721642295402461,0.0744263861879442,0.285268923426127,0.29082270028433
1.04592679000528,0,0.0721547529900749,0.0744263861879442,0.286043985877437,0.291644541004268
1.05217679000528,0,0.0721453152006567,0.0744263861879442,0.286812393821317,0.2924597313222
1.05842679000528,0,0.0721359159936971,0.0744263861879442,0.287574202673332,0.293268325053721
1.06467679000528,0,0.0721265551915516,0.0744263861879442,0.288329467388144,0.294070375578946
1.07092679000528,0,0.0721172326172114,0.0744263861879442,0.28907824247071,0.294865935846031
1.07717679000528,0,0.0721079480943013,0.0744263861879442,0.289820581980913,0.295655058374675
1.08342679000528,0,0.0720987014470883,0.0744263861879442,0.290556539533962,0.29643779525958
1.08967679000528,0,0.0720894925005037,0.0744263861879442,0.291286168299004,0.297214198173897
1.09592679000528,0,0.072080321080129,0.0744263861879442,0.292009521009968,0.297984318372629
1.10217679000528,0,0.0720711870121929,0.0744263861879442,0.292726649970043,0.298748206696024
1.10842679000528,0,0.0720620901235794,0.0744263861879442,0.293437607052066,0.299505913572923
1.11467679000528,0,0.0720530302418491,0.0744263861879442,0.294142443697186,0.300257489024096
1.12092679000528,0,0.0720440071952243,0.0744263861879442,0.294841210925353,0.301002982665538
1.12717679000528,0,0.0720350208125861,0.0744263861879442,0.295533959339657,0.301742443711748
1.13342679000528,0,0.0720260709234817,0.0744263861879442,0.296220739126705,0.302475920978978
1.13967679000528,0,0.0720171573581447,0.0744263861879442,0.296901600055326,0.303203462888455
1.14592679000528,0,0.0720082799474797,0.0744263861879442,0.297576591486726,0.303925117469577
1.15217679000528,0,0.0719994385230594,0.0744263861879442,0.298245762378689,0.304640932363084
1.15842679000528,0,0.0719906329171313,0.0744263861879442,0.298909161285941,0.305350954824204
1.16467679000528,0,0.0719818629626371,0.0744263861879442,0.299566836358899,0.306055231725771
1.17092679000528,0,0.0719731284931967,0.0744263861879442,0.3002188353535,0.306753809561321
1.17717679000528,0,0.0719644293431053,0.0744263861879442,0.300865205635267,0.307446734448159
1.18342679000528,0,0.07195576534734,0.0744263861879442,0.301505994179664,0.308134052130408
1.18967679000528,0,0.071947136341577,0.0744263861879442,0.302141247570883,0.308815807982022
1.19592679000528,0,0.0719385421621772,0.0744263861879442,0.30277101201136,0.309492047009789
1.20217679000528,0,0.0719299826461814,0.0744263861879442,0.303395333325713,0.310162813856296
1.20842679000528,0,0.0719214576313175,0.0744263861879442,0.30401425696108,0.310828152802878
1.21467679000528,0,0.0719129669560164,0.0744263861879442,0.304627827985952,0.311488107772545
1.22092679000528,0,0.0719045104593976,0.0744263861879442,0.305236091099385,0.312142722332875
1.22717679000528,0,0.071896087981264,0.0744263861879442,0.3058390906348,0.312792039698896
1.23342679000528,0,0.0718876993621088,0.0744263861879442,0.306436870560328,0.313436102735935
1.23967679000528,0,0.0718793444431308,0.0744263861879442,0.307029474477668,0.31407495396245
1.24592679000528,0,0.0718710230662192,0.0744263861879442,0.307616945631008,0.314708635552836
1.25217679000528,0,0.0718627350739492,0.0744263861879442,0.308199326910705,0.31533718934021
1.25842679000528,0,0.0718544803095877,0.0744263861879442,0.308776660853618,0.31596065681917
1.26467679000528,0,0.071846258617108,0.0744263861879442,0.309348989642001,0.316579079148539
1.27092679000528,0,0.0718380698411747,0.0744263861879442,0.309916355112141,0.317192497154077
1.27717679000528,0,0.0718299138271392,0.0744263861879442,0.310478798757923,0.317800951331182
1.28342679000528,0,0.0718217904210447,0.0744263861879442,0.311036361731141,0.318404481847555
1.28967679000528,0,0.0718136994696404,0.0744263861879442,0.311589084840443,0.319003128545861
1.29592679000528,0,0.0718056408203666,0.0744263861879442,0.31213700855968,0.319596930946353
1.30217679000528,0,0.0717976143213491,0.0744263861879442,0.31268017303136,0.320185928249483
1.30842679000528,0,0.0717896198214053,0.0744263861879442,0.313218618066953,0.320770159338491
1.31467679000528,0,0.0717816571700565,0.0744263861879442,0.313752383145864,0.321349662781969
1.32092679000528,0,0.0717737262175133,0.0744263861879442,0.31428150742352,0.321924476836409
1.32717679000528,0,0.0717658268146704,0.0744263861879442,0.314806029734711,0.322494639448729
1.33342679000528,0,0.0717579588131117,0.0744263861879442,0.315325988593883,0.323060188258778
1.33967679000528,0,0.0717501220651224,0.0744263861879442,0.31584142219415,0.323621160601819
1.34592679000528,0,0.071742316423674,0.0744263861879442,0.316352368415116,0.324177593510995
1.35217679000528,0,0.0717345417424195,0.0744263861879442,0.31685886482611,0.324729523719776
1.35842679000528,0,0.0717267978756979,0.0744263861879442,0.317360948686475,0.325276987664378
1.36467679000528,0,0.0717190846785456,0.0744263861879442,0.317858656944605,0.325820021486176
1.37092679000528,0,0.0717114020066818,0.0744263861879442,0.318352026245519,0.326358661034084
1.37717679000528,0,0.0717037497165031,0.0744263861879442,0.318841092933995,0.326892941866924
1.38342679000528,0,0.0716961276650882,0.0744263861879442,0.319325893054842,0.327422899255772
1.38967679000528,0,0.0716885357102084,0.0744263861879442,0.319806462351978,0.327948568186291
1.39592679000528,0,0.0716809737103133,0.0744263861879442,0.320282836275756,0.328469983361032
1.40217679000528,0,0.0716734415245253,0.0744263861879442,0.320755049985994,0.328987179201736
1.40842679000528,0,0.0716659390126438,0.0744263861879442,0.321223138352246,0.329500189851595
1.41467679000528,0,0.0716584660351554,0.0744263861879442,0.321687135952903,0.330009049177515
1.42092679000528,0,0.0716510224532195,0.0744263861879442,0.32214707708229,0.330513790772348
1.42717679000528,0,0.071643608128663,0.0744263861879442,0.322602995753592,0.331014447957108
1.43342679000528,0,0.071636222923984,0.0744263861879442,0.323054925699123,0.331511053783175
1.43967679000528,0,0.0716288667023617,0.0744263861879442,0.32350290036945,0.332003641034472
1.44592679000528,0,0.0716215393276419,0.0744263861879442,0.323946952940267,0.332492242229634
1.45217679000528,0,0.0716142406643317,0.0744263861879442,0.324387116315226,0.332976889624151
1.45842679000528,0,0.0716069705776031,0.0744263861879442,0.324823423126192,0.3334576152125
1.46467679000528,0,0.0715997289333025,0.0744263861879442,0.325255905732406,0.333934450730256
1.47092679000528,0,0.0715925155979359,0.0744263861879442,0.325684596227128,0.334407427656187
1.47717679000528,0,0.0715853304386639,0.0744263861879442,0.326109526440382,0.334876577214332
1.48342679000528,0,0.0715781733233052,0.0744263861879442,0.326530727939202,0.335341930376063
1.48967679000528,0,0.0715710441203452,0.0744263861879442,0.326948232026823,0.335803517862128
1.49592679000528,0,0.0715639426989217,0.0744263861879442,0.327362069749108,0.336261370144681
1.50217679000528,0,0.07155686892882,0.0744263861879442,0.327772271897207,0.336715517449294
1.50842679000528,0,0.0715498226804757,0.0744263861879442,0.328178869007796,0.337165989756949
1.51467679000528,0,0.0715428038249832,0.0744263861879442,0.328581891362289,0.337612816806021
1.52092679000528,0,0.0715358122340816,0.0744263861879442,0.328981368993067,0.338056028094239
1.52717679000528,0,0.0715288477801497,0.0744263861879442,0.329377331686042,0.338495652880634
1.53342679000528,0,0.0715219103362084,0.0744263861879442,0.329769808980895,0.338931720187472
1.53967679000528,0,0.0715149997759294,0.0744263861879442,0.330158830170312,0.339364258802165
1.54592679000528,0,0.0715081159736205,0.0744263861879442,0.33054442430601,0.339793297279179
1.55217679000528,0,0.0715012588042211,0.0744263861879442,0.330926620201224,0.340218863941912
1.55842679000528,0,0.0714944281433044,0.0744263861879442,0.33130544643093,0.340640986884569
1.56467679000528,0,0.0714876238670853,0.0744263861879442,0.331680931331113,0.341059693974011
1.57092679000528,0,0.0714808458524066,0.0744263861879442,0.332053103004595,0.341475012851602
1.57717679000528,0,0.0714740939767337,0.0744263861879442,0.332421989323441,0.341886970935027
1.58342679000528,0,0.0714673681181574,0.0744263861879442,0.332787617929179,0.342295595420107
1.58967679000528,0,0.0714606681554009,0.0744263861879442,0.333150016232089,0.342700913282591
1.59592679000528,0,0.0714539939678062,0.0744263861879442,0.333509211416841,0.343102951279938
1.60217679000528,0,0.0714473454353293,0.0744263861879442,0.333865230444832,0.343501735953083
1.60842679000528,0,0.0714407224385423,0.0744263861879442,0.334218100054389,0.343897293628191
1.61467679000528,0,0.0714341248586402,0.0744263861879442,0.334567846760085,0.344289650418393
1.62092679000528,0,0.0714275525774278,0.0744263861879442,0.334914496858201,0.34467883222551
1.62717679000528,0,0.0714210054773146,0.0744263861879442,0.335258076428975,0.345064864741763
1.63342679000528,0,0.0714144834413167,0.0744263861879442,0.335598611336811,0.345447773451471
1.63967679000528,0,0.0714079863530639,0.0744263861879442,0.335936127229613,0.34582758363273
1.64592679000528,0,0.0714015140967857,0.0744263861879442,0.336270649544067,0.346204320359085
1.65217679000528,0,0.0713950665573072,0.0744263861879442,0.336602203507823,0.346578008501183
1.65842679000528,0,0.0713886436200506,0.0744263861879442,0.336930814139695,0.346948672728416
1.66467679000528,0,0.0713822451710418,0.0744263861879442,0.337256506249016,0.34731633751055
1.67092679000528,0,0.0713758710968968,0.0744263861879442,0.33757930444075,0.347681027119337
1.67717679000528,0,0.0713695212848174,0.0744263861879442,0.337899233117608,0.348042765630124
1.68342679000528,0,0.0713631956225931,0.0744263861879442,0.338216316480233,0.348401576923435
1.68967679000528,0,0.0713568939986065,0.0744263861879442,0.338530578526583,0.348757484686552
1.69592679000528,0,0.0713506163018209,0.0744263861879442,0.338842043056876,0.349110512415079
1.70217679000528,0,0.0713443624217757,0.0744263861879442,0.339150733675638,0.349460683414489
1.70842679000528,0,0.0713381322485876,0.0744263861879442,0.339456673791881,0.349808020801667
1.71467679000528,0,0.0713319256729567,0.0744263861879442,0.339759886618508,0.350152547506434
1.72092679000528,0,0.0713257425861537,0.0744263861879442,0.340060395177097,0.35049428627306
1.72717679000528,0,0.0713195828800152,0.0744263861879442,0.340358222299882,0.350833259661769
1.73342679000528,0,0.0713134464469454,0.0744263861879442,0.340653390629928,0.351169490050223
1.73967679000528,0,0.0713073331799216,0.0744263861879442,0.340945922620555,0.351502999635004
1.74592679000528,0,0.0713012429724815,0.0744263861879442,0.341235840539964,0.351833810433076
1.75217679000528,0,0.0712951757187187,0.0744263861879442,0.341523166473159,0.352161944283242
1.75842679000528,0,0.0712891313132844,0.0744263861879442,0.341807922322114,0.352487422847581
1.76467679000528,0,0.0712831096513925,0.0744263861879442,0.342090129805214,0.352810267612883
1.77092679000528,0,0.0712771106288069,0.0744263861879442,0.342369810461736,0.353130499892063
1.77717679000528,0,0.0712711341418378,0.0744263861879442,0.342646985653704,0.353448140825573
1.78342679000528,0,0.0712651800873427,0.0744263861879442,0.342921676566055,0.353763211382792
1.78967679000528,0,0.0712592483627309,0.0744263861879442,0.343193904206097,0.354075732363415
1.79592679000528,0,0.0712533388659521,0.0744263861879442,0.343463689407842,0.354385724398822
1.80217679000528,0,0.0712474514954921,0.0744263861879442,0.343731052833808,0.354693207953445
1.80842679000528,0,0.0712415861503733,0.0744263861879442,0.343996014975172,0.354998203326114
1.81467679000528,0,0.0712357427301601,0.0744263861879442,0.34425859615125,0.3553007306514
1.82092679000528,0,0.0712299211349469,0.0744263861879442,0.34451881651369,0.355600809900943
1.82717679000528,0,0.0712241212653537,0.0744263861879442,0.344776696048214,0.355898460884772
1.83342679000528,0,0.0712183430225274,0.0744263861879442,0.345032254574768,0.35619370325261
1.83967679000528,0,0.0712125863081462,0.0744263861879442,0.345285511747018,0.356486556495175
1.84592679000528,0,0.071206851024408,0.0744263861879442,0.345536487056408,0.356777039945461
1.85217679000528,0,0.0712011370740263,0.0744263861879442,0.345785199833844,0.357065172780022
1.85842679000528,0,0.0711954443602314,0.0744263861879442,0.346031669249842,0.35735097402023
1.86467679000528,0,0.0711897727867742,0.0744263861879442,0.346275914314038,0.357634462533538
1.87092679000528,0,0.0711841222579152,0.0744263861879442,0.346517953879117,0.35791565703472
1.87717679000528,0,0.0711784926784207,0.0744263861879442,0.34675780664244,0.358194576087108
1.88342679000528,0,0.0711728839535631,0.0744263861879442,0.34699549114619,0.35847123810382
1.88967679000528,0,0.0711672959891253,0.0744263861879442,0.347231025776895,0.358745661348972
1.89592679000528,0,0.0711617286913898,0.0744263861879442,0.347464428769234,0.359017863938885
1.90217679000528,0,0.0711561819671344,0.0744263861879442,0.347695718207608,0.359287863843282
1.90842679000528,0,0.0711506557236332,0.0744263861879442,0.34792491202628,0.359555678886475
1.91467679000528,0,0.0711451498686605,0.0744263861879442,0.348152028008921,0.359821326748537
1.92092679000528,0,0.0711396643104796,0.0744263861879442,0.348377083792283,0.360084824966475
1.92717679000528,0,0.0711341989578397,0.0744263861879442,0.348600096867726,0.360346190935384
1.93342679000528,0,0.0711287537199759,0.0744263861879442,0.348821084581354,0.360605441909597
1.93967679000528,0,0.0711233285066131,0.0744263861879442,0.349040064133568,0.360862595003823
1.94592679000528,0,0.0711179232279556,0.0744263861879442,0.349257052582632,0.361117667194277
1.95217679000528,0,0.0711125377946832,0.0744263861879442,0.34947206684614,0.361370675319803
1.95842679000528,0,0.0711071721179518,0.0744263861879442,0.349685123701151,0.361621636082982
1.96467679000528,0,0.0711018261093968,0.0744263861879442,0.349896239783763,0.361870566051236
1.97092679000528,0,0.0710964996811233,0.0744263861879442,0.35010543159255,0.362117481657924
1.97717679000528,0,0.0710911927457016,0.0744263861879442,0.350312715489998,0.362362399203423
1.98342679000528,0,0.0710859052161686,0.0744263861879442,0.350518107702622,0.362605334856207
1.98967679000528,0,0.0710806370060303,0.0744263861879442,0.350721624320561,0.362846304653913
1.99592679000528,0,0.0710753880292527,0.0744263861879442,0.350923281300902,0.3630853245044
2.00217679000528,0,0.0710701582002572,0.0744263861879442,0.351123094469067,0.363322410186801
2.00842679000528,0,0.0710649474339217,0.0744263861879442,0.351321079518935,0.36355757735256
2.01467679000528,0,0.0710597556455837,0.0744263861879442,0.351517252012436,0.36379084152647
2.02092679000528,0,0.0710545827510304,0.0744263861879442,0.351711627382782,0.364022218107697
2.02717679000528,0,0.0710494286664952,0.0744263861879442,0.3519042209358,0.364251722370795
2.03342679000528,0,0.0710442933086579,0.0744263861879442,0.352095047850051,0.364479369466713
2.03967679000528,0,0.0710391765946482,0.0744263861879442,0.352284123176443,0.3647051744238
2.04592679000528,0,0.0710340784420359,0.0744263861879442,0.352471461841349,0.364929152148793
2.05217679000528,0,0.0710289987688271,0.0744263861879442,0.352657078647904,0.365151317427803
2.05842679000528,0,0.0710239374934651,0.0744263861879442,0.352840988276115,0.36537168492729
2.06467679000528,0,0.0710188945348331,0.0744263861879442,0.353023205282491,0.365590269195034
2.07092679000528,0,0.0710138698122449,0.0744263861879442,0.353203744103057,0.365807084661089
2.07717679000528,0,0.0710088632454411,0.0744263861879442,0.353382619054611,0.366022145638744
2.08342679000528,0,0.0710038747545901,0.0744263861879442,0.353559844334828,0.366235466325461
2.08967679000528,0,0.0709989042602904,0.0744263861879442,0.353735434021904,0.366447060803816
2.09592679000528,0,0.0709939516835619,0.0744263861879442,0.353909402077473,0.366656943042429
2.10217679000528,0,0.070989016945842,0.0744263861879442,0.354081762347819,0.366865126896881
2.10842679000528,0,0.0709840999689862,0.0744263861879442,0.354252528563986,0.367071626110637
2.11467679000528,0,0.070979200675271,0.0744263861879442,0.35442171434142,0.367276454315945
2.12092679000528,0,0.0709743189873847,0.0744263861879442,0.354589333182806,0.367479625034743
2.12717679000528,0,0.0709694548284239,0.0744263861879442,0.354755398479228,0.367681151679545
2.13342679000528,0,0.0709646081218944,0.0744263861879442,0.354919923510284,0.367881047554333
2.13967679000528,0,0.0709597787917133,0.0744263861879442,0.355082921443739,0.36807932585543
2.14592679000528,0,0.0709549667622005,0.0744263861879442,0.355244405338262,0.368275999672375
2.15217679000528,0,0.0709501719580752,0.0744263861879442,0.355404388144561,0.368471081988783
2.15842679000528,0,0.0709453943044565,0.0744263861879442,0.355562882705483,0.368664585683206
2.16467679000528,0,0.0709406337268658,0.0744263861879442,0.355719901755685,0.368856523529983
2.17092679000528,0,0.070935890151218,0.0744263861879442,0.355875457924281,0.369046908200079
2.17717679000528,0,0.0709311635038187,0.0744263861879442,0.356029563735938,0.369235752261927
2.18342679000528,0,0.0709264537113645,0.0744263861879442,0.356182231610975,0.369423068182254
2.18967679000528,0,0.0709217607009447,0.0744263861879442,0.356333473865044,0.369608868326906
2.19592679000528,0,0.0709170844000339,0.0744263861879442,0.356483302711692,0.369793164961663
2.20217679000528,0,0.0709124247364883,0.0744263861879442,0.356631730263419,0.369975970253049
2.20842679000528,0,0.070907781638546,0.0744263861879442,0.356778768531778,0.370157296269136
2.21467679000528,0,0.0709031550348295,0.0744263861879442,0.356924429427062,0.370337154980341
2.22092679000528,0,0.0708985448543375,0.0744263861879442,0.357068724760785,0.370515558260214
2.22717679000528,0,0.0708939510264416,0.0744263861879442,0.357211666246708,0.370692517886224
2.23342679000528,0,0.070889373480887,0.0744263861879442,0.357353265500931,0.370868045540535
2.23967679000528,0,0.0708848121477943,0.0744263861879442,0.357493534041592,0.371042152810779
2.24592679000528,0,0.0708802669576517,0.0744263861879442,0.357632483291273,0.37121485119082
2.25217679000528,0,0.070875737841312,0.0744263861879442,0.357770124577981,0.371386152081511
2.25842679000528,0,0.0708712247299928,0.0744263861879442,0.357906469135249,0.371556066791451
2.26467679000528,0,0.0708667275552789,0.0744263861879442,0.35804152810184,0.371724606537726
2.27092679000528,0,0.070862246249114,0.0744263861879442,0.35817531252407,0.371891782446655
2.27717679000528,0,0.0708577807437981,0.0744263861879442,0.358307833356767,0.37205760555452
2.28342679000528,0,0.0708533309719879,0.0744263861879442,0.358439101463362,0.372222086808298
2.28967679000528,0,0.0708488968666983,0.0744263861879442,0.358569127615604,0.372385237066381
2.29592679000528,0,0.0708444783612955,0.0744263861879442,0.358697922495807,0.372547067099295
2.30217679000528,0,0.0708400753894936,0.0744263861879442,0.358825496697783,0.372707587590409
2.30842679000528,0,0.0708356878853548,0.0744263861879442,0.358951860726919,0.372866809136643
2.31467679000528,0,0.070831315783292,0.0744263861879442,0.359077024999916,0.373024742249163
2.32092679000528,0,0.0708269590180605,0.0744263861879442,0.359200999846951,0.373181397354081
2.32717679000528,0,0.0708226175247559,0.0744263861879442,0.359323795512584,0.373336784793137
2.33342679000528,0,0.070818291238814,0.0744263861879442,0.359445422155836,0.373490914824388
2.33967679000528,0,0.0708139800960128,0.0744263861879442,0.359565889849927,0.37364379762288
2.34592679000528,0,0.0708096840324651,0.0744263861879442,0.359685208584382,0.373795443281321
2.35217679000528,0,0.0708054029846159,0.0744263861879442,0.359803388265895,0.373945861810749
2.35842679000528,0,0.0708011368892426,0.0744263861879442,0.359920438718411,0.374095063141193
2.36467679000528,0,0.0707968856834568,0.0744263861879442,0.360036369682874,0.374243057122326
2.37092679000528,0,0.0707926493046972,0.0744263861879442,0.360151190819259,0.374389853524117
2.37717679000528,0,0.070788427690727,0.0744263861879442,0.360264911707413,0.374535462037474
2.38342679000528,0,0.0707842207796341,0.0744263861879442,0.360377541847134,0.374679892274889
2.38967679000528,0,0.0707800285098326,0.0744263861879442,0.360489090657923,0.374823153771065
2.39592679000528,0,0.0707758508200563,0.0744263861879442,0.360599567480955,0.374965255983552
2.40217679000528,0,0.0707716876493558,0.0744263861879442,0.36070898157989,0.375106208293369
2.40842679000528,0,0.0707675389370989,0.0744263861879442,0.360817342140949,0.375246020005621
2.41467679000528,0,0.0707634046229721,0.0744263861879442,0.360924658272678,0.375384700350116
2.42092679000528,0,0.0707592846469737,0.0744263861879442,0.361030939007849,0.375522258481975
2.42717679000528,0,0.070755178949412,0.0744263861879442,0.36113619330425,0.375658703482233
2.43342679000528,0,0.0707510874709047,0.0744263861879442,0.361240430044757,0.375794044358442
2.43967679000528,0,0.0707470101523806,0.0744263861879442,0.361343658037101,0.375928290045263
2.44592679000528,0,0.0707429469350737,0.0744263861879442,0.361445886015716,0.376061449405059
2.45217679000528,0,0.0707388977605198,0.0744263861879442,0.361547122642497,0.376193531228476
2.45842679000528,0,0.0707348625705575,0.0744263861879442,0.36164737650687,0.376324544235026
2.46467679000528,0,0.0707308413073291,0.0744263861879442,0.361746656125571,0.376454497073663
2.47092679000528,0,0.0707268339132746,0.0744263861879442,0.361844969944429,0.376583398323351
2.47717679000528,0,0.0707228403311292,0.0744263861879442,0.361942326339102,0.376711256493633
2.48342679000528,0,0.0707188605039235,0.0744263861879442,0.362038733615144,0.376838080025193
2.48967679000528,0,0.0707148943749846,0.0744263861879442,0.362134200007792,0.376963877290413
2.49592679000528,0,0.0707109418879305,0.0744263861879442,0.362228733683689,0.377088656593922
2.50217679000528,0,0.0707070029866675,0.0744263861879442,0.362322342741599,0.377212426173149
2.50842679000528,0,0.07070307761539,0.0744263861879442,0.362415035212471,0.377335194198867
2.51467679000528,0,0.0706991657185823,0.0744263861879442,0.36250681905923,0.377456968775726
2.52092679000528,0,0.0706952672410126,0.0744263861879442,0.362597702178448,0.377577757942797
2.52717679000528,0,0.0706913821277305,0.0744263861879442,0.362687692401035,0.377697569674096
2.53342679000528,0,0.0706875103240672,0.0744263861879442,0.362776797492297,0.377816411879112
2.53967679000528,0,0.0706836517756367,0.0744263861879442,0.36286502515174,0.377934292403331
2.54592679000528,0,0.0706798064283303,0.0744263861879442,0.362952383014684,0.378051219028752
2.55217679000528,0,0.070675974228314,0.0744263861879442,0.363038878652928,0.378167199474402
2.55842679000528,0,0.0706721551220288,0.0744263861879442,0.363124519574812,0.378282241396845
2.56467679000528,0,0.0706683490561921,0.0744263861879442,0.363209313225025,0.378396352390687
2.57092679000528,0,0.0706645559777915,0.0744263861879442,0.363293266986164,0.378509539989078
2.57717679000528,0,0.0706607758340833,0.0744263861879442,0.36337638817938,0.378621811664208
2.58342679000528,0,0.0706570085725922,0.0744263861879442,0.363458684064442,0.378733174827805
2.58967679000528,0,0.0706532541411124,0.0744263861879442,0.363540161839541,0.378843636831616
2.59592679000528,0,0.0706495124877026,0.0744263861879442,0.363620828642807,0.378953204967901
2.60217679000528,0,0.0706457835606831,0.0744263861879442,0.363700691552934,0.379061886469908
2.60842679000528,0,0.0706420673086369,0.0744263861879442,0.363779757589233,0.379169688512353
2.61467679000528,0,0.0706383636804098,0.0744263861879442,0.363858033711455,0.379276618211896
2.62092679000528,0,0.0706346726251057,0.0744263861879442,0.363935526821249,0.379382682627606
2.62717679000528,0,0.0706309940920845,0.0744263861879442,0.36401224376277,0.37948788876143
2.63342679000528,0,0.0706273280309618,0.0744263861879442,0.364088191322731,0.379592243558655
2.63967679000528,0,0.0706236743916105,0.0744263861879442,0.364163376230232,0.379695753908366
2.64592679000528,0,0.0706200331241552,0.0744263861879442,0.364237805158168,0.379798426643901
2.65217679000528,0,0.0706164041789703,0.0744263861879442,0.364311484723821,0.379900268543303
2.65842679000528,0,0.0706127875066801,0.0744263861879442,0.364384421488906,0.380001286329764
2.66467679000528,0,0.07060918305816,0.0744263861879442,0.364456621959409,0.380101486672074
2.67092679000528,0,0.070605590784531,0.0744263861879442,0.364528092586949,0.380200876185058
2.67717679000528,0,0.0706020106371584,0.0744263861879442,0.364598839769348,0.380299461430012
2.68342679000528,0,0.0705984425676512,0.0744263861879442,0.364668869850679,0.380397248915139
2.68967679000528,0,0.0705948865278635,0.0744263861879442,0.364738189121107,0.380494245095976
2.69592679000528,0,0.0705913424698894,0.0744263861879442,0.364806803818207,0.380590456375822
2.70217679000528,0,0.0705878103460613,0.0744263861879442,0.364874720127516,0.38068588910616
2.70842679000528,0,0.0705842901089498,0.0744263861879442,0.364941944182582,0.380780549587075
2.71467679000528,0,0.0705807817113646,0.0744263861879442,0.365008482064801,0.380874444067674
2.72092679000528,0,0.0705772851063498,0.0744263861879442,0.365074339804706,0.380967578746492
2.72717679000528,0,0.0705738002471821,0.0744263861879442,0.365139523382489,0.381059959771907
2.73342679000528,0,0.0705703270873709,0.0744263861879442,0.365204038728055,0.381151593242545
2.73967679000528,0,0.070566865580659,0.0744263861879442,0.365267891720862,0.38124248520768
2.74592679000528,0,0.070563415681018,0.0744263861879442,0.365331088191168,0.381332641667633
2.75217679000528,0,0.0705599773426466,0.0744263861879442,0.365393633920538,0.381422068574174
2.75842679000528,0,0.0705565505199708,0.0744263861879442,0.365455534641893,0.381510771830907
2.76467679000528,0,0.0705531351676443,0.0744263861879442,0.365516796039358,0.381598757293667
2.77092679000528,0,0.0705497312405445,0.0744263861879442,0.365577423749468,0.381686030770899
2.77717679000528,0,0.0705463386937703,0.0744263861879442,0.365637423361656,0.38177259802405
2.78342679000528,0,0.0705429574826425,0.0744263861879442,0.365696800418304,0.381858464767941
2.78967679000528,0,0.0705395875627045,0.0744263861879442,0.365755560414596,0.381943636671151
2.79592679000528,0,0.0705362288897177,0.0744263861879442,0.365813708799678,0.382028119356386
2.80217679000528,0,0.0705328814196602,0.0744263861879442,0.365871250977142,0.382111918400856
2.80842679000528,0,0.0705295451087265,0.0744263861879442,0.365928192305062,0.382195039336637
2.81467679000528,0,0.0705262199133284,0.0744263861879442,0.365984538095863,0.382277487651039
2.82092679000528,0,0.0705229057900909,0.0744263861879442,0.366040293617438,0.382359268786969
2.82717679000528,0,0.0705196026958502,0.0744263861879442,0.366095464093614,0.38244038814329
2.83342679000528,0,0.0705163105876541,0.0744263861879442,0.366150054704193,0.382520851075177
2.83967679000528,0,0.0705130294227625,0.0744263861879442,0.366204070584821,0.382600662894469
2.84592679000528,0,0.0705097591586432,0.0744263861879442,0.366257516828068,0.382679828870022
2.85217679000528,0,0.0705064997529707,0.0744263861879442,0.366310398483884,0.382758354228057
2.85842679000528,0,0.0705032511636256,0.0744263861879442,0.366362720559632,0.382836244152502
2.86467679000528,0,0.0705000133486961,0.0744263861879442,0.366414488019967,0.382913503785339
2.87092679000528,0,0.0704967862664731,0.0744263861879442,0.366465705787877,0.382990138226937
2.87717679000528,0,0.0704935698754495,0.0744263861879442,0.366516378745124,0.383066152536396
2.88342679000528,0,0.0704903641343194,0.0744263861879442,0.366566511732282,0.383141551731875
2.88967679000528,0,0.0704871690019793,0.0744263861879442,0.366616109548609,0.383216340790926
2.89592679000528,0,0.0704839844375244,0.0744263861879442,0.366665176953067,0.383290524650823
2.90217679000528,0,0.0704808104002463,0.0744263861879442,0.366713718664738,0.383364108208888
2.90842679000528,0,0.0704776468496337,0.0744263861879442,0.366761739362865,0.383437096322811
2.91467679000528,0,0.0704744937453727,0.0744263861879442,0.366809243686732,0.383509493810974
2.92092679000528,0,0.0704713510473433,0.0744263861879442,0.366856236236641,0.38358130545277
2.92717679000528,0,0.0704682187156177,0.0744263861879442,0.366902721574326,0.383652535988915
2.93342679000528,0,0.0704650967104601,0.0744263861879442,0.366948704222985,0.383723190121763
2.93967679000528,0,0.0704619849923279,0.0744263861879442,0.366994188667163,0.383793272515617
2.94592679000528,0,0.0704588835218675,0.0744263861879442,0.367039179353704,0.383862787797034
2.95217679000528,0,0.0704557922599131,0.0744263861879442,0.367083680692147,0.383931740555136
2.95842679000528,0,0.0704527111674867,0.0744263861879442,0.367127697054756,0.384000135341906
2.96467679000528,0,0.0704496402057987,0.0744263861879442,0.36717123277641,0.384067976672495
2.97092679000528,0,0.070446579336244,0.0744263861879442,0.367214292155524,0.384135269025513
2.97717679000528,0,0.0704435285204012,0.0744263861879442,0.367256879454426,0.384202016843333
2.98342679000528,0,0.0704404877200321,0.0744263861879442,0.367298998899394,0.384268224532379
2.98967679000528,0,0.0704374568970825,0.0744263861879442,0.367340654680547,0.384333896463414
2.99592679000528,0,0.0704344360136785,0.0744263861879442,0.367381850952731,0.384399036971838
3.00217679000528,0,0.0704314250321255,0.0744263861879442,0.367422591835893,0.384463650357966
3.00842679000528,0,0.070428423914908,0.0744263861879442,0.36746288141511,0.384527740887313
3.01467679000528,0,0.07042543262469,0.0744263861879442,0.367502723740482,0.384591312790879
3.02092679000528,0,0.0704224511243119,0.0744263861879442,0.367542122827998,0.384654370265427
3.02717679000528,0,0.070419479376789,0.0744263861879442,0.367581082659887,0.384716917473758
3.03342679000528,0,0.0704165173453113,0.0744263861879442,0.367619607184656,0.384778958544988
3.03967679000528,0,0.0704135649932447,0.0744263861879442,0.367657700316979,0.384840497574818
3.04592679000528,0,0.0704106222841269,0.0744263861879442,0.367695365938539,0.38490153862581
3.05217679000528,0,0.0704076891816667,0.0744263861879442,0.367732607898365,0.384962085727649
3.05842679000528,0,0.0704047656497437,0.0744263861879442,0.367769430012871,0.385022142877411
3.06467679000528,0,0.0704018516524087,0.0744263861879442,0.367805836065747,0.385081714039828
3.07092679000528,0,0.070398947153881,0.0744263861879442,0.367841829808774,0.385140803147549
3.07717679000528,0,0.0703960521185467,0.0744263861879442,0.367877414962152,0.385199414101401
3.08342679000528,0,0.0703931665109587,0.0744263861879442,0.367912595214532,0.385257550770644
3.08967679000528,0,0.0703902902958374,0.0744263861879442,0.367947374222919,0.385315216993226
3.09592679000528,0,0.0703874234380675,0.0744263861879442,0.367981755613454,0.385372416576041
3.10217679000528,0,0.0703845659026969,0.0744263861879442,0.368015742981733,0.385429153295176
3.10842679000528,0,0.0703817176549362,0.0744263861879442,0.368049339892839,0.385485430896161
3.11467679000528,0,0.0703788786601599,0.0744263861879442,0.368082549881246,0.385541253094217
3.12092679000528,0,0.0703760488839028,0.0744263861879442,0.368115376451578,0.385596623574503
3.12717679000528,0,0.070373228291859,0.0744263861879442,0.368147823078917,0.385651545992355
3.13342679000528,0,0.0703704168498822,0.0744263861879442,0.368179893208832,0.385706023973531
3.13967679000528,0,0.0703676145239855,0.0744263861879442,0.368211590257289,0.385760061114449
3.14592679000528,0,0.070364821280339,0.0744263861879442,0.368242917611384,0.385813660982424
3.15217679000528,0,0.0703620370852683,0.0744263861879442,0.368273878629639,0.385866827115904
3.15842679000528,0,0.070359261905255,0.0744263861879442,0.368304476642034,0.385919563024704
3.16467679000528,0,0.0703564957069363,0.0744263861879442,0.368334714949917,0.385971872190237
3.17092679000528,0,0.070353738457103,0.0744263861879442,0.368364596826714,0.386023758065744
3.17717679000528,0,0.0703509901226978,0.0744263861879442,0.368394125518215,0.386075224076523
3.18342679000528,0,0.0703482506708156,0.0744263861879442,0.368423304242606,0.386126273620154
3.18967679000528,0,0.0703455200687037,0.0744263861879442,0.368452136190382,0.386176910066722
3.19592679000528,0,0.0703427982837591,0.0744263861879442,0.36848062452503,0.386227136759042
3.20217679000528,0,0.0703400852835276,0.0744263861879442,0.368508772383313,0.38627695701288
3.20842679000528,0,0.0703373810357033,0.0744263861879442,0.368536582875292,0.386326374117168
3.21467679000528,0,0.0703346855081297,0.0744263861879442,0.368564059084251,0.386375391334225
3.22092679000528,0,0.0703319986687963,0.0744263861879442,0.368591204067351,0.386424011899972
3.22717679000528,0,0.0703293204858379,0.0744263861879442,0.368618020855906,0.386472239024144
3.23342679000528,0,0.0703266509275346,0.0744263861879442,0.36864451245541,0.3865200758905
3.23967679000528,0,0.0703239899623121,0.0744263861879442,0.368670681845454,0.38656752565704
3.24592679000528,0,0.0703213375587389,0.0744263861879442,0.368696531980367,0.386614591456206
3.25217679000528,0,0.0703186936855257,0.0744263861879442,0.368722065789483,0.386661276395095
3.25842679000528,0,0.070316058311525,0.0744263861879442,0.36874728617716,0.386707583555657
3.26467679000528,0,0.0703134314057316,0.0744263861879442,0.368772196022708,0.386753515994907
3.27092679000528,0,0.07031081293728,0.0744263861879442,0.368796798181003,0.38679907674512
3.27717679000528,0,0.0703082028754436,0.0744263861879442,0.368821095482749,0.386844268814033
3.28342679000528,0,0.0703056011896342,0.0744263861879442,0.368845090734495,0.386889095185045
3.28967679000528,0,0.070303007849403,0.0744263861879442,0.368868786718564,0.386933558817415
3.29592679000528,0,0.0703004228244377,0.0744263861879442,0.368892186193652,0.386977662646452
3.30217679000528,0,0.0702978460845614,0.0744263861879442,0.368915291895073,0.387021409583714
3.30842679000528,0,0.070295277599733,0.0744263861879442,0.368938106534785,0.387064802517198
3.31467679000528,0,0.0702927173400472,0.0744263861879442,0.368960632801313,0.387107844311533
3.32092679000528,0,0.0702901652757324,0.0744263861879442,0.368982873360335,0.387150537808164
3.32717679000528,0,0.0702876213771493,0.0744263861879442,0.369004830854915,0.387192885825545
3.33342679000528,0,0.0702850856147913,0.0744263861879442,0.369026507905527,0.387234891159322
3.33967679000528,0,0.0702825579592846,0.0744263861879442,0.369047907109988,0.387276556582519
3.34592679000528,0,0.070280038381386,0.0744263861879442,0.369069031044014,0.38731788484572
3.35217679000528,0,0.0702775268519818,0.0744263861879442,0.369089882261455,0.387358878677251
3.35842679000528,0,0.0702750233420879,0.0744263861879442,0.369110463294313,0.38739954078336
3.36467679000528,0,0.07027252782285,0.0744263861879442,0.369130776652678,0.387439873848396
3.37092679000528,0,0.0702700402655416,0.0744263861879442,0.369150824825268,0.387479880534987
3.37717679000528,0,0.0702675606415627,0.0744263861879442,0.369170610279652,0.387519563484213
3.38342679000528,0,0.0702650889224401,0.0744263861879442,0.369190135462274,0.387558925315784
3.38967679000528,0,0.0702626250798275,0.0744263861879442,0.369209402798384,0.38759796862821
3.39592679000528,0,0.0702601690855033,0.0744263861879442,0.369228414692563,0.387636695998973
3.40217679000528,0,0.0702577209113699,0.0744263861879442,0.369247173528944,0.3876751099847
3.40842679000528,0,0.0702552805294536,0.0744263861879442,0.369265681671224,0.387713213121327
3.41467679000528,0,0.0702528479119047,0.0744263861879442,0.36928394146261,0.387751007924271
3.42092679000528,0,0.0702504230309955,0.0744263861879442,0.369301955226318,0.387788496888593
3.42717679000528,0,0.0702480058591195,0.0744263861879442,0.369319725265787,0.387825682489163
3.43342679000528,0,0.0702455963687914,0.0744263861879442,0.369337253864699,0.387862567180827
3.43967679000528,0,0.070243194532647,0.0744263861879442,0.369354543286914,0.387899153398564
3.44592679000528,0,0.0702408003234418,0.0744263861879442,0.369371595776965,0.387935443557648
3.45217679000528,0,0.0702384137140493,0.0744263861879442,0.369388413560257,0.387971440053812
3.45842679000528,0,0.0702360346774619,0.0744263861879442,0.369404998843088,0.388007145263397
3.46467679000528,0,0.0702336631867903,0.0744263861879442,0.36942135381259,0.388042561543521
3.47092679000528,0,0.0702312992152621,0.0744263861879442,0.369437480637203,0.388077691232223
3.47717679000528,0,0.0702289427362208,0.0744263861879442,0.369453381466869,0.388112536648624
3.48342679000528,0,0.0702265937231255,0.0744263861879442,0.369469058433055,0.388147100093079
3.48967679000528,0,0.0702242521495515,0.0744263861879442,0.369484513648692,0.388181383847328
3.49592679000528,0,0.0702219179891884,0.0744263861879442,0.369499749208633,0.388215390174647
3.50217679000528,0,0.0702195912158388,0.0744263861879442,0.369514767189847,0.388249121319997
3.50842679000528,0,0.0702172718034187,0.0744263861879442,0.369529569651435,0.388282579510173
3.51467679000528,0,0.0702149597259579,0.0744263861879442,0.369544158634572,0.38831576695395
3.52092679000528,0,0.0702126549575973,0.0744263861879442,0.369558536162955,0.388348685842231
3.52717679000528,0,0.0702103574725892,0.0744263861879442,0.369572704242983,0.388381338348188
3.53342679000528,0,0.0702080672452964,0.0744263861879442,0.369586664863776,0.388413726627409
3.53967679000528,0,0.0702057842501927,0.0744263861879442,0.369600419997123,0.388445852818039
3.54592679000528,0,0.0702035084618613,0.0744263861879442,0.369613971597908,0.388477719040918
3.55217679000528,0,0.0702012398549937,0.0744263861879442,0.369627321604289,0.388509327399728
3.55842679000528,0,0.0701989784043899,0.0744263861879442,0.369640471937716,0.388540679981125
3.56467679000527,0,0.0701967240849585,0.0744263861879442,0.369653424502878,0.388571778854882
3.57092679000528,0,0.0701944768717149,0.0744263861879442,0.369666181188117,0.388602626074021
3.57717679000528,0,0.0701922367397806,0.0744263861879442,0.369678743865602,0.388633223674951
3.58342679000528,0,0.0701900036643832,0.0744263861879442,0.369691114391347,0.388663573677604
3.58967679000528,0,0.0701877776208565,0.0744263861879442,0.369703294605153,0.388693678085565
3.59592679000527,0,0.0701855585846389,0.0744263861879442,0.369715286331019,0.388723538886206
3.60217679000528,0,0.0701833465312726,0.0744263861879442,0.369727091377303,0.388753158050817
3.60842679000528,0,0.0701811414364036,0.0744263861879442,0.369738711536738,0.388782537534738
3.61467679000527,0,0.0701789432757817,0.0744263861879442,0.369750148586387,0.388811679277483
3.62092679000527,0,0.0701767520252592,0.0744263861879442,0.369761404288025,0.388840585202873
3.62717679000527,0,0.07017456766079,0.0744263861879442,0.369772480388307,0.388869257219162
3.63342679000528,0,0.0701723901584293,0.0744263861879442,0.369783378618779,0.388897697219162
3.63967679000528,0,0.0701702194943342,0.0744263861879442,0.36979410069583,0.388925907080366
3.64592679000527,0,0.070168055644762,0.0744263861879442,0.369804648321073,0.388953888665077
3.65217679000527,0,0.0701658985860692,0.0744263861879442,0.369815023181496,0.388981643820527
3.65842679000527,0,0.0701637482947117,0.0744263861879442,0.369825226949478,0.389009174379
3.66467679000527,0,0.0701616047472452,0.0744263861879442,0.369835261282742,0.389036482157952
3.67092679000527,0,0.0701594679203231,0.0744263861879442,0.369845127824723,0.389063568960135
3.67717679000527,0,0.0701573377906962,0.0744263861879442,0.369854828204715,0.389090436573709
3.68342679000527,0,0.0701552143352125,0.0744263861879442,0.369864364037886,0.389117086772367
3.68967679000527,0,0.0701530975308176,0.0744263861879442,0.369873736925232,0.389143521315447
3.69592679000527,0,0.0701509873545528,0.0744263861879442,0.369882948453933,0.389169741948054
3.70217679000527,0,0.0701488837835548,0.0744263861879442,0.369892000197497,0.389195750401167
3.70842679000527,0,0.0701467867950554,0.0744263861879442,0.369900893715771,0.38922154839176
3.71467679000527,0,0.0701446963663816,0.0744263861879442,0.3699096305549,0.389247137622914
3.72092679000527,0,0.0701426124749547,0.0744263861879442,0.369918212247671,0.389272519783926
3.72717679000527,0,0.0701405350982889,0.0744263861879442,0.369926640313648,0.389297696550425
3.73342679000527,0,0.0701384642139916,0.0744263861879442,0.369934916259188,0.38932266958448
3.73967679000527,0,0.0701363997997636,0.0744263861879442,0.369943041577401,0.38934744053471
3.74592679000527,0,0.0701343418333978,0.0744263861879442,0.369951017748477,0.389372011036395
3.75217679000527,0,0.070132290292778,0.0744263861879442,0.369958846239824,0.38939638271158
3.75842679000527,0,0.0701302451558794,0.0744263861879442,0.369966528506079,0.389420557169185
3.76467679000527,0,0.0701282064007688,0.0744263861879442,0.369974065989069,0.389444536005112
3.77092679000527,0,0.0701261740056026,0.0744263861879442,0.36998146011813,0.389468320802347
3.77717679000527,0,0.0701241479486269,0.0744263861879442,0.369988712310239,0.389491913131066
3.78342679000527,0,0.0701221282081768,0.0744263861879442,0.369995823970026,0.38951531454874
3.78967679000527,0,0.0701201147626771,0.0744263861879442,0.370002796489732,0.389538526600238
3.79592679000527,0,0.0701181075906407,0.0744263861879442,0.370009631249525,0.389561550817926
3.80217679000527,0,0.070116106670668,0.0744263861879442,0.37001632961762,0.38958438872177
3.80842679000527,0,0.0701141119814467,0.0744263861879442,0.370022892950293,0.389607041819437
3.81467679000527,0,0.0701121235017522,0.0744263861879442,0.370029322591845,0.389629511606393
3.82092679000527,0,0.0701101412104463,0.0744263861879442,0.370035619874902,0.389651799566005
3.82717679000527,0,0.0701081650864764,0.0744263861879442,0.370041786120533,0.389673907169633
3.83342679000527,0,0.0701061951088754,0.0744263861879442,0.370047822638264,0.389695835876733
3.83967679000527,0,0.0701042312567623,0.0744263861879442,0.370053730726044,0.389717587134949
3.84592679000527,0,0.0701022735093404,0.0744263861879442,0.37005951167053,0.389739162380214
3.85217679000527,0,0.0701003218458969,0.0744263861879442,0.37006516674721,0.389760563036838
3.85842679000527,0,0.070098376245803,0.0744263861879442,0.370070697220408,0.389781790517607
3.86467679000527,0,0.0700964366885138,0.0744263861879442,0.370076104343257,0.389802846223873
3.87092679000527,0,0.0700945031535674,0.0744263861879442,0.370081389357973,0.38982373154565
3.87717679000527,0,0.0700925756205837,0.0744263861879442,0.370086553495969,0.389844447861703
3.88342679000527,0,0.0700906540692652,0.0744263861879442,0.370091597977871,0.38986499653964
3.88967679000527,0,0.0700887384793964,0.0744263861879442,0.37009652401348,0.389885378936002
3.89592679000527,0,0.070086828830843,0.0744263861879442,0.370101332802042,0.389905596396354
3.90217679000527,0,0.0700849251035512,0.0744263861879442,0.370106025532363,0.389925650255372
3.90842679000527,0,0.0700830272775476,0.0744263861879442,0.370110603382815,0.389945541836929
3.91467679000527,0,0.0700811353329397,0.0744263861879442,0.370115067521308,0.389965272454189
3.92092679000527,0,0.0700792492499139,0.0744263861879442,0.370119419105545,0.389984843409689
3.92717679000527,0,0.0700773690087361,0.0744263861879442,0.370123659283137,0.390004255995423
3.93342679000527,0,0.0700754945897506,0.0744263861879442,0.370127789191606,0.390023511492933
3.93967679000527,0,0.0700736259733809,0.0744263861879442,0.370131809958359,0.390042611173391
3.94592679000527,0,0.0700717631401282,0.0744263861879442,0.370135722700938,0.390061556297679
3.95217679000527,0,0.070069906070571,0.0744263861879442,0.370139528527125,0.390080348116479
3.95842679000527,0,0.0700680547453651,0.0744263861879442,0.37014322853495,0.390098987870351
3.96467679000527,0,0.0700662091452438,0.0744263861879442,0.370146823812663,0.390117476789818
3.97092679000527,0,0.0700643692510165,0.0744263861879442,0.370150315438976,0.390135816095444
3.97717679000527,0,0.0700625350435682,0.0744263861879442,0.370153704483166,0.390154006997916
3.98342679000527,0,0.0700607065038598,0.0744263861879442,0.370156992005085,0.390172050698124
3.98967679000527,0,0.0700588836129281,0.0744263861879442,0.370160179055124,0.390189948387241
3.99592679000527,0,0.0700570663518843,0.0744263861879442,0.37016326667446,0.390207701246801
4.00217679000527,0,0.0700552547019142,0.0744263861879442,0.370166255895143,0.390225310448776
4.00842679000527,0,0.0700534486442774,0.0744263861879442,0.370169147740113,0.390242777155656
4.01467679000527,0,0.0700516481603082,0.0744263861879442,0.370171943223166,0.390260102520521
4.02092679000527,0,0.0700498532314138,0.0744263861879442,0.370174643349187,0.390277287687124
4.02717679000527,0,0.0700480638390743,0.0744263861879442,0.370177249114239,0.39029433378996
4.03342679000527,0,0.0700462799648424,0.0744263861879442,0.370179761505579,0.390311241954344
4.03967679000527,0,0.0700445015903437,0.0744263861879442,0.370182181501624,0.390328013296485
4.04592679000528,0,0.0700427286972757,0.0744263861879442,0.370184510072174,0.39034464892356
4.05217679000527,0,0.0700409612674069,0.0744263861879442,0.370186748178504,0.390361149933788
4.05842679000527,0,0.0700391992825772,0.0744263861879442,0.370188896773374,0.390377517416497
4.06467679000527,0,0.070037442724698,0.0744263861879442,0.370190956800998,0.390393752452203
4.07092679000528,0,0.0700356915757509,0.0744263861879442,0.370192929197263,0.390409856112679
4.07717679000528,0,0.0700339458177874,0.0744263861879442,0.370194814889811,0.390425829461024
4.08342679000527,0,0.070032205432929,0.0744263861879442,0.370196614798054,0.390441673551734
4.08967679000528,0,0.070030470403367,0.0744263861879442,0.370198329833144,0.390457389430772
4.09592679000528,0,0.0700287407113617,0.0744263861879442,0.37019996089818,0.390472978135637
4.10217679000528,0,0.070027016339242,0.0744263861879442,0.370201508888295,0.390488440695434
4.10842679000528,0,0.0700252972694051,0.0744263861879442,0.370202974690664,0.390503778130938
4.11467679000528,0,0.0700235834843171,0.0744263861879442,0.370204359184476,0.390518991454665
4.12092679000528,0,0.0700218749665115,0.0744263861879442,0.370205663241139,0.390534081670939
4.12717679000528,0,0.0700201716985891,0.0744263861879442,0.370206887724356,0.390549049775954
4.13342679000528,0,0.0700184736632175,0.0744263861879442,0.37020803349014,0.390563896757844
4.13967679000528,0,0.0700167808431321,0.0744263861879442,0.370209101386786,0.390578623596749
4.14592679000528,0,0.0700150932211343,0.0744263861879442,0.370210092255062,0.390593231264875
4.15217679000528,0,0.0700134107800913,0.0744263861879442,0.370211006928295,0.390607720726561
4.15842679000528,0,0.0700117335029363,0.0744263861879442,0.370211846232374,0.390622092938343
4.16467679000528,0,0.0700100613726683,0.0744263861879442,0.370212610985726,0.390636348849018
4.17092679000528,0,0.0700083943723516,0.0744263861879442,0.370213301999508,0.390650489399703
4.17717679000528,0,0.0700067324851148,0.0744263861879442,0.370213920077679,0.390664515523901
4.18342679000528,0,0.0700050756941512,0.0744263861879442,0.370214466017011,0.39067842814756
4.18967679000528,0,0.0700034239827187,0.0744263861879442,0.370214940607062,0.390692228189136
4.19592679000528,0,0.070001777334139,0.0744263861879442,0.370215344630363,0.390705916559653
4.20217679000528,0,0.0700001357317973,0.0744263861879442,0.370215678862489,0.39071949416276
4.20842679000528,0,0.0699984991591419,0.0744263861879442,0.370215944072064,0.390732961894799
4.21467679000528,0,0.0699968675996846,0.0744263861879442,0.370216141020744,0.390746320644853
4.22092679000528,0,0.0699952410369999,0.0744263861879442,0.370216270463389,0.390759571294814
4.22717679000528,0,0.0699936194547242,0.0744263861879442,0.370216333148136,0.390772714719437
4.23342679000528,0,0.0699920028365561,0.0744263861879442,0.370216329816406,0.390785751786399
4.23967679000528,0,0.0699903911662566,0.0744263861879442,0.370216261202881,0.390798683356353
4.24592679000528,0,0.0699887844276477,0.0744263861879442,0.370216128035678,0.39081151028299
4.25217679000528,0,0.0699871826046127,0.0744263861879442,0.370215931036413,0.390824233413093
4.25842679000528,0,0.0699855856810955,0.0744263861879442,0.370215670920211,0.390836853586592
4.26467679000528,0,0.0699839936411014,0.0744263861879442,0.370215348395685,0.390849371636619
4.27092679000528,0,0.0699824064686956,0.0744263861879442,0.370214964165101,0.390861788389566
4.27717679000528,0,0.0699808241480032,0.0744263861879442,0.370214518924442,0.390874104665138
4.28342679000528,0,0.069979246663209,0.0744263861879442,0.370214013363418,0.390886321276405
4.28967679000528,0,0.0699776739985579,0.0744263861879442,0.370213448165444,0.39089843902986
4.29592679000528,0,0.0699761061383536,0.0744263861879442,0.3702128240078,0.390910458725467
4.30217679000528,0,0.0699745430669585,0.0744263861879442,0.370212141561695,0.390922381156719
4.30842679000528,0,0.0699729847687939,0.0744263861879442,0.370211401492274,0.390934207110686
4.31467679000528,0,0.0699714312283395,0.0744263861879442,0.370210604458597,0.390945937368071
4.32092679000528,0,0.0699698824301332,0.0744263861879442,0.370209751113797,0.390957572703259
4.32717679000528,0,0.0699683383587703,0.0744263861879442,0.370208842105137,0.390969113884368
4.33342679000528,0,0.0699667989989037,0.0744263861879442,0.370207878074019,0.390980561673299
4.33967679000528,0,0.0699652643352442,0.0744263861879442,0.370206859655968,0.39099191682579
4.34592679000528,0,0.0699637343525589,0.0744263861879442,0.370205787480774,0.391003180091463
4.35217679000528,0,0.069962209035672,0.0744263861879442,0.37020466217256,0.391014352213874
4.35842679000528,0,0.0699606883694637,0.0744263861879442,0.370203484349783,0.39102543393056
4.36467679000528,0,0.0699591723388711,0.0744263861879442,0.370202254625216,0.391036425973093
4.37092679000528,0,0.069957660928887,0.0744263861879442,0.370200973606096,0.391047329067123
4.37717679000528,0,0.0699561541245594,0.0744263861879442,0.370199641894177,0.391058143932429
4.38342679000528,0,0.0699546519109922,0.0744263861879442,0.37019826008574,0.391068871282964
4.38967679000528,0,0.0699531542733444,0.0744263861879442,0.370196828771574,0.391079511826905
4.39592679000528,0,0.06995166119683,0.0744263861879442,0.370195348537115,0.391090066266699
4.40217679000528,0,0.0699501726667174,0.0744263861879442,0.370193819962503,0.391100535299106
4.40842679000528,0,0.0699486886683293,0.0744263861879442,0.370192243622586,0.391110919615252
4.41467679000528,0,0.0699472091870429,0.0744263861879442,0.370190620086907,0.391121219900665
4.42092679000528,0,0.0699457342082893,0.0744263861879442,0.370188949919833,0.391131436835331
4.42717679000528,0,0.069944263717553,0.0744263861879442,0.370187233680615,0.391141571093729
4.43342679000528,0,0.0699427977003717,0.0744263861879442,0.37018547192339,0.391151623344884
4.43967679000528,0,0.0699413361423368,0.0744263861879442,0.370183665197167,0.391161594252404
4.44592679000528,0,0.0699398790290925,0.0744263861879442,0.370181814045955,0.391171484474529
4.45217679000528,0,0.0699384263463352,0.0744263861879442,0.370179919008817,0.391181294664171
4.45842679000528,0,0.069936978079814,0.0744263861879442,0.370177980619875,0.39119102546896
4.46467679000528,0,0.0699355342153303,0.0744263861879442,0.370175999408294,0.391200677531285
4.47092679000528,0,0.0699340947387376,0.0744263861879442,0.37017397589841,0.391210251488336
4.47717679000528,0,0.0699326596359406,0.0744263861879442,0.370171910609777,0.391219747972146
4.48342679000528,0,0.0699312288928956,0.0744263861879442,0.370169804057175,0.391229167609637
4.48967679000528,0,0.0699298024956104,0.0744263861879442,0.370167656750595,0.391238511022655
4.49592679000528,0,0.0699283804301438,0.0744263861879442,0.37016546919536,0.391247778828013
4.50217679000528,0,0.0699269626826051,0.0744263861879442,0.370163241892173,0.391256971637537
4.50842679000528,0,0.069925549239154,0.0744263861879442,0.370160975337124,0.391266090058097
4.51467679000528,0,0.0699241400860011,0.0744263861879442,0.370158670021675,0.391275134691656
4.52092679000528,0,0.0699227352094068,0.0744263861879442,0.370156326432776,0.391284106135304
4.52717679000528,0,0.0699213345956811,0.0744263861879442,0.370153945052914,0.391293004981299
4.53342679000528,0,0.0699199382311838,0.0744263861879442,0.370151526360121,0.391301831817109
4.53967679000528,0,0.0699185461023242,0.0744263861879442,0.370149070827951,0.391310587225444
4.54592679000528,0,0.0699171581955608,0.0744263861879442,0.370146578925604,0.391319271784303
4.55217679000528,0,0.069915774497401,0.0744263861879442,0.370144051117966,0.391327886067004
4.55842679000528,0,0.0699143949944006,0.0744263861879442,0.370141487865615,0.391336430642229
4.56467679000528,0,0.0699130196731645,0.0744263861879442,0.370138889624807,0.391344906074055
4.57092679000528,0,0.0699116485203458,0.0744263861879442,0.370136256847588,0.391353312921997
4.57717679000528,0,0.0699102815226452,0.0744263861879442,0.370133589981835,0.391361651741041
4.58342679000528,0,0.0699089186668116,0.0744263861879442,0.370130889471265,0.391369923081683
4.58967679000528,0,0.0699075599396417,0.0744263861879442,0.370128155755418,0.391378127489962
4.59592679000528,0,0.0699062053279797,0.0744263861879442,0.370125389269766,0.391386265507502
4.60217679000528,0,0.0699048548187165,0.0744263861879442,0.370122590445753,0.391394337671542
4.60842679000528,0,0.0699035083987903,0.0744263861879442,0.370119759710803,0.391402344514973
4.61467679000528,0,0.0699021660551864,0.0744263861879442,0.370116897488305,0.391410286566376
4.62092679000528,0,0.0699008277749365,0.0744263861879442,0.370114004197717,0.391418164350052
4.62717679000528,0,0.0698994935451185,0.0744263861879442,0.370111080254606,0.391425978386061
4.63342679000528,0,0.0698981633528567,0.0744263861879442,0.370108126070656,0.391433729190255
4.63967679000528,0,0.0698968371853215,0.0744263861879442,0.370105142053649,0.39144141727431
4.64592679000528,0,0.0698955150297289,0.0744263861879442,0.370102128607572,0.391449043145763
4.65217679000528,0,0.0698941968733406,0.0744263861879442,0.370099086132652,0.391456607308044
4.65842679000528,0,0.0698928827034633,0.0744263861879442,0.370096015025363,0.391464110260508
4.66467679000528,0,0.0698915725074495,0.0744263861879442,0.370092915678412,0.391471552498469
4.67092679000528,0,0.0698902662726963,0.0744263861879442,0.370089788480838,0.391478934513236
4.67717679000528,0,0.0698889639866458,0.0744263861879442,0.370086633818047,0.391486256792138
4.68342679000528,0,0.0698876656367843,0.0744263861879442,0.370083452071821,0.391493519818563
4.68967679000528,0,0.069886371210643,0.0744263861879442,0.3700802436203,0.391500724071986
4.69592679000528,0,0.0698850806957971,0.0744263861879442,0.370077008838082,0.391507870028005
4.70217679000528,0,0.0698837940798656,0.0744263861879442,0.370073748096256,0.391514958158366
4.70842679000528,0,0.0698825113505115,0.0744263861879442,0.370070461762407,0.391521988930999
4.71467679000528,0,0.0698812324954415,0.0744263861879442,0.370067150200605,0.391528962810048
4.72092679000528,0,0.0698799575024058,0.0744263861879442,0.370063813771497,0.3915358802559
4.72717679000528,0,0.0698786863591975,0.0744263861879442,0.37006045283234,0.391542741725216
4.73342679000528,0,0.069877419053653,0.0744263861879442,0.370057067737005,0.391549547670965
4.73967679000528,0,0.0698761555736516,0.0744263861879442,0.37005365883597,0.391556298542446
4.74592679000529,0,0.0698748959071154,0.0744263861879442,0.370050226476403,0.391562994785326
4.75217679000528,0,0.0698736400420086,0.0744263861879442,0.370046771002199,0.391569636841663
4.75842679000528,0,0.0698723879663379,0.0744263861879442,0.370043292753983,0.39157622514994
4.76467679000528,0,0.0698711396681524,0.0744263861879442,0.3700397920691,0.39158276014509
4.77092679000529,0,0.069869895135543,0.0744263861879442,0.370036269281699,0.391589242258528
4.77717679000529,0,0.0698686543566422,0.0744263861879442,0.370032724722769,0.391595671918175
4.78342679000528,0,0.0698674173196242,0.0744263861879442,0.370029158720137,0.391602049548494
4.78967679000529,0,0.0698661840127047,0.0744263861879442,0.370025571598463,0.391608375570508
4.79592679000529,0,0.0698649544241407,0.0744263861879442,0.370021963679322,0.391614650401838
4.80217679000529,0,0.0698637285422301,0.0744263861879442,0.370018335281232,0.391620874456722
4.80842679000529,0,0.0698625063553116,0.0744263861879442,0.370014686719661,0.391627048146047
4.81467679000529,0,0.0698612878517649,0.0744263861879442,0.370011018307017,0.391633171877375
4.82092679000529,0,0.0698600730200101,0.0744263861879442,0.370007330352725,0.391639246054971
4.82717679000529,0,0.0698588618485077,0.0744263861879442,0.370003623163261,0.391645271079827
4.83342679000529,0,0.0698576543257582,0.0744263861879442,0.369999897042153,0.391651247349692
4.83967679000529,0,0.0698564504403025,0.0744263861879442,0.369996152289975,0.391657175259095
4.84592679000529,0,0.0698552501807211,0.0744263861879442,0.369992389204418,0.391663055199372
4.85217679000529,0,0.0698540535356343,0.0744263861879442,0.369988608080326,0.391668887558694
4.85842679000529,0,0.0698528604937015,0.0744263861879442,0.369984809209696,0.391674672722089
4.86467679000529,0,0.0698516710436223,0.0744263861879442,0.369980992881669,0.391680411071472
4.87092679000529,0,0.0698504851741348,0.0744263861879442,0.369977159382605,0.391686102985664
4.87717679000529,0,0.0698493028740162,0.0744263861879442,0.369973308996112,0.391691748840423
4.88342679000529,0,0.0698481241320828,0.0744263861879442,0.369969442003049,0.391697349008465
4.88967679000529,0,0.0698469489371895,0.0744263861879442,0.369965558681516,0.391702903859492
4.89592679000529,0,0.0698457772782297,0.0744263861879442,0.36996165930693,0.391708413760213
4.90217679000529,0,0.0698446091441352,0.0744263861879442,0.369957744152046,0.391713879074368
4.90842679000529,0,0.0698434445238758,0.0744263861879442,0.369953813486966,0.391719300162756
4.91467679000529,0,0.0698422834064596,0.0744263861879442,0.36994986757913,0.391724677383256
4.92092679000529,0,0.0698411257809328,0.0744263861879442,0.369945906693381,0.391730011090849
4.92717679000529,0,0.0698399716363788,0.0744263861879442,0.369941931091997,0.391735301637647
4.93342679000529,0,0.0698388209619187,0.0744263861879442,0.369937941034691,0.391740549372909
4.93967679000529,0,0.0698376737467115,0.0744263861879442,0.369933936778604,0.39174575464307
4.94592679000529,0,0.0698365299799529,0.0744263861879442,0.369929918578372,0.391750917791762
4.95217679000529,0,0.069835389650876,0.0744263861879442,0.369925886686152,0.391756039159834
4.95842679000529,0,0.0698342527487506,0.0744263861879442,0.369921841351625,0.391761119085378
4.96467679000529,0,0.0698331192628837,0.0744263861879442,0.369917782821988,0.391766157903752
4.97092679000529,0,0.0698319891826187,0.0744263861879442,0.369913711342018,0.391771155947597
4.97717679000529,0,0.0698308624973354,0.0744263861879442,0.3699096271541,0.391776113546865
4.98342679000529,0,0.06982973919645,0.0744263861879442,0.369905530498227,0.391781031028835
4.98967679000529,0,0.0698286192694152,0.0744263861879442,0.369901421611992,0.391785908718142
4.99592679000529,0,0.0698275027057194,0.0744263861879442,0.369897300730654,0.391790746936789
5.00217679000529,0,0.069826389494887,0.0744263861879442,0.369893168087159,0.391795546004177
5.00842679000529,0,0.0698252796264782,0.0744263861879442,0.369889023912146,0.391800306237122
5.01467679000529,0,0.0698241730900886,0.0744263861879442,0.369884868433937,0.391805027949873
5.02092679000529,0,0.0698230698753497,0.0744263861879442,0.369880701878596,0.391809711454141
5.02717679000529,0,0.069821969971928,0.0744263861879442,0.369876524469959,0.391814357059111
5.03342679000529,0,0.0698208733695249,0.0744263861879442,0.36987233642963,0.391818965071468
5.03967679000529,0,0.0698197800578774,0.0744263861879442,0.369868137976978,0.391823535795413
5.04592679000529,0,0.0698186900267572,0.0744263861879442,0.369863929329193,0.391828069532688
5.05217679000529,0,0.0698176032659705,0.0744263861879442,0.36985971070131,0.391832566582592
5.05842679000529,0,0.0698165197653581,0.0744263861879442,0.369855482306213,0.391837027242002
5.06467679000529,0,0.0698154395147958,0.0744263861879442,0.369851244354627,0.391841451805393
5.07092679000529,0,0.0698143625041931,0.0744263861879442,0.36984699705517,0.391845840564857
5.07717679000529,0,0.069813288723494,0.0744263861879442,0.369842740614385,0.391850193810123
5.08342679000529,0,0.0698122181626764,0.0744263861879442,0.369838475236733,0.391854511828573
5.08967679000529,0,0.0698111508117521,0.0744263861879442,0.369834201124592,0.391858794905266
5.09592679000529,0,0.069810086660767,0.0744263861879442,0.369829918478309,0.391863043322954
5.10217679000529,0,0.0698090256998001,0.0744263861879442,0.369825627496224,0.3918672573621
5.10842679000529,0,0.0698079679189641,0.0744263861879442,0.369821328374669,0.391871437300899
5.11467679000529,0,0.0698069133084053,0.0744263861879442,0.369817021307964,0.391875583415292
5.12092679000529,0,0.0698058618583031,0.0744263861879442,0.369812706488468,0.39187969597899
5.12717679000529,0,0.0698048135588698,0.0744263861879442,0.369808384106603,0.391883775263489
5.13342679000529,0,0.0698037684003507,0.0744263861879442,0.369804054350854,0.391887821538084
5.13967679000529,0,0.0698027263730241,0.0744263861879442,0.369799717407761,0.391891835069897
5.14592679000529,0,0.0698016874672011,0.0744263861879442,0.369795373461973,0.391895816123883
5.15217679000529,0,0.0698006516732249,0.0744263861879442,0.369791022696268,0.391899764962857
5.15842679000529,0,0.0697996189814715,0.0744263861879442,0.369786665291553,0.391903681847503
5.16467679000529,0,0.0697985893823492,0.0744263861879442,0.369782301426862,0.391907567036401
5.17092679000529,0,0.0697975628662984,0.0744263861879442,0.369777931279399,0.391911420786034
5.17717679000529,0,0.0697965394237915,0.0744263861879442,0.369773555024564,0.391915243350811
5.18342679000529,0,0.0697955190453328,0.0744263861879442,0.369769172835952,0.391919034983082
5.18967679000529,0,0.0697945017214585,0.0744263861879442,0.369764784885345,0.391922795933157
5.19592679000529,0,0.0697934874427365,0.0744263861879442,0.369760391342766,0.391926526449318
5.20217679000529,0,0.0697924761997662,0.0744263861879442,0.36975599237649,0.391930226777838
5.20842679000529,0,0.0697914679831782,0.0744263861879442,0.369751588153055,0.391933897162998
5.21467679000529,0,0.0697904627836347,0.0744263861879442,0.369747178837246,0.391937537847103
5.22092679000529,0,0.0697894605918291,0.0744263861879442,0.369742764592151,0.391941149070496
5.22717679000529,0,0.0697884613984855,0.0744263861879442,0.369738345579172,0.391944731071575
5.23342679000529,0,0.0697874651943592,0.0744263861879442,0.369733921958031,0.39194828408681
5.23967679000529,0,0.0697864719702362,0.0744263861879442,0.369729493886764,0.391951808350756
5.24592679000529,0,0.0697854817169333,0.0744263861879442,0.369725061521763,0.391955304096072
5.25217679000529,0,0.0697844944252977,0.0744263861879442,0.369720625017796,0.391958771553532
5.25842679000529,0,0.0697835100862071,0.0744263861879442,0.369716184528011,0.391962210952044
5.26467679000529,0,0.0697825286905696,0.0744263861879442,0.369711740203926,0.391965622518663
5.27092679000529,0,0.0697815502293235,0.0744263861879442,0.369707292195473,0.391969006478607
5.27717679000529,0,0.0697805746934371,0.0744263861879442,0.369702840651018,0.391972363055272
5.28342679000529,0,0.0697796020739085,0.0744263861879442,0.369698385717362,0.391975692470246
5.28967679000529,0,0.0697786323617661,0.0744263861879442,0.369693927539734,0.391978994943322
5.29592679000529,0,0.0697776655480677,0.0744263861879442,0.369689466261833,0.391982270692518
5.30217679000529,0,0.0697767016239008,0.0744263861879442,0.369685002025846,0.391985519934084
5.30842679000529,0,0.0697757405803824,0.0744263861879442,0.369680534972449,0.391988742882523
5.31467679000529,0,0.0697747824086589,0.0744263861879442,0.369676065240803,0.391991939750601
5.32092679000529,0,0.069773827099906,0.0744263861879442,0.369671592968591,0.391995110749363
5.32717679000529,0,0.0697728746453286,0.0744263861879442,0.369667118292038,0.391998256088144
5.33342679000529,0,0.0697719250361604,0.0744263861879442,0.369662641345912,0.392001375974588
5.33967679000529,0,0.0697709782636644,0.0744263861879442,0.369658162263515,0.392004470614656
5.34592679000529,0,0.0697700343191322,0.0744263861879442,0.369653681176728,0.392007540212645
5.35217679000529,0,0.0697690931938842,0.0744263861879442,0.369649198216022,0.392010584971198
5.35842679000529,0,0.0697681548792693,0.0744263861879442,0.369644713510462,0.392013605091316
5.36467679000529,0,0.0697672193666649,0.0744263861879442,0.369640227187702,0.392016600772377
5.37092679000529,0,0.0697662866474771,0.0744263861879442,0.36963573937402,0.392019572212143
5.37717679000529,0,0.0697653567131398,0.0744263861879442,0.369631250194339,0.392022519606776
5.38342679000529,0,0.0697644295551152,0.0744263861879442,0.369626759772221,0.392025443150852
5.38967679000529,0,0.0697635051648939,0.0744263861879442,0.369622268229868,0.392028343037371
5.39592679000529,0,0.0697625835339941,0.0744263861879442,0.369617775688157,0.392031219457772
5.40217679000529,0,0.0697616646539618,0.0744263861879442,0.369613282266653,0.392034072601946
5.40842679000529,0,0.0697607485163711,0.0744263861879442,0.369608788083613,0.392036902658244
5.41467679000529,0,0.0697598351128233,0.0744263861879442,0.369604293255979,0.392039709813497
5.42092679000529,0,0.0697589244349476,0.0744263861879442,0.369599797899415,0.39204249425302
5.42717679000529,0,0.0697580164744004,0.0744263861879442,0.36959530212832,0.392045256160633
5.43342679000529,0,0.0697571112228654,0.0744263861879442,0.36959080605583,0.392047995718664
5.43967679000529,0,0.0697562086720536,0.0744263861879442,0.369586309793815,0.392050713107969
5.4459267900053,0,0.0697553088137032,0.0744263861879442,0.369581813452911,0.392053408507938
5.45217679000529,0,0.0697544116395793,0.0744263861879442,0.369577317142532,0.392056082096511
5.45842679000529,0,0.0697535171414737,0.0744263861879442,0.369572820970877,0.392058734050188
5.46467679000529,0,0.0697526253112054,0.0744263861879442,0.369568325044921,0.39206136454404
5.4709267900053,0,0.0697517361406199,0.0744263861879442,0.369563829470449,0.392063973751721
5.4771767900053,0,0.0697508496215892,0.0744263861879442,0.36955933435207,0.392066561845482
5.48342679000529,0,0.069749965746012,0.0744263861879442,0.369554839793218,0.392069128996177
5.4896767900053,0,0.0697490845058133,0.0744263861879442,0.369550345896148,0.392071675373279
5.4959267900053,0,0.0697482058929444,0.0744263861879442,0.369545852761967,0.392074201144891
5.5021767900053,0,0.0697473298993828,0.0744263861879442,0.369541360490649,0.392076706477754
5.5084267900053,0,0.0697464565171321,0.0744263861879442,0.369536869181031,0.392079191537259
5.5146767900053,0,0.069745585738222,0.0744263861879442,0.369532378930817,0.39208165648746
5.5209267900053,0,0.0697447175547079,0.0744263861879442,0.369527889836603,0.392084101491083
5.5271767900053,0,0.0697438519586713,0.0744263861879442,0.369523401993889,0.392086526709538
5.5334267900053,0,0.0697429889422191,0.0744263861879442,0.369518915497086,0.392088932302928
5.5396767900053,0,0.069742128497484,0.0744263861879442,0.369514430439503,0.392091318430061
5.5459267900053,0,0.0697412706166243,0.0744263861879442,0.369509946913388,0.392093685248458
5.5521767900053,0,0.0697404152918236,0.0744263861879442,0.369505465009928,0.392096032914369
5.5584267900053,0,0.0697395625152906,0.0744263861879442,0.369500984819261,0.392098361582775
5.5646767900053,0,0.0697387122792598,0.0744263861879442,0.369496506430464,0.392100671407408
5.5709267900053,0,0.0697378645759905,0.0744263861879442,0.369492029931587,0.392102962540751
5.5771767900053,0,0.0697370193977669,0.0744263861879442,0.369487555409662,0.392105235134057
5.5834267900053,0,0.0697361767368984,0.0744263861879442,0.369483082950705,0.392107489337353
5.5896767900053,0,0.0697353365857193,0.0744263861879442,0.369478612639712,0.392109725299452
5.5959267900053,0,0.0697344989365886,0.0744263861879442,0.369474144560688,0.392111943167964
5.6021767900053,0,0.0697336637818898,0.0744263861879442,0.369469678796656,0.392114143089303
5.6084267900053,0,0.0697328311140312,0.0744263861879442,0.36946521542966,0.3921163252087
5.6146767900053,0,0.0697320009254455,0.0744263861879442,0.36946075454076,0.392118489670209
5.6209267900053,0,0.06973117320859,0.0744263861879442,0.36945629621006,0.39212063661672
5.6271767900053,0,0.0697303479559462,0.0744263861879442,0.369451840516719,0.392122766189964
5.6334267900053,0,0.0697295251600195,0.0744263861879442,0.369447387538952,0.392124878530528
5.6396767900053,0,0.06972870481334,0.0744263861879442,0.369442937354024,0.392126973777861
5.6459267900053,0,0.0697278869084615,0.0744263861879442,0.36943849003828,0.392129052070281
5.6521767900053,0,0.0697270714379619,0.0744263861879442,0.369434045667154,0.392131113544991
5.6584267900053,0,0.0697262583944429,0.0744263861879442,0.369429604315167,0.392133158338079
5.6646767900053,0,0.06972544777053,0.0744263861879442,0.369425166055928,0.392135186584535
5.6709267900053,0,0.0697246395588724,0.0744263861879442,0.369420730962158,0.392137198418255
5.6771767900053,0,0.0697238337521429,0.0744263861879442,0.369416299105699,0.392139193972053
5.6834267900053,0,0.0697230303430379,0.0744263861879442,0.369411870557515,0.392141173377668
5.6896767900053,0,0.0697222293242771,0.0744263861879442,0.369407445387689,0.392143136765771
5.6959267900053,0,0.0697214306886038,0.0744263861879442,0.369403023665448,0.392145084265977
5.7021767900053,0,0.0697206344287844,0.0744263861879442,0.369398605459174,0.392147016006854
5.7084267900053,0,0.0697198405376083,0.0744263861879442,0.3693941908364,0.392148932115926
5.7146767900053,0,0.0697190490078883,0.0744263861879442,0.369389779863813,0.392150832719688
5.7209267900053,0,0.0697182598324602,0.0744263861879442,0.369385372607273,0.392152717943609
5.7271767900053,0,0.0697174730041825,0.0744263861879442,0.369380969131825,0.392154587912145
5.7334267900053,0,0.0697166885159368,0.0744263861879442,0.369376569501699,0.392156442748743
5.7396767900053,0,0.0697159063606274,0.0744263861879442,0.369372173780306,0.392158282575852
5.7459267900053,0,0.0697151265311811,0.0744263861879442,0.369367782030262,0.392160107514931
5.7521767900053,0,0.0697143490205476,0.0744263861879442,0.369363394313399,0.392161917686454
5.7584267900053,0,0.0697135738216988,0.0744263861879442,0.36935901069076,0.392163713209921
5.7646767900053,0,0.0697128009276293,0.0744263861879442,0.369354631222603,0.392165494203867
5.7709267900053,0,0.069712030331356,0.0744263861879442,0.369350255968418,0.392167260785865
5.7771767900053,0,0.069711262025918,0.0744263861879442,0.369345884986938,0.392169013072537
5.7834267900053,0,0.0697104960043766,0.0744263861879442,0.36934151833614,0.392170751179563
5.7896767900053,0,0.0697097322598153,0.0744263861879442,0.369337156073239,0.392172475221686
5.7959267900053,0,0.0697089707853396,0.0744263861879442,0.369332798254716,0.392174185312719
5.8021767900053,0,0.0697082115740769,0.0744263861879442,0.369328444936318,0.392175881565556
5.8084267900053,0,0.0697074546191766,0.0744263861879442,0.369324096173067,0.392177564092178
5.8146767900053,0,0.0697066999138097,0.0744263861879442,0.36931975201925,0.392179233003657
5.8209267900053,0,0.0697059474511691,0.0744263861879442,0.369315412528445,0.392180888410168
5.8271767900053,0,0.0697051972244694,0.0744263861879442,0.369311077753526,0.392182530420995
5.8334267900053,0,0.0697044492269466,0.0744263861879442,0.369306747746666,0.392184159144537
5.8396767900053,0,0.0697037034518581,0.0744263861879442,0.369302422559332,0.392185774688316
5.8459267900053,0,0.0697029598924831,0.0744263861879442,0.369298102242307,0.392187377158982
5.8521767900053,0,0.0697022185421218,0.0744263861879442,0.369293786845696,0.392188966662326
5.8584267900053,0,0.0697014793940957,0.0744263861879442,0.369289476418929,0.392190543303279
5.8646767900053,0,0.0697007424417476,0.0744263861879442,0.369285171010757,0.392192107185925
5.8709267900053,0,0.0697000076784414,0.0744263861879442,0.36928087066927,0.392193658413506
5.8771767900053,0,0.069699275097562,0.0744263861879442,0.369276575441907,0.392195197088427
5.8834267900053,0,0.069698544692515,0.0744263861879442,0.369272285375457,0.392196723312264
5.8896767900053,0,0.0696978164567275,0.0744263861879442,0.369268000516053,0.392198237185775
5.8959267900053,0,0.0696970903836468,0.0744263861879442,0.369263720909194,0.392199738808898
5.9021767900053,0,0.0696963664667413,0.0744263861879442,0.369259446599751,0.392201228280764
5.9084267900053,0,0.0696956446994998,0.0744263861879442,0.369255177631968,0.392202705699703
5.9146767900053,0,0.069694925075432,0.0744263861879442,0.369250914049459,0.392204171163247
5.9209267900053,0,0.0696942075880679,0.0744263861879442,0.369246655895228,0.392205624768141
5.9271767900053,0,0.069693492230958,0.0744263861879442,0.369242403211673,0.392207066610346
5.9334267900053,0,0.0696927789976731,0.0744263861879442,0.369238156040589,0.392208496785046
5.9396767900053,0,0.0696920678818045,0.0744263861879442,0.369233914423164,0.392209915386656
5.9459267900053,0,0.0696913588769635,0.0744263861879442,0.369229678399997,0.392211322508827
5.9521767900053,0,0.0696906519767818,0.0744263861879442,0.369225448011108,0.39221271824445
5.9584267900053,0,0.0696899471749108,0.0744263861879442,0.369221223295933,0.392214102685668
5.9646767900053,0,0.0696892444650223,0.0744263861879442,0.369217004293325,0.392215475923874
5.9709267900053,0,0.069688543840808,0.0744263861879442,0.36921279104157,0.392216838049725
5.9771767900053,0,0.0696878452959793,0.0744263861879442,0.369208583578396,0.392218189153142
5.9834267900053,0,0.0696871488242675,0.0744263861879442,0.369204381940969,0.392219529323321
5.9896767900053,0,0.0696864544194236,0.0744263861879442,0.369200186165895,0.392220858648733
5.9959267900053,0,0.0696857620752183,0.0744263861879442,0.369195996289234,0.392222177217136
6.0021767900053,0,0.069685071785442,0.0744263861879442,0.369191812346506,0.392223485115576
6.0084267900053,0,0.0696843835439045,0.0744263861879442,0.369187634372695,0.392224782430396
6.0146767900053,0,0.069683697344435,0.0744263861879442,0.369183462402243,0.392226069247238
6.0209267900053,0,0.0696830131808822,0.0744263861879442,0.369179296469066,0.392227345651054
6.0271767900053,0,0.0696823310471142,0.0744263861879442,0.369175136606563,0.392228611726106
6.0334267900053,0,0.0696816509370182,0.0744263861879442,0.369170982847615,0.392229867555976
6.0396767900053,0,0.0696809728445007,0.0744263861879442,0.369166835224581,0.392231113223569
6.0459267900053,0,0.0696802967634873,0.0744263861879442,0.369162693769318,0.392232348811117
6.0521767900053,0,0.0696796226879226,0.0744263861879442,0.369158558513182,0.392233574400191
6.0584267900053,0,0.0696789506117703,0.0744263861879442,0.369154429487029,0.392234790071698
6.0646767900053,0,0.069678280529013,0.0744263861879442,0.369150306721219,0.392235995905893
6.0709267900053,0,0.069677612433652,0.0744263861879442,0.369146190245621,0.392237191982378
6.0771767900053,0,0.0696769463197076,0.0744263861879442,0.369142080089628,0.392238378380116
6.0834267900053,0,0.0696762821812188,0.0744263861879442,0.369137976282152,0.392239555177427
6.0896767900053,0,0.0696756200122431,0.0744263861879442,0.369133878851623,0.392240722451998
6.0959267900053,0,0.0696749598068569,0.0744263861879442,0.369129787826004,0.392241880280888
6.1021767900053,0,0.0696743015591549,0.0744263861879442,0.369125703232798,0.392243028740532
6.1084267900053,0,0.0696736452632502,0.0744263861879442,0.369121625099043,0.392244167906748
6.1146767900053,0,0.0696729909132746,0.0744263861879442,0.369117553451318,0.392245297854737
6.1209267900053,0,0.069672338503378,0.0744263861879442,0.36911348831575,0.392246418659096
6.1271767900053,0,0.0696716880277288,0.0744263861879442,0.369109429718024,0.392247530393815
6.1334267900053,0,0.0696710394805133,0.0744263861879442,0.369105377683379,0.392248633132285
6.1396767900053,0,0.0696703928559363,0.0744263861879442,0.36910133223661,0.392249726947307
6.1459267900053,0,0.0696697481482205,0.0744263861879442,0.369097293402081,0.392250811911088
6.1521767900053,0,0.0696691053516067,0.0744263861879442,0.369093261203727,0.392251888095253
6.1584267900053,0,0.0696684644603535,0.0744263861879442,0.369089235665057,0.392252955570849
6.1646767900053,0,0.0696678254687377,0.0744263861879442,0.369085216809154,0.392254014408346
6.17092679000531,0,0.0696671883710538,0.0744263861879442,0.369081204658683,0.392255064677643
6.1771767900053,0,0.0696665531616141,0.0744263861879442,0.369077199235899,0.392256106448076
6.1834267900053,0,0.0696659198347485,0.0744263861879442,0.369073200562648,0.392257139788417
6.18967679000531,0,0.0696652883848048,0.0744263861879442,0.369069208660364,0.392258164766885
6.19592679000531,0,0.0696646588061482,0.0744263861879442,0.369065223550081,0.392259181451143
6.20217679000531,0,0.0696640310931616,0.0744263861879442,0.369061245252439,0.392260189908309
6.2084267900053,0,0.0696634052402452,0.0744263861879442,0.369057273787685,0.392261190204958
6.21467679000531,0,0.0696627812418169,0.0744263861879442,0.369053309175668,0.392262182407125
6.22092679000531,0,0.0696621590923116,0.0744263861879442,0.369049351435856,0.392263166580312
6.22717679000531,0,0.0696615387861818,0.0744263861879442,0.369045400587335,0.392264142789488
6.23342679000531,0,0.0696609203178972,0.0744263861879442,0.369041456648816,0.392265111099101
6.23967679000531,0,0.0696603036819446,0.0744263861879442,0.369037519638625,0.392266071573073
6.24592679000531,0,0.0696596888728279,0.0744263861879442,0.369033589574724,0.392267024274812
6.25217679000531,0,0.0696590758850683,0.0744263861879442,0.369029666474708,0.392267969267211
6.25842679000531,0,0.0696584647132037,0.0744263861879442,0.369025750355809,0.392268906612654
6.26467679000531,0,0.0696578553517892,0.0744263861879442,0.369021841234894,0.392269836373022
6.27092679000531,0,0.0696572477953967,0.0744263861879442,0.369017939128473,0.392270758609693
6.27717679000531,0,0.0696566420386149,0.0744263861879442,0.369014044052712,0.39227167338355
6.28342679000531,0,0.0696560380760494,0.0744263861879442,0.369010156023421,0.392272580754983
6.28967679000531,0,0.0696554359023224,0.0744263861879442,0.369006275056063,0.392273480783892
6.29592679000531,0,0.069654835512073,0.0744263861879442,0.369002401165761,0.392274373529694
6.30217679000531,0,0.0696542368999565,0.0744263861879442,0.368998534367299,0.392275259051324
6.30842679000531,0,0.0696536400606451,0.0744263861879442,0.368994674675128,0.392276137407241
6.31467679000531,0,0.0696530449888275,0.0744263861879442,0.368990822103361,0.39227700865543
6.32092679000531,0,0.0696524516792087,0.0744263861879442,0.368986976665785,0.392277872853408
6.32717679000531,0,0.0696518601265101,0.0744263861879442,0.368983138375863,0.392278730058226
6.33342679000531,0,0.0696512703254696,0.0744263861879442,0.368979307246736,0.392279580326473
6.33967679000531,0,0.0696506822708411,0.0744263861879442,0.368975483291224,0.392280423714279
6.34592679000531,0,0.069650095957395,0.0744263861879442,0.368971666521829,0.392281260277323
6.35217679000531,0,0.0696495113799178,0.0744263861879442,0.368967856950747,0.392282090070831
6.35842679000531,0,0.069648928533212,0.0744263861879442,0.368964054589862,0.392282913149582
6.36467679000531,0,0.0696483474120962,0.0744263861879442,0.368960259450748,0.392283729567913
6.37092679000531,0,0.0696477680114052,0.0744263861879442,0.368956471544681,0.39228453937972
6.37717679000531,0,0.0696471903259896,0.0744263861879442,0.368952690882634,0.392285342638464
6.38342679000531,0,0.0696466143507157,0.0744263861879442,0.368948917475288,0.392286139397173
6.38967679000531,0,0.0696460400804661,0.0744263861879442,0.368945151333024,0.392286929708446
6.39592679000531,0,0.0696454675101389,0.0744263861879442,0.368941392465934,0.392287713624455
6.40217679000531,0,0.069644896634648,0.0744263861879442,0.368937640883824,0.392288491196953
6.40842679000531,0,0.0696443274489229,0.0744263861879442,0.368933896596217,0.39228926247727
6.41467679000531,0,0.0696437599479089,0.0744263861879442,0.368930159612348,0.392290027516324
6.42092679000531,0,0.0696431941265668,0.0744263861879442,0.368926429941177,0.39229078636462
6.42717679000531,0,0.069642629979873,0.0744263861879442,0.368922707591389,0.392291539072254
6.43342679000531,0,0.0696420675028193,0.0744263861879442,0.368918992571394,0.392292285688916
6.43967679000531,0,0.069641506690413,0.0744263861879442,0.368915284889331,0.392293026263896
6.44592679000531,0,0.0696409475376767,0.0744263861879442,0.368911584553071,0.392293760846083
6.45217679000531,0,0.0696403900396484,0.0744263861879442,0.368907891570224,0.39229448948397
6.45842679000531,0,0.0696398341913812,0.0744263861879442,0.368904205948135,0.392295212225661
6.46467679000531,0,0.0696392799879438,0.0744263861879442,0.36890052769389,0.392295929118867
6.47092679000531,0,0.0696387274244198,0.0744263861879442,0.368896856814317,0.392296640210915
6.47717679000531,0,0.0696381764959079,0.0744263861879442,0.368893193315994,0.392297345548748
6.48342679000531,0,0.069637627197522,0.0744263861879442,0.368889537205245,0.39229804517893
6.48967679000531,0,0.0696370795243909,0.0744263861879442,0.368885888488146,0.392298739147647
6.49592679000531,0,0.0696365334716586,0.0744263861879442,0.368882247170526,0.392299427500713
6.50217679000531,0,0.0696359890344838,0.0744263861879442,0.368878613257971,0.392300110283571
6.50842679000531,0,0.0696354462080401,0.0744263861879442,0.368874986755831,0.392300787541293
6.51467679000531,0,0.069634904987516,0.0744263861879442,0.368871367669211,0.392301459318591
6.52092679000531,0,0.0696343653681149,0.0744263861879442,0.36886775600298,0.392302125659813
6.52717679000531,0,0.0696338273450546,0.0744263861879442,0.368864151761781,0.392302786608947
6.53342679000531,0,0.0696332909135679,0.0744263861879442,0.368860554950022,0.392303442209627
6.53967679000531,0,0.0696327560689021,0.0744263861879442,0.368856965571881,0.392304092505132
6.54592679000531,0,0.069632222806319,0.0744263861879442,0.368853383631311,0.392304737538394
6.55217679000531,0,0.0696316911210951,0.0744263861879442,0.368849809132044,0.392305377351994
6.55842679000531,0,0.0696311610085213,0.0744263861879442,0.368846242077591,0.39230601198817
6.56467679000531,0,0.0696306324639029,0.0744263861879442,0.368842682471241,0.392306641488819
6.57092679000531,0,0.0696301054825597,0.0744263861879442,0.368839130316068,0.392307265895497
6.57717679000531,0,0.0696295800598257,0.0744263861879442,0.368835585614933,0.392307885249426
6.58342679000531,0,0.0696290561910494,0.0744263861879442,0.368832048370488,0.392308499591492
6.58967679000531,0,0.0696285338715934,0.0744263861879442,0.368828518585169,0.392309108962252
6.59592679000531,0,0.0696280130968346,0.0744263861879442,0.368824996261209,0.392309713401934
6.60217679000531,0,0.0696274938621639,0.0744263861879442,0.368821481400637,0.392310312950441
6.60842679000531,0,0.0696269761629865,0.0744263861879442,0.368817974005278,0.392310907647353
6.61467679000531,0,0.0696264599947214,0.0744263861879442,0.368814474076757,0.392311497531929
6.62092679000531,0,0.0696259453528021,0.0744263861879442,0.368810981616498,0.392312082643111
6.62717679000531,0,0.0696254322326755,0.0744263861879442,0.368807496625734,0.392312663019526
6.63342679000531,0,0.0696249206298029,0.0744263861879442,0.368804019105502,0.392313238699487
6.63967679000531,0,0.0696244105396591,0.0744263861879442,0.368800549056645,0.392313809721
6.64592679000531,0,0.069623901957733,0.0744263861879442,0.368797086479819,0.39231437612176
6.65217679000531,0,0.0696233948795272,0.0744263861879442,0.368793631375491,0.392314937939158
6.65842679000531,0,0.0696228893005581,0.0744263861879442,0.368790183743946,0.392315495210285
6.66467679000531,0,0.0696223852163557,0.0744263861879442,0.36878674358528,0.392316047971928
6.67092679000531,0,0.0696218826224638,0.0744263861879442,0.36878331089941,0.392316596260579
6.67717679000531,0,0.0696213815144396,0.0744263861879442,0.368779885686075,0.392317140112434
6.68342679000531,0,0.069620881887854,0.0744263861879442,0.368776467944837,0.392317679563395
6.68967679000531,0,0.0696203837382915,0.0744263861879442,0.36877305767508,0.392318214649076
6.69592679000531,0,0.0696198870613499,0.0744263861879442,0.368769654876015,0.392318745404799
6.70217679000531,0,0.0696193918526407,0.0744263861879442,0.368766259546684,0.392319271865604
6.70842679000531,0,0.0696188981077884,0.0744263861879442,0.368762871685958,0.392319794066245
6.71467679000531,0,0.0696184058224312,0.0744263861879442,0.368759491292539,0.392320312041196
6.72092679000531,0,0.0696179149922205,0.0744263861879442,0.368756118364965,0.392320825824651
6.72717679000531,0,0.0696174256128209,0.0744263861879442,0.36875275290161,0.392321335450529
6.73342679000531,0,0.0696169376799102,0.0744263861879442,0.368749394900686,0.392321840952473
6.73967679000531,0,0.0696164511891795,0.0744263861879442,0.368746044360245,0.392322342363854
6.74592679000531,0,0.0696159661363329,0.0744263861879442,0.368742701278178,0.392322839717773
6.75217679000531,0,0.0696154825170878,0.0744263861879442,0.368739365652224,0.392323333047064
6.75842679000531,0,0.0696150003271743,0.0744263861879442,0.368736037479965,0.392323822384294
6.76467679000531,0,0.0696145195623359,0.0744263861879442,0.368732716758829,0.392324307761768
6.77092679000531,0,0.0696140402183287,0.0744263861879442,0.368729403486095,0.392324789211527
6.77717679000531,0,0.069613562290922,0.0744263861879442,0.36872609765889,0.392325266765356
6.78342679000531,0,0.0696130857758979,0.0744263861879442,0.368722799274198,0.39232574045478
6.78967679000531,0,0.0696126106690512,0.0744263861879442,0.368719508328851,0.392326210311071
6.79592679000531,0,0.0696121369661897,0.0744263861879442,0.368716224819541,0.392326676365246
6.80217679000531,0,0.0696116646631339,0.0744263861879442,0.368712948742815,0.392327138648074
6.80842679000531,0,0.0696111937557169,0.0744263861879442,0.368709680095082,0.392327597190071
6.81467679000531,0,0.0696107242397845,0.0744263861879442,0.368706418872609,0.392328052021508
6.82092679000531,0,0.0696102561111954,0.0744263861879442,0.368703165071526,0.392328503172413
6.82717679000531,0,0.0696097893658204,0.0744263861879442,0.368699918687826,0.392328950672568
6.83342679000531,0,0.0696093239995434,0.0744263861879442,0.368696679717373,0.392329394551515
6.83967679000531,0,0.0696088600082603,0.0744263861879442,0.36869344815589,0.392329834838558
6.84592679000531,0,0.0696083973878799,0.0744263861879442,0.368690223998974,0.392330271562762
6.85217679000531,0,0.0696079361343231,0.0744263861879442,0.368687007242092,0.392330704752958
6.85842679000531,0,0.0696074762435234,0.0744263861879442,0.368683797880583,0.392331134437744
6.86467679000531,0,0.0696070177114266,0.0744263861879442,0.368680595909656,0.392331560645486
6.87092679000532,0,0.0696065605339908,0.0744263861879442,0.368677401324399,0.39233198340432
6.87717679000531,0,0.0696061047071863,0.0744263861879442,0.368674214119775,0.392332402742155
6.88342679000531,0,0.0696056502269957,0.0744263861879442,0.368671034290625,0.392332818686674
6.88967679000532,0,0.0696051970894139,0.0744263861879442,0.36866786183167,0.392333231265336
6.89592679000532,0,0.0696047452904477,0.0744263861879442,0.36866469673751,0.392333640505378
6.90217679000532,0,0.0696042948261163,0.0744263861879442,0.368661539002629,0.392334046433817
6.90842679000531,0,0.0696038456924506,0.0744263861879442,0.368658388621396,0.392334449077449
6.91467679000532,0,0.0696033978854941,0.0744263861879442,0.368655245588062,0.392334848462856
6.92092679000532,0,0.0696029514013017,0.0744263861879442,0.368652109896767,0.392335244616405
6.92717679000532,0,0.0696025062359407,0.0744263861879442,0.368648981541539,0.392335637564246
6.93342679000532,0,0.06960206238549,0.0744263861879442,0.368645860516295,0.392336027332321
6.93967679000532,0,0.0696016198460407,0.0744263861879442,0.368642746814842,0.392336413946362
6.94592679000532,0,0.0696011786136954,0.0744263861879442,0.36863964043088,0.39233679743189
6.95217679000532,0,0.0696007386845689,0.0744263861879442,0.368636541358003,0.392337177814222
6.95842679000532,0,0.0696003000547874,0.0744263861879442,0.368633449589699,0.392337555118469
6.96467679000532,0,0.069599862720489,0.0744263861879442,0.368630365119354,0.39233792936954
6.97092679000532,0,0.0695994266778236,0.0744263861879442,0.368627287940247,0.39233830059214
6.97717679000532,0,0.0695989919229526,0.0744263861879442,0.368624218045561,0.392338668810777
6.98342679000532,0,0.069598558452049,0.0744263861879442,0.368621155428377,0.392339034049759
6.98967679000532,0,0.0695981262612976,0.0744263861879442,0.368618100081677,0.392339396333197
6.99592679000532,0,0.0695976953468944,0.0744263861879442,0.368615051998346,0.392339755685008
7.00217679000532,0,0.0695972657050473,0.0744263861879442,0.368612011171173,0.392340112128915
7.00842679000532,0,0.0695968373319754,0.0744263861879442,0.368608977592852,0.392340465688449
7.01467679000532,0,0.0695964102239093,0.0744263861879442,0.368605951255984,0.392340816386951
7.02092679000532,0,0.069595984377091,0.0744263861879442,0.368602932153076,0.392341164247571
7.02717679000532,0,0.069595559787774,0.0744263861879442,0.368599920276545,0.392341509293275
7.03342679000532,0,0.069595136452223,0.0744263861879442,0.36859691561872,0.392341851546842
7.03967679000532,0,0.0695947143667139,0.0744263861879442,0.368593918171836,0.392342191030864
7.04592679000532,0,0.069594293527534,0.0744263861879442,0.368590927928045,0.392342527767754
7.05217679000532,0,0.0695938739309818,0.0744263861879442,0.368587944879411,0.392342861779742
7.05842679000532,0,0.069593455573367,0.0744263861879442,0.368584969017913,0.392343193088877
7.06467679000532,0,0.0695930384510104,0.0744263861879442,0.368582000335444,0.392343521717033
7.07092679000532,0,0.069592622560244,0.0744263861879442,0.368579038823816,0.392343847685902
7.07717679000532,0,0.0695922078974107,0.0744263861879442,0.368576084474759,0.392344171017005
7.08342679000532,0,0.0695917944588646,0.0744263861879442,0.368573137279923,0.392344491731686
7.08967679000532,0,0.0695913822409708,0.0744263861879442,0.368570197230874,0.392344809851117
7.09592679000532,0,0.0695909712401054,0.0744263861879442,0.368567264319104,0.392345125396301
7.10217679000532,0,0.0695905614526552,0.0744263861879442,0.368564338536025,0.392345438388067
7.10842679000532,0,0.0695901528750182,0.0744263861879442,0.368561419872975,0.392345748847078
7.11467679000532,0,0.0695897455036032,0.0744263861879442,0.368558508321213,0.39234605679383
7.12092679000532,0,0.0695893393348298,0.0744263861879442,0.368555603871926,0.392346362248651
7.12717679000532,0,0.0695889343651283,0.0744263861879442,0.368552706516227,0.392346665231708
7.13342679000532,0,0.0695885305909399,0.0744263861879442,0.368549816245159,0.392346965763
7.13967679000532,0,0.0695881280087165,0.0744263861879442,0.36854693304969,0.392347263862369
7.14592679000532,0,0.0695877266149207,0.0744263861879442,0.368544056920718,0.392347559549494
7.15217679000532,0,0.0695873264060259,0.0744263861879442,0.368541187849075,0.392347852843894
7.15842679000532,0,0.0695869273785158,0.0744263861879442,0.368538325825523,0.392348143764932
7.16467679000532,0,0.0695865295288849,0.0744263861879442,0.368535470840756,0.392348432331814
7.17092679000532,0,0.0695861328536385,0.0744263861879442,0.368532622885401,0.392348718563589
7.17717679000532,0,0.0695857373492919,0.0744263861879442,0.368529781950023,0.392349002479153
7.18342679000532,0,0.0695853430123714,0.0744263861879442,0.368526948025119,0.392349284097249
7.18967679000532,0,0.0695849498394135,0.0744263861879442,0.368524121101125,0.392349563436468
7.19592679000532,0,0.0695845578269652,0.0744263861879442,0.368521301168412,0.392349840515252
7.20217679000532,0,0.0695841669715839,0.0744263861879442,0.368518488217292,0.392350115351892
7.20842679000532,0,0.0695837772698373,0.0744263861879442,0.368515682238016,0.392350387964531
7.21467679000532,0,0.0695833887183037,0.0744263861879442,0.368512883220773,0.392350658371167
7.22092679000532,0,0.0695830013135712,0.0744263861879442,0.368510091155695,0.39235092658965
7.22717679000532,0,0.0695826150522387,0.0744263861879442,0.368507306032855,0.392351192637687
7.23342679000532,0,0.0695822299309151,0.0744263861879442,0.368504527842272,0.392351456532842
7.23967679000532,0,0.0695818459462194,0.0744263861879442,0.368501756573903,0.392351718292536
7.24592679000532,0,0.069581463094781,0.0744263861879442,0.368498992217655,0.392351977934049
7.25217679000532,0,0.0695810813732393,0.0744263861879442,0.368496234763378,0.392352235474522
7.25842679000532,0,0.0695807007782438,0.0744263861879442,0.36849348420087,0.392352490930956
7.26467679000532,0,0.0695803213064542,0.0744263861879442,0.368490740519873,0.392352744320217
7.27092679000532,0,0.0695799429545401,0.0744263861879442,0.36848800371008,0.39235299565903
7.27717679000532,0,0.0695795657191813,0.0744263861879442,0.368485273761132,0.39235324496399
7.28342679000532,0,0.0695791895970673,0.0744263861879442,0.368482550662621,0.392353492251553
7.28967679000532,0,0.0695788145848979,0.0744263861879442,0.368479834404086,0.392353737538045
7.29592679000532,0,0.0695784406793825,0.0744263861879442,0.36847712497502,0.392353980839659
7.30217679000532,0,0.0695780678772407,0.0744263861879442,0.368474422364868,0.392354222172457
7.30842679000532,0,0.0695776961752016,0.0744263861879442,0.368471726563028,0.39235446155237
7.31467679000532,0,0.0695773255700045,0.0744263861879442,0.368469037558851,0.392354698995201
7.32092679000532,0,0.0695769560583983,0.0744263861879442,0.368466355341641,0.392354934516626
7.32717679000532,0,0.0695765876371416,0.0744263861879442,0.36846367990066,0.392355168132192
7.33342679000532,0,0.0695762203030029,0.0744263861879442,0.368461011225125,0.392355399857322
7.33967679000532,0,0.0695758540527603,0.0744263861879442,0.368458349304209,0.392355629707313
7.34592679000532,0,0.0695754888832017,0.0744263861879442,0.368455694127042,0.392355857697339
7.35217679000532,0,0.0695751247911245,0.0744263861879442,0.368453045682714,0.392356083842452
7.35842679000532,0,0.0695747617733357,0.0744263861879442,0.368450403960273,0.392356308157579
7.36467679000532,0,0.0695743998266521,0.0744263861879442,0.368447768948726,0.392356530657531
7.37092679000532,0,0.0695740389478999,0.0744263861879442,0.368445140637041,0.392356751356995
7.37717679000532,0,0.0695736791339148,0.0744263861879442,0.368442519014147,0.392356970270541
7.38342679000532,0,0.0695733203815421,0.0744263861879442,0.368439904068936,0.39235718741262
7.38967679000532,0,0.0695729626876364,0.0744263861879442,0.368437295790259,0.392357402797568
7.39592679000532,0,0.069572606049062,0.0744263861879442,0.368434694166934,0.392357616439604
7.40217679000532,0,0.0695722504626924,0.0744263861879442,0.36843209918774,0.392357828352831
7.40842679000532,0,0.0695718959254105,0.0744263861879442,0.368429510841423,0.392358038551239
7.41467679000532,0,0.0695715424341086,0.0744263861879442,0.368426929116691,0.392358247048704
7.42092679000532,0,0.0695711899856883,0.0744263861879442,0.368424354002221,0.392358453858991
7.42717679000532,0,0.0695708385770606,0.0744263861879442,0.368421785486654,0.392358658995752
7.43342679000532,0,0.0695704882051456,0.0744263861879442,0.3684192235586,0.39235886247253
7.43967679000532,0,0.0695701388668727,0.0744263861879442,0.368416668206636,0.392359064302757
7.44592679000532,0,0.0695697905591805,0.0744263861879442,0.368414119419306,0.392359264499757
7.45217679000532,0,0.0695694432790168,0.0744263861879442,0.368411577185125,0.392359463076747
7.45842679000532,0,0.0695690970233386,0.0744263861879442,0.368409041492577,0.392359660046836
7.46467679000532,0,0.0695687517891118,0.0744263861879442,0.368406512330117,0.392359855423027
7.47092679000532,0,0.0695684075733117,0.0744263861879442,0.368403989686169,0.392360049218218
7.47717679000532,0,0.0695680643729224,0.0744263861879442,0.368401473549129,0.392360241445202
7.48342679000532,0,0.0695677221849372,0.0744263861879442,0.368398963907367,0.39236043211667
7.48967679000532,0,0.0695673810063584,0.0744263861879442,0.368396460749223,0.392360621245209
7.49592679000532,0,0.0695670408341971,0.0744263861879442,0.368393964063013,0.392360808843304
7.50217679000532,0,0.0695667016654736,0.0744263861879442,0.368391473837023,0.39236099492334
7.50842679000532,0,0.069566363497217,0.0744263861879442,0.368388990059518,0.392361179497602
7.51467679000532,0,0.0695660263264653,0.0744263861879442,0.368386512718734,0.392361362578273
7.52092679000532,0,0.0695656901502654,0.0744263861879442,0.368384041802884,0.392361544177441
7.52717679000532,0,0.069565354965673,0.0744263861879442,0.368381577300158,0.392361724307094
7.53342679000532,0,0.0695650207697526,0.0744263861879442,0.368379119198722,0.392361902979123
7.53967679000532,0,0.0695646875595775,0.0744263861879442,0.368376667486719,0.392362080205323
7.54592679000532,0,0.0695643553322299,0.0744263861879442,0.368374222152269,0.392362255997394
7.55217679000532,0,0.0695640240848005,0.0744263861879442,0.368371783183471,0.392362430366942
7.55842679000532,0,0.0695636938143888,0.0744263861879442,0.368369350568403,0.392362603325477
7.56467679000532,0,0.0695633645181032,0.0744263861879442,0.368366924295123,0.392362774884417
7.57092679000533,0,0.0695630361930604,0.0744263861879442,0.368364504351666,0.392362945055089
7.57717679000532,0,0.0695627088363858,0.0744263861879442,0.36836209072605,0.392363113848726
7.58342679000532,0,0.0695623824452136,0.0744263861879442,0.368359683406274,0.39236328127647
7.58967679000533,0,0.0695620570166865,0.0744263861879442,0.368357282380316,0.392363447349376
7.59592679000533,0,0.0695617325479556,0.0744263861879442,0.368354887636137,0.392363612078407
7.60217679000533,0,0.0695614090361806,0.0744263861879442,0.368352499161681,0.392363775474436
7.60842679000532,0,0.0695610864785298,0.0744263861879442,0.368350116944875,0.392363937548252
7.61467679000533,0,0.0695607648721798,0.0744263861879442,0.368347740973629,0.392364098310553
7.62092679000533,0,0.0695604442143157,0.0744263861879442,0.368345371235834,0.392364257771953
7.62717679000533,0,0.0695601245021312,0.0744263861879442,0.368343007719369,0.392364415942978
7.63342679000533,0,0.069559805732828,0.0744263861879442,0.368340650412097,0.39236457283407
7.63967679000533,0,0.0695594879036165,0.0744263861879442,0.368338299301866,0.392364728455587
7.64592679000533,0,0.0695591710117153,0.0744263861879442,0.368335954376506,0.392364882817801
7.65217679000533,0,0.0695588550543513,0.0744263861879442,0.36833361562384,0.392365035930904
7.65842679000533,0,0.0695585400287598,0.0744263861879442,0.368331283031672,0.392365187805004
7.66467679000533,0,0.0695582259321843,0.0744263861879442,0.368328956587795,0.392365338450125
7.67092679000533,0,0.0695579127618764,0.0744263861879442,0.368326636279988,0.392365487876215
7.67717679000533,0,0.0695576005150961,0.0744263861879442,0.368324322096021,0.392365636093136
7.68342679000533,0,0.0695572891891116,0.0744263861879442,0.36832201402365,0.392365783110673
7.68967679000533,0,0.069556978781199,0.0744263861879442,0.368319712050619,0.392365928938533
7.69592679000533,0,0.0695566692886428,0.0744263861879442,0.368317416164663,0.392366073586342
7.70217679000533,0,0.0695563607087355,0.0744263861879442,0.368315126353505,0.392366217063649
7.70842679000533,0,0.0695560530387777,0.0744263861879442,0.36831284260486,0.392366359379926
7.71467679000533,0,0.0695557462760781,0.0744263861879442,0.36831056490643,0.392366500544568
7.72092679000533,0,0.0695554404179533,0.0744263861879442,0.368308293245912,0.392366640566895
7.72717679000533,0,0.0695551354617282,0.0744263861879442,0.36830602761099,0.392366779456149
7.73342679000533,0,0.0695548314047353,0.0744263861879442,0.368303767989343,0.3923669172215
7.73967679000533,0,0.0695545282443153,0.0744263861879442,0.36830151436864,0.392367053872043
7.74592679000533,0,0.0695542259778169,0.0744263861879442,0.368299266736543,0.392367189416798
7.75217679000533,0,0.0695539246025965,0.0744263861879442,0.368297025080706,0.392367323864715
7.75842679000533,0,0.0695536241160185,0.0744263861879442,0.368294789388777,0.392367457224667
7.76467679000533,0,0.0695533245154552,0.0744263861879442,0.368292559648398,0.39236758950546
7.77092679000533,0,0.0695530257982867,0.0744263861879442,0.368290335847202,0.392367720715827
7.77717679000533,0,0.0695527279619009,0.0744263861879442,0.36828811797282,0.392367850864428
7.78342679000533,0,0.0695524310036935,0.0744263861879442,0.368285906012876,0.392367979959856
7.78967679000533,0,0.069552134921068,0.0744263861879442,0.368283699954987,0.392368108010633
7.79592679000533,0,0.0695518397114356,0.0744263861879442,0.368281499786768,0.392368235025213
7.80217679000533,0,0.0695515453722153,0.0744263861879442,0.368279305495829,0.392368361011981
7.80842679000533,0,0.0695512519008336,0.0744263861879442,0.368277117069775,0.392368485979254
7.81467679000533,0,0.0695509592947249,0.0744263861879442,0.368274934496208,0.392368609935281
7.82092679000533,0,0.0695506675513313,0.0744263861879442,0.368272757762727,0.392368732888246
7.82717679000533,0,0.0695503766681021,0.0744263861879442,0.368270586856927,0.392368854846266
7.83342679000533,0,0.0695500866424948,0.0744263861879442,0.368268421766403,0.392368975817391
7.83967679000533,0,0.0695497974719739,0.0744263861879442,0.368266262478743,0.392369095809608
7.84592679000533,0,0.069549509154012,0.0744263861879442,0.368264108981537,0.392369214830839
7.85217679000533,0,0.0695492216860887,0.0744263861879442,0.368261961262372,0.39236933288894
7.85842679000533,0,0.0695489350656915,0.0744263861879442,0.368259819308833,0.392369449991705
7.86467679000533,0,0.0695486492903154,0.0744263861879442,0.368257683108506,0.392369566146865
7.87092679000533,0,0.0695483643574625,0.0744263861879442,0.368255552648973,0.392369681362088
7.87717679000533,0,0.0695480802646427,0.0744263861879442,0.368253427917818,0.39236979564498
7.88342679000533,0,0.0695477970093732,0.0744263861879442,0.368251308902625,0.392369909003085
7.88967679000533,0,0.0695475145891785,0.0744263861879442,0.368249195590977,0.392370021443888
7.89592679000533,0,0.0695472330015907,0.0744263861879442,0.368247087970457,0.392370132974811
7.90217679000533,0,0.069546952244149,0.0744263861879442,0.368244986028651,0.392370243603216
7.90842679000533,0,0.0695466723144001,0.0744263861879442,0.368242889753145,0.392370353336407
7.91467679000533,0,0.0695463932098979,0.0744263861879442,0.368240799131524,0.392370462181628
7.92092679000533,0,0.0695461149282038,0.0744263861879442,0.368238714151378,0.392370570146065
7.92717679000533,0,0.0695458374668861,0.0744263861879442,0.368236634800298,0.392370677236845
7.93342679000533,0,0.0695455608235206,0.0744263861879442,0.368234561065876,0.392370783461037
7.93967679000533,0,0.0695452849956904,0.0744263861879442,0.368232492935708,0.392370888825655
7.94592679000533,0,0.0695450099809855,0.0744263861879442,0.368230430397391,0.392370993337653
7.95217679000533,0,0.0695447357770032,0.0744263861879442,0.368228373438526,0.392371097003932
7.95842679000533,0,0.0695444623813482,0.0744263861879442,0.368226322046718,0.392371199831335
7.96467679000533,0,0.0695441897916319,0.0744263861879442,0.368224276209575,0.392371301826651
7.97092679000533,0,0.0695439180054731,0.0744263861879442,0.368222235914707,0.392371402996611
7.97717679000533,0,0.0695436470204977,0.0744263861879442,0.368220201149731,0.392371503347897
7.982882592504,0,0.0695434003281906,0.0744263861879442,0.368218348373111,0.392371594252199
7.98858839500267,0,0.0695431542998514,0.0744263861879442,0.368216500185579,0.392371684484709
7.99429419750133,0,0.0695429089336892,0.0744263861879442,0.368214656577723,0.392371774050392
8,0,0.0695426642279177,0.0744263861879442,0.368212817540133,0.392371862954176
8.00625,2.5,0.0695583417501026,0.0744263861879442,0.36821113151812,0.392371959583447
8.0125,2.5,0.0695739671303869,0.0744263861879442,0.368210092401689,0.392372055430786
8.01875,2.5,0.0695895405546266,0.0744263861879442,0.368209692850255,0.392372150502521
8.025,2.5,0.0696050622079286,0.0744263861879442,0.368209925589683,0.392372244804928
8.03125,2.5,0.069620532274653,0.0744263861879442,0.368210783412197,0.392372338344232
8.0375,2.5,0.0696359509384152,0.0744263861879442,0.368212259176539,0.392372431126608
8.04375,2.5,0.0696513183820915,0.0744263861879442,0.368214345806334,0.392372523158182
8.05,2.5,0.0696666347878239,0.0744263861879442,0.368217036289412,0.392372614445029
8.05625,2.5,0.0696819003370219,0.0744263861879442,0.368220323677726,0.392372704993175
8.0625,2.5,0.0696971152103644,0.0744263861879442,0.368224201087495,0.392372794808598
8.06875,2.5,0.0697122795878061,0.0744263861879442,0.368228661697636,0.392372883897227
8.075,2.5,0.0697273936485811,0.0744263861879442,0.368233698749097,0.392372972264944
8.08125,2.5,0.0697424575712051,0.0744263861879442,0.368239305544785,0.392373059917583
8.0875,2.5,0.0697574715334776,0.0744263861879442,0.368245475449703,0.392373146860929
8.09375,2.5,0.0697724357124872,0.0744263861879442,0.368252201889429,0.392373233100722
8.1,2.5,0.0697873502846163,0.0744263861879442,0.368259478349477,0.392373318642656
8.10625,2.5,0.0698022154255425,0.0744263861879442,0.368267298375225,0.392373403492378
8.1125,2.5,0.0698170313102406,0.0744263861879442,0.368275655572047,0.392373487655488
8.11875,2.5,0.0698317981129886,0.0744263861879442,0.368284543603841,0.392373571137544
8.125,2.5,0.0698465160073712,0.0744263861879442,0.368293956192416,0.392373653944057
8.13125,2.5,0.0698611851662821,0.0744263861879442,0.368303887117416,0.392373736080492
8.1375,2.5,0.0698758057619256,0.0744263861879442,0.368314330216453,0.392373817552273
8.14375,2.5,0.0698903779658223,0.0744263861879442,0.36832527938368,0.392373898364777
8.15,2.5,0.0699049019488126,0.0744263861879442,0.368336728569201,0.39237397852334
8.15625,2.5,0.0699193778810593,0.0744263861879442,0.368348671778995,0.392374058033254
8.1625,2.5,0.0699338059320485,0.0744263861879442,0.368361103075045,0.392374136899766
8.16875,2.5,0.0699481862705957,0.0744263861879442,0.368374016573961,0.392374215128085
8.175,2.5,0.0699625190648492,0.0744263861879442,0.368387406446405,0.392374292723373
8.18125,2.5,0.0699768044822922,0.0744263861879442,0.368401266917023,0.392374369690755
8.1875,2.5,0.0699910426897441,0.0744263861879442,0.368415592264563,0.39237444603531
8.19375,2.5,0.0700052338533664,0.0744263861879442,0.36843037682055,0.392374521762078
8.2,2.5,0.0700193781386658,0.0744263861879442,0.368445614968726,0.392374596876059
8.20625,2.5,0.0700334757104966,0.0744263861879442,0.368461301144984,0.392374671382212
8.2125,2.5,0.0700475267330614,0.0744263861879442,0.368477429837486,0.392374745285455
8.21875,2.5,0.0700615313699176,0.0744263861879442,0.368493995585378,0.392374818590667
8.225,2.5,0.0700754897839797,0.0744263861879442,0.368510992978249,0.392374891302687
8.23125,2.5,0.0700894021375223,0.0744263861879442,0.36852841665607,0.392374963426316
8.2375,2.5,0.0701032685921805,0.0744263861879442,0.368546261309305,0.392375034966314
8.24375,2.5,0.0701170893089557,0.0744263861879442,0.368564521677668,0.392375105927405
8.25,2.5,0.0701308644482192,0.0744263861879442,0.368583192549604,0.392375176314273
8.25625,2.5,0.0701445941697135,0.0744263861879442,0.368602268762225,0.392375246131565
8.2625,2.5,0.070158278632554,0.0744263861879442,0.368621745201422,0.392375315383889
8.26875,2.5,0.0701719179952341,0.0744263861879442,0.36864161680066,0.392375384075818
8.275,2.5,0.0701855124156285,0.0744263861879442,0.368661878540476,0.392375452211887
8.28125,2.5,0.0701990620509951,0.0744263861879442,0.368682525448421,0.392375519796593
8.2875,2.5,0.070212567057976,0.0744263861879442,0.368703552599163,0.392375586834397
8.29375,2.5,0.070226027592603,0.0744263861879442,0.368724955113323,0.392375653329727
8.3,2.5,0.0702394438103005,0.0744263861879442,0.368746728156996,0.392375719286971
8.30625,2.5,0.0702528158658875,0.0744263861879442,0.368768866941686,0.392375784710483
8.3125,2.5,0.0702661439135786,0.0744263861879442,0.368791366724408,0.392375849604583
8.31875,2.5,0.0702794281069892,0.0744263861879442,0.36881422280657,0.392375913973555
8.325,2.5,0.0702926685991386,0.0744263861879442,0.368837430533497,0.392375977821647
8.33125,2.5,0.0703058655424517,0.0744263861879442,0.368860985294378,0.392376041153076
8.33750000000001,2.5,0.0703190190887601,0.0744263861879442,0.368884882522365,0.392376103972022
8.34375000000001,2.5,0.0703321293893071,0.0744263861879442,0.368909117693482,0.392376166282631
8.35,2.5,0.0703451965947511,0.0744263861879442,0.368933686326177,0.392376228089019
8.35625,2.5,0.0703582208551665,0.0744263861879442,0.368958583981263,0.392376289395263
8.3625,2.5,0.0703712023200457,0.0744263861879442,0.368983806262013,0.392376350205413
8.36875000000001,2.5,0.0703841411383031,0.0744263861879442,0.369009348813114,0.392376410523482
8.37500000000001,2.5,0.0703970374582791,0.0744263861879442,0.369035207320224,0.392376470353453
8.38125,2.5,0.0704098914277408,0.0744263861879442,0.369061377509918,0.392376529699274
8.38750000000001,2.5,0.0704227031938834,0.0744263861879442,0.369087855149784,0.392376588564864
8.39375000000001,2.5,0.0704354729033352,0.0744263861879442,0.369114636047405,0.392376646954109
8.40000000000001,2.5,0.0704482007021605,0.0744263861879442,0.369141716049935,0.392376704870863
8.40625000000001,2.5,0.0704608867358607,0.0744263861879442,0.369169091044049,0.392376762318951
8.4125,2.5,0.070473531149376,0.0744263861879442,0.369196756956028,0.392376819302163
8.41875000000001,2.5,0.0704861340870895,0.0744263861879442,0.369224709750782,0.392376875824263
8.42500000000001,2.5,0.0704986956928307,0.0744263861879442,0.369252945431436,0.392376931888982
8.43125000000001,2.5,0.0705112161098763,0.0744263861879442,0.369281460039284,0.39237698750002
8.43750000000001,2.5,0.0705236954809518,0.0744263861879442,0.36931024965387,0.392377042661049
8.44375000000001,2.5,0.070536133948236,0.0744263861879442,0.369339310392042,0.392377097375711
8.45000000000001,2.5,0.0705485316533634,0.0744263861879442,0.369368638407558,0.392377151647617
8.45625000000001,2.5,0.0705608887374263,0.0744263861879442,0.369398229891032,0.39237720548035
8.46250000000001,2.5,0.0705732053409754,0.0744263861879442,0.36942808107002,0.392377258877465
8.46875000000001,2.5,0.0705854816040242,0.0744263861879442,0.369458188208102,0.392377311842486
8.47500000000001,2.5,0.0705977176660521,0.0744263861879442,0.3694885476045,0.392377364378909
8.48125000000001,2.5,0.0706099136660058,0.0744263861879442,0.36951915559403,0.392377416490204
8.48750000000001,2.5,0.0706220697423,0.0744263861879442,0.36955000854718,0.39237746817981
8.49375000000001,2.5,0.0706341860328218,0.0744263861879442,0.369581102869229,0.392377519451139
8.50000000000001,2.5,0.070646262674934,0.0744263861879442,0.369612434999869,0.392377570307576
8.50625000000001,2.5,0.0706582998054757,0.0744263861879442,0.369644001413167,0.392377620752479
8.51250000000001,2.5,0.0706702975607636,0.0744263861879442,0.369675798617636,0.392377670789178
8.51875000000001,2.5,0.0706822560765967,0.0744263861879442,0.369707823155381,0.392377720420976
8.52500000000001,2.5,0.0706941754882581,0.0744263861879442,0.369740071601741,0.392377769651149
8.53125000000001,2.5,0.0707060559305173,0.0744263861879442,0.369772540565246,0.392377818482947
8.53750000000001,2.5,0.0707178975376302,0.0744263861879442,0.369805226687686,0.392377866919595
8.54375000000001,2.5,0.0707297004433441,0.0744263861879442,0.369838126643289,0.392377914964289
8.55000000000001,2.5,0.0707414647808998,0.0744263861879442,0.369871237138372,0.392377962620202
8.55625000000001,2.5,0.0707531906830334,0.0744263861879442,0.369904554911299,0.39237800989048
8.56250000000001,2.5,0.0707648782819765,0.0744263861879442,0.369938076732552,0.392378056778242
8.56875000000001,2.5,0.070776527709461,0.0744263861879442,0.369971799403929,0.392378103286585
8.57500000000001,2.5,0.0707881390967214,0.0744263861879442,0.370005719758214,0.392378149418578
8.58125000000001,2.5,0.070799712574496,0.0744263861879442,0.370039834659131,0.392378195177268
8.58750000000001,2.5,0.0708112482730279,0.0744263861879442,0.370074141001416,0.392378240565674
8.59375000000001,2.5,0.0708227463220689,0.0744263861879442,0.370108635710042,0.392378285586794
8.60000000000001,2.5,0.0708342068508823,0.0744263861879442,0.370143315739895,0.3923783302436
8.60625000000001,2.5,0.0708456299882438,0.0744263861879442,0.370178178075735,0.392378374539038
8.61250000000001,2.5,0.0708570158624427,0.0744263861879442,0.370213219732264,0.392378418476035
8.61875000000001,2.5,0.0708683646012855,0.0744263861879442,0.370248437753375,0.39237846205749
8.62500000000001,2.5,0.0708796763320986,0.0744263861879442,0.370283829211841,0.39237850528628
8.63125000000001,2.5,0.0708909511817297,0.0744263861879442,0.370319391209278,0.392378548165259
8.63750000000001,2.5,0.0709021892765479,0.0744263861879442,0.370355120876205,0.392378590697258
8.64375000000001,2.5,0.0709133907424486,0.0744263861879442,0.370391015371326,0.392378632885085
8.65000000000001,2.5,0.070924555704855,0.0744263861879442,0.370427071881224,0.392378674731524
8.65625000000001,2.5,0.0709356842887199,0.0744263861879442,0.370463287620326,0.392378716239339
8.66250000000001,2.5,0.0709467766185263,0.0744263861879442,0.370499659830965,0.392378757411268
8.66875000000001,2.5,0.0709578328182911,0.0744263861879442,0.370536185782677,0.392378798250032
8.67500000000001,2.5,0.0709688530115676,0.0744263861879442,0.370572862771917,0.392378838758324
8.68125000000001,2.5,0.0709798373214466,0.0744263861879442,0.370609688122015,0.392378878938821
8.68750000000001,2.5,0.0709907858705573,0.0744263861879442,0.370646659183241,0.392378918794173
8.69375000000001,2.5,0.0710016987810708,0.0744263861879442,0.370683773332126,0.392378958327013
8.70000000000001,2.5,0.0710125761747027,0.0744263861879442,0.370721027971182,0.39237899753995
8.70625000000001,2.5,0.071023418172714,0.0744263861879442,0.370758420528868,0.392379036435572
8.71250000000001,2.5,0.071034224895912,0.0744263861879442,0.370795948459644,0.392379075016448
8.71875000000001,2.5,0.0710449964646539,0.0744263861879442,0.370833609243321,0.392379113285124
8.72500000000001,2.5,0.0710557329988491,0.0744263861879442,0.370871400384788,0.392379151244127
8.73125000000001,2.5,0.0710664346179604,0.0744263861879442,0.370909319413979,0.392379188895963
8.73750000000001,2.5,0.0710771014410044,0.0744263861879442,0.370947363885925,0.392379226243117
8.74375000000001,2.5,0.0710877335865554,0.0744263861879442,0.370985531380126,0.392379263288055
8.75000000000001,2.5,0.0710983311727478,0.0744263861879442,0.371023819500289,0.392379300033222
8.75625000000001,2.5,0.0711088943172767,0.0744263861879442,0.37106222587429,0.392379336481044
8.76250000000001,2.5,0.0711194231373989,0.0744263861879442,0.371100748154234,0.392379372633928
8.76875000000001,2.5,0.0711299177499363,0.0744263861879442,0.37113938401584,0.392379408494259
8.77500000000001,2.5,0.0711403782712783,0.0744263861879442,0.371178131158188,0.392379444064406
8.78125000000001,2.5,0.0711508048173828,0.0744263861879442,0.37121698730369,0.392379479346716
8.78750000000001,2.5,0.0711611975037765,0.0744263861879442,0.371255950198136,0.392379514343519
8.79375000000001,2.5,0.0711715564455589,0.0744263861879442,0.371295017610111,0.392379549057125
8.80000000000001,2.5,0.0711818817574042,0.0744263861879442,0.371334187330744,0.392379583489826
8.80625000000001,2.5,0.0711921735535623,0.0744263861879442,0.371373457173681,0.392379617643894
8.81250000000001,2.5,0.0712024319478595,0.0744263861879442,0.371412824975131,0.392379651521585
8.81875000000001,2.5,0.0712126570537019,0.0744263861879442,0.371452288593299,0.392379685125135
8.82500000000001,2.5,0.0712228489840776,0.0744263861879442,0.371491845908148,0.392379718456762
8.83125000000001,2.5,0.0712330078515577,0.0744263861879442,0.371531494821371,0.392379751518667
8.83750000000001,2.5,0.0712431337682965,0.0744263861879442,0.371571233256433,0.392379784313032
8.84375000000001,2.5,0.0712532268460356,0.0744263861879442,0.371611059158028,0.392379816842023
8.85000000000001,2.5,0.0712632871961053,0.0744263861879442,0.371650970491845,0.392379849107786
8.85625000000001,2.5,0.0712733149294261,0.0744263861879442,0.371690965244538,0.392379881112452
8.86250000000001,2.5,0.0712833101565089,0.0744263861879442,0.371731041423777,0.392379912858134
8.86875000000001,2.5,0.0712932729874583,0.0744263861879442,0.371771197057713,0.392379944346927
8.87500000000001,2.5,0.0713032035319752,0.0744263861879442,0.371811430194756,0.392379975580911
8.88125000000001,2.5,0.0713131018993571,0.0744263861879442,0.371851738903547,0.392380006562146
8.88750000000001,2.5,0.0713229681984989,0.0744263861879442,0.371892121273004,0.392380037292679
8.89375000000001,2.5,0.071332802537896,0.0744263861879442,0.371932575411806,0.392380067774537
8.90000000000001,2.5,0.0713426050256469,0.0744263861879442,0.371973099448184,0.392380098009734
8.90625000000001,2.5,0.0713523757694534,0.0744263861879442,0.372013691529883,0.392380128000266
8.91250000000001,2.5,0.0713621148766214,0.0744263861879442,0.372054349824218,0.392380157748111
8.91875000000001,2.5,0.0713718224540641,0.0744263861879442,0.372095072517567,0.392380187255235
8.92500000000001,2.5,0.0713814986083044,0.0744263861879442,0.37213585781517,0.392380216523584
8.93125000000001,2.5,0.0713911434454749,0.0744263861879442,0.372176703941099,0.392380245555092
8.93750000000001,2.5,0.0714007570713192,0.0744263861879442,0.372217609138302,0.392380274351674
8.94375000000001,2.5,0.0714103395911946,0.0744263861879442,0.372258571668123,0.392380302915232
8.95000000000001,2.5,0.0714198911100744,0.0744263861879442,0.3722995898101,0.392380331247652
8.95625000000001,2.5,0.0714294117325484,0.0744263861879442,0.372340661861941,0.392380359350803
8.96250000000001,2.5,0.0714389015628236,0.0744263861879442,0.372381786139563,0.392380387226541
8.96875000000001,2.5,0.0714483607047274,0.0744263861879442,0.372422960976628,0.392380414876707
8.97500000000001,2.5,0.0714577892617093,0.0744263861879442,0.372464184724353,0.392380442303125
8.98125000000001,2.5,0.0714671873368418,0.0744263861879442,0.372505455751481,0.392380469507606
8.98750000000001,2.5,0.0714765550328207,0.0744263861879442,0.372546772444322,0.392380496491946
8.99375000000001,2.5,0.0714858924519688,0.0744263861879442,0.372588133206303,0.392380523257927
9.00000000000001,2.5,0.071495199696237,0.0744263861879442,0.372629536457784,0.392380549807315
9.00625000000001,2.5,0.0715044768672055,0.0744263861879442,0.372670980636032,0.392380576141864
9.01250000000001,2.5,0.0715137240660841,0.0744263861879442,0.372712464195257,0.392380602263311
9.01875000000001,2.5,0.0715229413937156,0.0744263861879442,0.372753985606184,0.392380628173382
9.02500000000001,2.5,0.071532128950577,0.0744263861879442,0.372795543355866,0.392380653873786
9.03125000000001,2.5,0.0715412868367809,0.0744263861879442,0.372837135947666,0.39238067936622
9.03750000000002,2.5,0.0715504151520755,0.0744263861879442,0.37287876190129,0.392380704652367
9.04375000000002,2.5,0.0715595139958478,0.0744263861879442,0.37292041975237,0.392380729733897
9.05000000000001,2.5,0.0715685834671253,0.0744263861879442,0.372962108052289,0.392380754612465
9.05625000000001,2.5,0.0715776236645769,0.0744263861879442,0.373003825368159,0.392380779289714
9.06250000000001,2.5,0.0715866346865131,0.0744263861879442,0.373045570282854,0.392380803767272
9.06875000000002,2.5,0.0715956166308893,0.0744263861879442,0.373087341394608,0.392380828046756
9.07500000000002,2.5,0.0716045695953069,0.0744263861879442,0.373129137316847,0.392380852129768
9.08125000000001,2.5,0.071613493677015,0.0744263861879442,0.373170956678164,0.392380876017899
9.08750000000002,2.5,0.0716223889729098,0.0744263861879442,0.373212798122353,0.392380899712725
9.09375000000002,2.5,0.0716312555795381,0.0744263861879442,0.373254660308024,0.39238092321581
9.10000000000002,2.5,0.0716400935930991,0.0744263861879442,0.373296541908431,0.392380946528707
9.10625000000002,2.5,0.0716489031094446,0.0744263861879442,0.37333844161146,0.392380969652954
9.11250000000001,2.5,0.0716576842240799,0.0744263861879442,0.373380358119654,0.392380992590077
9.11875000000002,2.5,0.0716664370321664,0.0744263861879442,0.37342229014984,0.392381015341592
9.12500000000002,2.5,0.0716751616285233,0.0744263861879442,0.37346423643297,0.392381037908999
9.13125000000002,2.5,0.0716838581076283,0.0744263861879442,0.373506195714102,0.392381060293789
9.13750000000002,2.5,0.0716925265636181,0.0744263861879442,0.373548166752428,0.39238108249744
9.14375000000002,2.5,0.0717011670902911,0.0744263861879442,0.373590148320913,0.392381104521416
9.15000000000002,2.5,0.071709779781109,0.0744263861879442,0.373632139206143,0.392381126367173
9.15625000000002,2.5,0.0717183647291978,0.0744263861879442,0.3736741382083,0.392381148036152
9.16250000000002,2.5,0.0717269220273477,0.0744263861879442,0.3737161441412,0.392381169529785
9.16875000000002,2.5,0.071735451768016,0.0744263861879442,0.373758155831932,0.392381190849488
9.17500000000002,2.5,0.0717439540433292,0.0744263861879442,0.373800172120721,0.392381211996672
9.18125000000002,2.5,0.0717524289450828,0.0744263861879442,0.373842191860898,0.39238123297273
9.18750000000002,2.5,0.0717608765647426,0.0744263861879442,0.37388421391894,0.392381253779048
9.19375000000002,2.5,0.0717692969934465,0.0744263861879442,0.37392623717412,0.392381274417
9.20000000000002,2.5,0.0717776903220069,0.0744263861879442,0.373968260518372,0.392381294887948
9.20625000000002,2.5,0.0717860566409109,0.0744263861879442,0.374010282856268,0.392381315193244
9.21250000000002,2.5,0.0717943960403205,0.0744263861879442,0.37405230310505,0.392381335334227
9.21875000000002,2.5,0.0718027086100759,0.0744263861879442,0.374094320194298,0.392381355312228
9.22500000000002,2.5,0.0718109944396964,0.0744263861879442,0.374136333065792,0.392381375128565
9.23125000000002,2.5,0.0718192536183813,0.0744263861879442,0.374178340673501,0.392381394784547
9.23750000000002,2.5,0.0718274862350104,0.0744263861879442,0.374220341983601,0.392381414281471
9.24375000000002,2.5,0.0718356923781462,0.0744263861879442,0.374262335974162,0.392381433620624
9.25000000000002,2.5,0.0718438721360362,0.0744263861879442,0.374304321635016,0.392381452803284
9.25625000000002,2.5,0.0718520255966124,0.0744263861879442,0.37434629796774,0.392381471830715
9.26250000000002,2.5,0.0718601528474926,0.0744263861879442,0.374388263985678,0.392381490704176
9.26875000000002,2.5,0.0718682539759826,0.0744263861879442,0.374430218713638,0.39238150942491
9.27500000000002,2.5,0.0718763290690776,0.0744263861879442,0.374472161187764,0.392381527994155
9.28125000000002,2.5,0.0718843782134632,0.0744263861879442,0.374514090455518,0.392381546413136
9.28750000000002,2.5,0.071892401495515,0.0744263861879442,0.374556005575705,0.392381564683069
9.29375000000002,2.5,0.071900399001302,0.0744263861879442,0.374597905618175,0.392381582805161
9.30000000000002,2.5,0.0719083708165874,0.0744263861879442,0.374639789663706,0.392381600780607
9.30625000000002,2.5,0.0719163170268298,0.0744263861879442,0.374681656803979,0.392381618610594
9.31250000000002,2.5,0.0719242377171826,0.0744263861879442,0.374723506141608,0.392381636296299
9.31875000000002,2.5,0.0719321329724976,0.0744263861879442,0.374765336789852,0.39238165383889
9.32500000000002,2.5,0.0719400028773257,0.0744263861879442,0.374807147872496,0.392381671239526
9.33125000000002,2.5,0.0719478475159176,0.0744263861879442,0.374848938523836,0.392381688499353
9.33750000000002,2.5,0.0719556669722242,0.0744263861879442,0.374890707888698,0.392381705619513
9.34375000000002,2.5,0.0719634613298991,0.0744263861879442,0.374932455122168,0.392381722601136
9.35000000000002,2.5,0.0719712306723,0.0744263861879442,0.374974179389473,0.392381739445341
9.35625000000002,2.5,0.0719789750824892,0.0744263861879442,0.375015879865965,0.392381756153242
9.36250000000002,2.5,0.0719866946432338,0.0744263861879442,0.375057555737146,0.392381772725941
9.36875000000002,2.5,0.0719943894370084,0.0744263861879442,0.3750992061984,0.392381789164532
9.37500000000002,2.5,0.0720020595459961,0.0744263861879442,0.37514083045488,0.392381805470102
9.38125000000002,2.5,0.0720097050520895,0.0744263861879442,0.375182427721496,0.392381821643725
9.38750000000002,2.5,0.0720173260368906,0.0744263861879442,0.375223997222934,0.392381837686469
9.39375000000002,2.5,0.0720249225817134,0.0744263861879442,0.375265538193401,0.392381853599395
9.40000000000002,2.5,0.0720324947675852,0.0744263861879442,0.375307049876515,0.392381869383552
9.40625000000002,2.5,0.0720400426752471,0.0744263861879442,0.375348531525292,0.392381885039982
9.41250000000002,2.5,0.0720475663851542,0.0744263861879442,0.375389982402166,0.392381900569719
9.41875000000002,2.5,0.0720550659774784,0.0744263861879442,0.375431401778739,0.392381915973789
9.42500000000002,2.5,0.072062541532109,0.0744263861879442,0.375472788935681,0.392381931253207
9.43125000000002,2.5,0.0720699931286539,0.0744263861879442,0.375514143162714,0.392381946408983
9.43750000000002,2.5,0.0720774208464394,0.0744263861879442,0.375555463758628,0.392381961442117
9.44375000000002,2.5,0.0720848247645127,0.0744263861879442,0.375596750031048,0.392381976353602
9.45000000000002,2.5,0.0720922049616432,0.0744263861879442,0.375638001296327,0.392381991144422
9.45625000000002,2.5,0.0720995615163233,0.0744263861879442,0.37567921687954,0.392382005815553
9.46250000000002,2.5,0.0721068945067679,0.0744263861879442,0.375720396114493,0.392382020367965
9.46875000000002,2.5,0.0721142040109174,0.0744263861879442,0.375761538343501,0.392382034802617
9.47500000000002,2.5,0.0721214901064387,0.0744263861879442,0.375802642917285,0.392382049120462
9.48125000000002,2.5,0.0721287528707259,0.0744263861879442,0.375843709194962,0.392382063322447
9.48750000000002,2.5,0.0721359923808999,0.0744263861879442,0.37588473654406,0.392382077409508
9.49375000000002,2.5,0.0721432087138116,0.0744263861879442,0.375925724340298,0.392382091382575
9.50000000000002,2.5,0.0721504019460425,0.0744263861879442,0.375966671967491,0.392382105242571
9.50625000000002,2.5,0.0721575721539053,0.0744263861879442,0.376007578817536,0.392382118990411
9.51250000000002,2.5,0.0721647194134443,0.0744263861879442,0.376048444290431,0.392382132627002
9.51875000000002,2.5,0.0721718438004375,0.0744263861879442,0.376089267794059,0.392382146153245
9.52500000000002,2.5,0.0721789453903977,0.0744263861879442,0.376130048744096,0.392382159570032
9.53125000000002,2.5,0.0721860242585735,0.0744263861879442,0.376170786564001,0.39238217287825
9.53750000000002,2.5,0.0721930804799487,0.0744263861879442,0.376211480685033,0.392382186078776
9.54375000000002,2.5,0.0722001141292452,0.0744263861879442,0.376252130546038,0.392382199172483
9.55000000000002,2.5,0.0722071252809239,0.0744263861879442,0.376292735593368,0.392382212160235
9.55625000000002,2.5,0.0722141140091854,0.0744263861879442,0.376333295280864,0.392382225042888
9.56250000000002,2.5,0.0722210803879696,0.0744263861879442,0.376373809069877,0.392382237821294
9.56875000000002,2.5,0.0722280244909586,0.0744263861879442,0.376414276429062,0.392382250496296
9.57500000000002,2.5,0.0722349463915775,0.0744263861879442,0.376454696834295,0.392382263068731
9.58125000000002,2.5,0.072241846162995,0.0744263861879442,0.376495069768666,0.392382275539429
9.58750000000002,2.5,0.0722487238781234,0.0744263861879442,0.376535394722486,0.392382287909212
9.59375000000002,2.5,0.0722555796096209,0.0744263861879442,0.376575671193101,0.392382300178899
9.60000000000002,2.5,0.0722624134298928,0.0744263861879442,0.376615898684805,0.392382312349298
9.60625000000002,2.5,0.0722692254110919,0.0744263861879442,0.376656076708834,0.392382324421214
9.61250000000002,2.5,0.0722760156251184,0.0744263861879442,0.376696204783375,0.392382336395442
9.61875000000002,2.5,0.0722827841436224,0.0744263861879442,0.376736282433382,0.392382348272774
9.62500000000002,2.5,0.0722895310380052,0.0744263861879442,0.376776309190498,0.392382360053994
9.63125000000002,2.5,0.072296256379419,0.0744263861879442,0.376816284593042,0.392382371739879
9.63750000000002,2.5,0.0723029602387677,0.0744263861879442,0.376856208186025,0.392382383331201
9.64375000000002,2.5,0.0723096426867088,0.0744263861879442,0.376896079520968,0.392382394828725
9.65000000000002,2.5,0.0723163037936546,0.0744263861879442,0.376935898155828,0.39238240623321
9.65625000000002,2.5,0.0723229436297725,0.0744263861879442,0.376975663654983,0.392382417545409
9.66250000000002,2.5,0.0723295622649849,0.0744263861879442,0.377015375589252,0.392382428766069
9.66875000000002,2.5,0.0723361597689721,0.0744263861879442,0.377055033535716,0.39238243989593
9.67500000000002,2.5,0.0723427362111724,0.0744263861879442,0.377094637077645,0.392382450935728
9.68125000000002,2.5,0.0723492916607834,0.0744263861879442,0.377134185804491,0.392382461886191
9.68750000000002,2.5,0.0723558261867612,0.0744263861879442,0.377173679311897,0.392382472748041
9.69375000000002,2.5,0.0723623398578235,0.0744263861879442,0.377213117201531,0.392382483521997
9.70000000000002,2.5,0.0723688327424497,0.0744263861879442,0.377252499081015,0.392382494208769
9.70625000000002,2.5,0.0723753049088821,0.0744263861879442,0.377291824563916,0.392382504809063
9.71250000000002,2.5,0.0723817564251255,0.0744263861879442,0.377331093269757,0.392382515323578
9.71875000000002,2.5,0.0723881873589493,0.0744263861879442,0.377370304823853,0.392382525753009
9.72500000000002,2.5,0.0723945977778889,0.0744263861879442,0.377409458857246,0.392382536098044
9.73125000000002,2.5,0.0724009877492457,0.0744263861879442,0.377448555006697,0.392382546359366
9.73750000000003,2.5,0.0724073573400873,0.0744263861879442,0.377487592914691,0.392382556537653
9.74375000000003,2.5,0.0724137066172498,0.0744263861879442,0.377526572229287,0.392382566633577
9.75000000000002,2.5,0.0724200356473385,0.0744263861879442,0.377565492604048,0.392382576647803
9.75625000000002,2.5,0.0724263444967282,0.0744263861879442,0.377604353698036,0.392382586580993
9.76250000000002,2.5,0.0724326332315637,0.0744263861879442,0.377643155175817,0.392382596433803
9.76875000000003,2.5,0.0724389019177616,0.0744263861879442,0.377681896707318,0.392382606206884
9.77500000000003,2.5,0.0724451506210112,0.0744263861879442,0.377720577967754,0.39238261590088
9.78125000000002,2.5,0.072451379406775,0.0744263861879442,0.377759198637629,0.392382625516431
9.78750000000003,2.5,0.0724575883402888,0.0744263861879442,0.377797758402739,0.392382635054172
9.79375000000003,2.5,0.0724637774865635,0.0744263861879442,0.37783625695403,0.392382644514734
9.80000000000003,2.5,0.0724699469103863,0.0744263861879442,0.377874693987535,0.392382653898739
9.80625000000003,2.5,0.0724760966763211,0.0744263861879442,0.377913069204368,0.392382663206809
9.81250000000002,2.5,0.0724822268487082,0.0744263861879442,0.377951382310731,0.392382672439557
9.81875000000003,2.5,0.0724883374916668,0.0744263861879442,0.377989633017775,0.392382681597592
9.82500000000003,2.5,0.0724944286690955,0.0744263861879442,0.378027821041541,0.39238269068152
9.83125000000003,2.5,0.0725005004446729,0.0744263861879442,0.378065946102951,0.392382699691941
9.83750000000003,2.5,0.0725065528818576,0.0744263861879442,0.378104007927819,0.392382708629448
9.84375000000003,2.5,0.0725125860438902,0.0744263861879442,0.378142006246714,0.392382717494632
9.85000000000003,2.5,0.0725185999937942,0.0744263861879442,0.378179940794902,0.392382726288078
9.85625000000003,2.5,0.0725245947943762,0.0744263861879442,0.378217811312343,0.392382735010367
9.86250000000003,2.5,0.0725305705082262,0.0744263861879442,0.378255617543692,0.392382743662075
9.86875000000003,2.5,0.0725365271977194,0.0744263861879442,0.378293359238178,0.392382752243772
9.87500000000003,2.5,0.0725424649250172,0.0744263861879442,0.378331036149539,0.392382760756026
9.88125000000003,2.5,0.0725483837520675,0.0744263861879442,0.378368648036021,0.392382769199397
9.88750000000003,2.5,0.0725542837406046,0.0744263861879442,0.378406194660387,0.392382777574445
9.89375000000003,2.5,0.0725601649521512,0.0744263861879442,0.378443675789785,0.39238278588172
9.90000000000003,2.5,0.0725660274480197,0.0744263861879442,0.378481091195701,0.392382794121773
9.90625000000003,2.5,0.0725718712893118,0.0744263861879442,0.378518440653949,0.392382802295146
9.91250000000003,2.5,0.0725776965369189,0.0744263861879442,0.378555723944678,0.39238281040238
9.91875000000003,2.5,0.0725835032515243,0.0744263861879442,0.378592940852253,0.392382818444009
9.92500000000003,2.5,0.0725892914936036,0.0744263861879442,0.378630091165202,0.392382826420565
9.93125000000003,2.5,0.0725950613234251,0.0744263861879442,0.378667174676211,0.392382834332573
9.93750000000003,2.5,0.0726008128010501,0.0744263861879442,0.378704191182128,0.392382842180558
9.94375000000003,2.5,0.0726065459863345,0.0744263861879442,0.378741140483849,0.392382849965035
9.95000000000003,2.5,0.0726122609389299,0.0744263861879442,0.378778022386269,0.39238285768652
9.95625000000003,2.5,0.0726179577182836,0.0744263861879442,0.37881483669827,0.392382865345523
9.96250000000003,2.5,0.0726236363836389,0.0744263861879442,0.378851583232737,0.392382872942547
9.96875000000003,2.5,0.0726292969940369,0.0744263861879442,0.378888261806435,0.392382880478097
9.97500000000003,2.5,0.0726349396083172,0.0744263861879442,0.378924872239971,0.392382887952668
9.98125000000003,2.5,0.0726405642851183,0.0744263861879442,0.378961414357778,0.392382895366754
9.98750000000003,2.5,0.0726461710828778,0.0744263861879442,0.378997887988132,0.392382902720844
9.99375000000003,2.5,0.0726517600598338,0.0744263861879442,0.379034292963033,0.392382910015425
10,2.5,0.0726573312740261,0.0744263861879442,0.379070629118167,0.392382917250977
10.00625,2.5,0.0726628847832965,0.0744263861879442,0.379106896292894,0.392382924427979
10.0125,2.5,0.0726684206452886,0.0744263861879442,0.379143094330259,0.392382931546904
10.01875,2.5,0.0726739389174496,0.0744263861879442,0.379179223076883,0.392382938608222
10.025,2.5,0.0726794396570312,0.0744263861879442,0.379215282382923,0.392382945612399
10.03125,2.5,0.0726849229210901,0.0744263861879442,0.37925127210206,0.392382952559898
10.0375,2.5,0.0726903887664878,0.0744263861879442,0.379287192091512,0.392382959451177
10.04375,2.5,0.0726958372498922,0.0744263861879442,0.379323042211928,0.392382966286691
10.05,2.5,0.0727012684277787,0.0744263861879442,0.379358822327345,0.392382973066892
10.05625,2.5,0.0727066823564304,0.0744263861879442,0.379394532305187,0.392382979792227
10.0625,2.5,0.0727120790919381,0.0744263861879442,0.379430172016264,0.39238298646314
10.06875,2.5,0.0727174586902019,0.0744263861879442,0.379465741334682,0.392382993080071
10.075,2.5,0.0727228212069324,0.0744263861879442,0.379501240137793,0.392382999643458
10.08125,2.5,0.0727281666976505,0.0744263861879442,0.379536668306197,0.392383006153733
10.0875,2.5,0.0727334952176876,0.0744263861879442,0.379572025723744,0.392383012611326
10.09375,2.5,0.0727388068221875,0.0744263861879442,0.37960731227744,0.392383019016664
10.1,2.5,0.0727441015661068,0.0744263861879442,0.379642527857409,0.39238302537017
10.10625,2.5,0.0727493795042156,0.0744263861879442,0.379677672356884,0.392383031672262
10.1125,2.5,0.0727546406910971,0.0744263861879442,0.379712745672215,0.392383037923357
10.11875,2.5,0.0727598851811497,0.0744263861879442,0.379747747702781,0.392383044123868
10.125,2.5,0.0727651130285873,0.0744263861879442,0.379782678350942,0.392383050274204
10.13125,2.5,0.0727703242874401,0.0744263861879442,0.379817537522047,0.392383056374771
10.1375,2.5,0.0727755190115541,0.0744263861879442,0.379852325124426,0.392383062425972
10.14375,2.5,0.072780697254593,0.0744263861879442,0.379887041069313,0.392383068428206
10.15,2.5,0.0727858590700392,0.0744263861879442,0.379921685270803,0.392383074381869
10.15625,2.5,0.0727910045111936,0.0744263861879442,0.379956257645848,0.392383080287355
10.1625,2.5,0.0727961336311757,0.0744263861879442,0.379990758114262,0.392383086145053
10.16875,2.5,0.0728012464829256,0.0744263861879442,0.38002518659864,0.39238309195535
10.175,2.5,0.0728063431192044,0.0744263861879442,0.380059543024315,0.39238309771863
10.18125,2.5,0.0728114235925946,0.0744263861879442,0.380093827319361,0.392383103435273
10.1875,2.5,0.0728164879554999,0.0744263861879442,0.380128039414592,0.392383109105656
10.19375,2.5,0.0728215362601471,0.0744263861879442,0.380162179243482,0.392383114730154
10.2,2.5,0.0728265685585867,0.0744263861879442,0.380196246742134,0.392383120309138
10.20625,2.5,0.0728315849026931,0.0744263861879442,0.38023024184927,0.392383125842977
10.2125,2.5,0.0728365853441646,0.0744263861879442,0.380264164506238,0.392383131332035
10.21875,2.5,0.0728415699345253,0.0744263861879442,0.380298014656935,0.392383136776676
10.225,2.5,0.0728465387251253,0.0744263861879442,0.380331792247772,0.392383142177257
10.23125,2.5,0.0728514917671413,0.0744263861879442,0.380365497227668,0.392383147534137
10.2375,2.5,0.0728564291115765,0.0744263861879442,0.380399129548058,0.392383152847669
10.24375,2.5,0.0728613508092622,0.0744263861879442,0.380432689162814,0.392383158118203
10.25,2.5,0.0728662569108584,0.0744263861879442,0.380466176028214,0.392383163346088
10.25625,2.5,0.0728711474668542,0.0744263861879442,0.380499590102941,0.392383168531668
10.2625,2.5,0.0728760225275677,0.0744263861879442,0.380532931348079,0.392383173675286
10.26875,2.5,0.0728808821431477,0.0744263861879442,0.38056619972705,0.392383178777281
10.275,2.5,0.072885726363574,0.0744263861879442,0.380599395205575,0.392383183837991
10.28125,2.5,0.072890555238658,0.0744263861879442,0.380632517751674,0.392383188857749
10.2875,2.5,0.0728953688180428,0.0744263861879442,0.380665567335669,0.392383193836886
10.29375,2.5,0.0729001671512041,0.0744263861879442,0.380698543930113,0.392383198775732
10.3,2.5,0.0729049502874518,0.0744263861879442,0.380731447509763,0.392383203674613
10.30625,2.5,0.0729097182759293,0.0744263861879442,0.38076427805157,0.392383208533851
10.3125,2.5,0.0729144711656141,0.0744263861879442,0.38079703553469,0.392383213353768
10.31875,2.5,0.0729192090053192,0.0744263861879442,0.380829719940411,0.392383218134682
10.325,2.5,0.0729239318436936,0.0744263861879442,0.380862331252127,0.392383222876908
10.33125,2.5,0.0729286397292226,0.0744263861879442,0.380894869455331,0.39238322758076
10.3375,2.5,0.0729333327102279,0.0744263861879442,0.380927334537623,0.392383232246548
10.34375,2.5,0.0729380108348689,0.0744263861879442,0.380959726488641,0.39238323687458
10.35,2.5,0.0729426741511435,0.0744263861879442,0.380992045300037,0.392383241465162
10.35625,2.5,0.0729473227068884,0.0744263861879442,0.381024290965468,0.392383246018596
10.3625,2.5,0.0729519565497789,0.0744263861879442,0.381056463480604,0.392383250535183
10.36875,2.5,0.0729565757273302,0.0744263861879442,0.381088562843064,0.392383255015222
10.375,2.5,0.0729611802868986,0.0744263861879442,0.381120589052386,0.392383259459008
10.38125,2.5,0.0729657702756812,0.0744263861879442,0.38115254211003,0.392383263866834
10.3875,2.5,0.0729703457407162,0.0744263861879442,0.381184422019375,0.392383268238992
10.39375,2.5,0.0729749067288842,0.0744263861879442,0.38121622878566,0.392383272575771
10.4,2.5,0.0729794532869087,0.0744263861879442,0.381247962415962,0.392383276877455
10.40625,2.5,0.0729839854613567,0.0744263861879442,0.381279622919188,0.39238328114433
10.4125,2.5,0.0729885032986385,0.0744263861879442,0.381311210306079,0.392383285376677
10.41875,2.5,0.0729930068450087,0.0744263861879442,0.381342724589152,0.392383289574776
10.425,2.5,0.0729974961465677,0.0744263861879442,0.381374165782678,0.392383293738903
10.43125,2.5,0.073001971249261,0.0744263861879442,0.381405533902674,0.392383297869334
10.4375,2.5,0.0730064321988799,0.0744263861879442,0.381436828966909,0.392383301966341
10.44375,2.5,0.0730108790410624,0.0744263861879442,0.381468050994846,0.392383306030195
10.45,2.5,0.0730153118212942,0.0744263861879442,0.38149920000762,0.392383310061163
10.45625,2.5,0.0730197305849085,0.0744263861879442,0.381530276028033,0.392383314059513
10.4625,2.5,0.0730241353770865,0.0744263861879442,0.381561279080557,0.392383318025508
10.46875,2.5,0.0730285262428582,0.0744263861879442,0.381592209191283,0.39238332195941
10.475,2.5,0.0730329032271035,0.0744263861879442,0.381623066387891,0.392383325861478
10.48125,2.5,0.0730372663745521,0.0744263861879442,0.381653850699656,0.39238332973197
10.4875,2.5,0.0730416157297835,0.0744263861879442,0.381684562157442,0.392383333571142
10.49375,2.5,0.0730459513372287,0.0744263861879442,0.381715200793656,0.392383337379247
10.5,2.5,0.0730502732411703,0.0744263861879442,0.381745766642223,0.392383341156537
10.50625,2.5,0.073054581485743,0.0744263861879442,0.381776259738583,0.39238334490326
10.5125,2.5,0.0730588761149335,0.0744263861879442,0.381806680119694,0.392383348619665
10.51875,2.5,0.0730631571725819,0.0744263861879442,0.381837027823984,0.392383352305996
10.525,2.5,0.0730674247023822,0.0744263861879442,0.381867302891325,0.392383355962497
10.53125,2.5,0.0730716787478826,0.0744263861879442,0.381897505363033,0.392383359589409
10.5375,2.5,0.0730759193524853,0.0744263861879442,0.381927635281871,0.392383363186973
10.54375,2.5,0.073080146559448,0.0744263861879442,0.381957692692,0.392383366755424
10.55,2.5,0.0730843604118845,0.0744263861879442,0.381987677638956,0.392383370294999
10.55625,2.5,0.0730885609527646,0.0744263861879442,0.38201759016965,0.392383373805932
10.5625,2.5,0.0730927482249146,0.0744263861879442,0.382047430332372,0.392383377288454
10.56875,2.5,0.073096922271018,0.0744263861879442,0.382077198176739,0.392383380742795
10.575,2.5,0.0731010831336164,0.0744263861879442,0.38210689375368,0.392383384169183
10.58125,2.5,0.0731052308551097,0.0744263861879442,0.38213651711543,0.392383387567845
10.5875,2.5,0.0731093654777561,0.0744263861879442,0.382166068315535,0.392383390939004
10.59375,2.5,0.0731134870436732,0.0744263861879442,0.382195547408806,0.392383394282884
10.6,2.5,0.0731175955948386,0.0744263861879442,0.382224954451298,0.392383397599704
10.60625,2.5,0.0731216911730903,0.0744263861879442,0.382254289500312,0.392383400889685
10.6125,2.5,0.0731257738201265,0.0744263861879442,0.382283552614392,0.392383404153043
10.61875,2.5,0.0731298435775067,0.0744263861879442,0.382312743853284,0.392383407389994
10.625,2.5,0.0731339004866527,0.0744263861879442,0.38234186327792,0.39238341060075
10.63125,2.5,0.0731379445888484,0.0744263861879442,0.382370910950411,0.392383413785526
10.6375,2.5,0.0731419759252399,0.0744263861879442,0.382399886934053,0.392383416944529
10.64375,2.5,0.0731459945368367,0.0744263861879442,0.382428791293282,0.39238342007797
10.65,2.5,0.0731500004645123,0.0744263861879442,0.38245762409366,0.392383423186055
10.65625,2.5,0.0731539937490044,0.0744263861879442,0.382486385401868,0.392383426268989
10.6625,2.5,0.0731579744309149,0.0744263861879442,0.382515075285714,0.392383429326976
10.66875,2.5,0.073161942550711,0.0744263861879442,0.382543693814086,0.392383432360217
10.675,2.5,0.0731658981487257,0.0744263861879442,0.38257224105694,0.392383435368912
10.68125,2.5,0.0731698412651582,0.0744263861879442,0.382600717085297,0.392383438353262
10.6875,2.5,0.0731737719400738,0.0744263861879442,0.382629121971243,0.392383441313461
10.69375,2.5,0.0731776902134049,0.0744263861879442,0.382657455787892,0.392383444249707
10.7,2.5,0.0731815961249517,0.0744263861879442,0.382685718609369,0.392383447162192
10.70625,2.5,0.0731854897143825,0.0744263861879442,0.382713910510807,0.392383450051109
10.7125,2.5,0.0731893710212335,0.0744263861879442,0.382742031568351,0.392383452916649
10.71875,2.5,0.0731932400849099,0.0744263861879442,0.382770081859119,0.392383455759
10.725,2.5,0.0731970969446866,0.0744263861879442,0.382798061461187,0.392383458578351
10.73125,2.5,0.0732009416397083,0.0744263861879442,0.382825970453586,0.392383461374888
10.7375,2.5,0.0732047742089896,0.0744263861879442,0.382853808916305,0.392383464148794
10.74375,2.5,0.0732085946914158,0.0744263861879442,0.382881576930255,0.392383466900255
10.75,2.5,0.073212403125744,0.0744263861879442,0.382909274577252,0.39238346962945
10.75625,2.5,0.0732161995506026,0.0744263861879442,0.382936901940018,0.39238347233656
10.7625,2.5,0.0732199840044919,0.0744263861879442,0.382964459102181,0.392383475021764
10.76875,2.5,0.0732237565257848,0.0744263861879442,0.382991946148239,0.392383477685239
10.775,2.5,0.0732275171527274,0.0744263861879442,0.383019363163549,0.392383480327161
10.78125,2.5,0.0732312659234394,0.0744263861879442,0.383046710234322,0.392383482947704
10.7875,2.5,0.0732350028759139,0.0744263861879442,0.383073987447627,0.392383485547042
10.79375,2.5,0.0732387280480182,0.0744263861879442,0.383101194891355,0.392383488125346
10.8,2.5,0.0732424414774952,0.0744263861879442,0.383128332654207,0.392383490682786
10.80625,2.5,0.0732461432019625,0.0744263861879442,0.383155400825694,0.392383493219531
10.8125,2.5,0.0732498332589131,0.0744263861879442,0.383182399496132,0.392383495735748
10.81875,2.5,0.0732535116857163,0.0744263861879442,0.383209328756617,0.392383498231604
10.825,2.5,0.0732571785196182,0.0744263861879442,0.38323618869901,0.392383500707263
10.83125,2.5,0.0732608337977416,0.0744263861879442,0.383262979415931,0.392383503162889
10.8375,2.5,0.0732644775570864,0.0744263861879442,0.383289701000765,0.392383505598644
10.84375,2.5,0.0732681098345307,0.0744263861879442,0.38331635354763,0.392383508014689
10.85,2.5,0.0732717306668306,0.0744263861879442,0.383342937151365,0.392383510411182
10.85625,2.5,0.0732753400906214,0.0744263861879442,0.383369451907525,0.392383512788283
10.8625,2.5,0.0732789381424165,0.0744263861879442,0.383395897912385,0.392383515146149
10.86875,2.5,0.0732825248586095,0.0744263861879442,0.383422275262911,0.392383517484934
10.875,2.5,0.0732861002754739,0.0744263861879442,0.383448584056746,0.392383519804794
10.88125,2.5,0.0732896644291636,0.0744263861879442,0.383474824392209,0.392383522105881
10.8875,2.5,0.0732932173557127,0.0744263861879442,0.383500996368297,0.392383524388348
10.89375,2.5,0.0732967590910369,0.0744263861879442,0.383527100084654,0.392383526652344
10.9,2.5,0.0733002896709337,0.0744263861879442,0.383553135641562,0.392383528898021
10.90625,2.5,0.0733038091310823,0.0744263861879442,0.383579103139939,0.392383531125525
10.9125,2.5,0.0733073175070444,0.0744263861879442,0.383605002681339,0.392383533335004
10.91875,2.5,0.0733108148342642,0.0744263861879442,0.383630834367925,0.392383535526603
10.925,2.5,0.0733143011480697,0.0744263861879442,0.383656598302458,0.392383537700468
10.93125,2.5,0.0733177764836726,0.0744263861879442,0.383682294588295,0.392383539856742
10.9375,2.5,0.0733212408761678,0.0744263861879442,0.383707923329391,0.392383541995567
10.94375,2.5,0.0733246943605354,0.0744263861879442,0.383733484630272,0.392383544117085
10.95,2.5,0.0733281369716401,0.0744263861879442,0.383758978596025,0.392383546221435
10.95625,2.5,0.0733315687442323,0.0744263861879442,0.383784405332293,0.392383548308757
10.9625,2.5,0.0733349897129471,0.0744263861879442,0.383809764945283,0.392383550379188
10.96875,2.5,0.0733383999123063,0.0744263861879442,0.383835057541732,0.392383552432864
10.975,2.5,0.0733417993767183,0.0744263861879442,0.383860283228906,0.392383554469923
10.98125,2.5,0.073345188140478,0.0744263861879442,0.38388544211459,0.392383556490497
10.9875,2.5,0.0733485662377676,0.0744263861879442,0.383910534307093,0.39238355849472
10.99375,2.5,0.0733519337026568,0.0744263861879442,0.383935559915225,0.392383560482725
11,2.5,0.0733552905691035,0.0744263861879442,0.383960519048285,0.392383562454644
11.00625,2.5,0.0733586368709544,0.0744263861879442,0.38398541181606,0.392383564410605
11.0125,2.5,0.073361972641944,0.0744263861879442,0.384010238328824,0.392383566350738
11.01875,2.5,0.0733652979156967,0.0744263861879442,0.38403499869732,0.392383568275172
11.025,2.5,0.0733686127257263,0.0744263861879442,0.384059693032744,0.392383570184033
11.03125,2.5,0.0733719171054367,0.0744263861879442,0.384084321446749,0.392383572077447
11.0375,2.5,0.0733752110881219,0.0744263861879442,0.384108884051441,0.39238357395554
11.04375,2.5,0.0733784947069663,0.0744263861879442,0.384133380959362,0.392383575818435
11.05,2.5,0.0733817679950461,0.0744263861879442,0.384157812283477,0.392383577666255
11.05625,2.5,0.0733850309853286,0.0744263861879442,0.384182178137172,0.392383579499122
11.0625,2.5,0.0733882837106729,0.0744263861879442,0.384206478634259,0.392383581317158
11.06875,2.5,0.07339152620383,0.0744263861879442,0.38423071388895,0.392383583120482
11.075,2.5,0.0733947584974442,0.0744263861879442,0.384254884015851,0.392383584909214
11.08125,2.5,0.0733979806240524,0.0744263861879442,0.38427898912996,0.392383586683471
11.0875,2.5,0.0734011926160846,0.0744263861879442,0.384303029346668,0.39238358844337
11.09375,2.5,0.0734043945058646,0.0744263861879442,0.384327004781737,0.392383590189029
11.1,2.5,0.0734075863256104,0.0744263861879442,0.384350915551294,0.392383591920561
11.10625,2.5,0.0734107681074345,0.0744263861879442,0.384374761771827,0.392383593638081
11.1125,2.5,0.0734139398833439,0.0744263861879442,0.384398543560188,0.392383595341704
11.11875,2.5,0.0734171016852408,0.0744263861879442,0.384422261033572,0.39238359703154
11.125,2.5,0.0734202535449231,0.0744263861879442,0.384445914309509,0.392383598707702
11.13125,2.5,0.0734233954940846,0.0744263861879442,0.384469503505864,0.392383600370301
11.1375,2.5,0.073426527564315,0.0744263861879442,0.384493028740835,0.392383602019445
11.14375,2.5,0.0734296497871006,0.0744263861879442,0.384516490132938,0.392383603655245
11.15,2.5,0.0734327621938251,0.0744263861879442,0.384539887800994,0.392383605277807
11.15625,2.5,0.0734358648157692,0.0744263861879442,0.384563221864134,0.39238360688724
11.1625,2.5,0.0734389576841112,0.0744263861879442,0.384586492441793,0.392383608483649
11.16875,2.5,0.0734420408299273,0.0744263861879442,0.384609699653699,0.39238361006714
11.175,2.5,0.0734451142841923,0.0744263861879442,0.38463284361986,0.392383611637816
11.18125,2.5,0.0734481780777798,0.0744263861879442,0.384655924460563,0.392383613195783
11.1875,2.5,0.0734512322414621,0.0744263861879442,0.384678942296379,0.392383614741143
11.19375,2.5,0.0734542768059109,0.0744263861879442,0.384701897248142,0.392383616273998
11.2,2.5,0.073457311801698,0.0744263861879442,0.384724789436941,0.392383617794448
11.20625,2.5,0.0734603372592952,0.0744263861879442,0.384747618984123,0.392383619302595
11.2125,2.5,0.0734633532090744,0.0744263861879442,0.384770386011291,0.392383620798538
11.21875,2.5,0.0734663596813084,0.0744263861879442,0.384793090640285,0.392383622282376
11.225,2.5,0.0734693567061712,0.0744263861879442,0.38481573299318,0.392383623754206
11.23125,2.5,0.0734723443137386,0.0744263861879442,0.384838313192282,0.392383625214126
11.2375,2.5,0.0734753225339875,0.0744263861879442,0.384860831360129,0.392383626662232
11.24375,2.5,0.0734782913967972,0.0744263861879442,0.384883287619475,0.39238362809862
11.25,2.5,0.0734812509319496,0.0744263861879442,0.384905682093283,0.392383629523385
11.25625,2.5,0.0734842011691295,0.0744263861879442,0.384928014904725,0.392383630936621
11.2625,2.5,0.0734871421379243,0.0744263861879442,0.384950286177182,0.39238363233842
11.26875,2.5,0.0734900738678252,0.0744263861879442,0.38497249603423,0.392383633728876
11.275,2.5,0.0734929963882274,0.0744263861879442,0.384994644599629,0.39238363510808
11.28125,2.5,0.0734959097284299,0.0744263861879442,0.385016731997329,0.392383636476124
11.2875,2.5,0.0734988139176362,0.0744263861879442,0.385038758351465,0.392383637833097
11.29375,2.5,0.0735017089849544,0.0744263861879442,0.385060723786344,0.39238363917909
11.3,2.5,0.0735045949593981,0.0744263861879442,0.385082628426441,0.39238364051419
11.30625,2.5,0.0735074718698862,0.0744263861879442,0.385104472396393,0.392383641838487
11.3125,2.5,0.0735103397452431,0.0744263861879442,0.385126255821005,0.392383643152068
11.31875,2.5,0.0735131986141994,0.0744263861879442,0.385147978825233,0.392383644455019
11.325,2.5,0.0735160485053921,0.0744263861879442,0.38516964153418,0.392383645747427
11.33125,2.5,0.0735188894473652,0.0744263861879442,0.385191244073092,0.392383647029376
11.3375,2.5,0.0735217214685691,0.0744263861879442,0.385212786567361,0.392383648300951
11.34375,2.5,0.0735245445973619,0.0744263861879442,0.385234269142511,0.392383649562237
11.35,2.5,0.0735273588620094,0.0744263861879442,0.385255691924192,0.392383650813316
11.35625,2.5,0.0735301642906854,0.0744263861879442,0.38527705503818,0.392383652054272
11.3625,2.5,0.0735329609114719,0.0744263861879442,0.385298358610377,0.392383653285186
11.36875,2.5,0.0735357487523591,0.0744263861879442,0.385319602766796,0.392383654506139
11.375,2.5,0.0735385278412469,0.0744263861879442,0.385340787633561,0.392383655717212
11.38125,2.5,0.073541298205944,0.0744263861879442,0.385361913336899,0.392383656918485
11.3875,2.5,0.0735440598741685,0.0744263861879442,0.385382980003148,0.392383658110037
11.39375,2.5,0.0735468128735483,0.0744263861879442,0.385403987758738,0.392383659291947
11.4,2.5,0.0735495572316219,0.0744263861879442,0.385424936730189,0.392383660464292
11.40625,2.5,0.073552292975838,0.0744263861879442,0.385445827044112,0.392383661627151
11.4125,2.5,0.0735550201335558,0.0744263861879442,0.385466658827206,0.392383662780601
11.41875,2.5,0.0735577387320457,0.0744263861879442,0.385487432206247,0.392383663924716
11.425,2.5,0.0735604487984897,0.0744263861879442,0.385508147308085,0.392383665059573
11.43125,2.5,0.0735631503599814,0.0744263861879442,0.38552880425964,0.392383666185247
11.4375,2.5,0.073565843443526,0.0744263861879442,0.385549403187907,0.392383667301811
11.44375,2.5,0.0735685280760413,0.0744263861879442,0.385569944219939,0.392383668409341
11.45,2.5,0.0735712042843574,0.0744263861879442,0.385590427482847,0.392383669507908
11.45625,2.5,0.0735738720952178,0.0744263861879442,0.385610853103798,0.392383670597585
11.4625,2.5,0.0735765315352784,0.0744263861879442,0.385631221210013,0.392383671678445
11.46875,2.5,0.0735791826311089,0.0744263861879442,0.38565153192876,0.392383672750558
11.475,2.5,0.0735818254091928,0.0744263861879442,0.385671785387347,0.392383673813996
11.48125,2.5,0.0735844598959278,0.0744263861879442,0.385691981713122,0.392383674868828
11.4875000000001,2.5,0.0735870861176253,0.0744263861879442,0.385712121033472,0.392383675915124
11.4937500000001,2.5,0.0735897041005118,0.0744263861879442,0.385732203475816,0.392383676952954
11.5,2.5,0.0735923138707286,0.0744263861879442,0.385752229167598,0.392383677982386
11.50625,2.5,0.0735949154543324,0.0744263861879442,0.385772198236286,0.392383679003487
11.5125,2.5,0.0735975088772948,0.0744263861879442,0.385792110809375,0.392383680016325
11.5187500000001,2.5,0.0736000941655036,0.0744263861879442,0.385811967014374,0.392383681020968
11.5250000000001,2.5,0.0736026713447625,0.0744263861879442,0.385831766978803,0.392383682017481
11.53125,2.5,0.0736052404407919,0.0744263861879442,0.385851510830196,0.39238368300593
11.5375000000001,2.5,0.0736078014792282,0.0744263861879442,0.385871198696093,0.39238368398638
11.5437500000001,2.5,0.0736103544856248,0.0744263861879442,0.38589083070404,0.392383684958896
11.5500000000001,2.5,0.0736128994854528,0.0744263861879442,0.385910406981579,0.392383685923543
11.5562500000001,2.5,0.0736154365041004,0.0744263861879442,0.385929927656248,0.392383686880384
11.5625,2.5,0.0736179655668734,0.0744263861879442,0.385949392855585,0.392383687829482
11.5687500000001,2.5,0.0736204866989957,0.0744263861879442,0.385968802707114,0.3923836887709
11.5750000000001,2.5,0.0736229999256096,0.0744263861879442,0.385988157338344,0.392383689704699
11.5812500000001,2.5,0.0736255052717761,0.0744263861879442,0.38600745687677,0.392383690630943
11.5875000000001,2.5,0.0736280027624746,0.0744263861879442,0.386026701449869,0.392383691549691
11.5937500000001,2.5,0.0736304924226038,0.0744263861879442,0.386045891185095,0.392383692461004
11.6000000000001,2.5,0.073632974276982,0.0744263861879442,0.386065026209874,0.392383693364943
11.6062500000001,2.5,0.073635448350347,0.0744263861879442,0.386084106651603,0.392383694261568
11.6125000000001,2.5,0.0736379146673565,0.0744263861879442,0.386103132637653,0.392383695150936
11.6187500000001,2.5,0.0736403732525883,0.0744263861879442,0.386122104295356,0.392383696033108
11.6250000000001,2.5,0.0736428241305408,0.0744263861879442,0.386141021752006,0.392383696908142
11.6312500000001,2.5,0.0736452673256334,0.0744263861879442,0.386159885134857,0.392383697776094
11.6375000000001,2.5,0.0736477028622059,0.0744263861879442,0.386178694571121,0.392383698637023
11.6437500000001,2.5,0.0736501307645197,0.0744263861879442,0.386197450187965,0.392383699490985
11.6500000000001,2.5,0.0736525510567578,0.0744263861879442,0.386216152112502,0.392383700338037
11.6562500000001,2.5,0.073654963763025,0.0744263861879442,0.386234800471797,0.392383701178235
11.6625000000001,2.5,0.073657368907348,0.0744263861879442,0.386253395392861,0.392383702011633
11.6687500000001,2.5,0.0736597665136757,0.0744263861879442,0.386271937002647,0.392383702838288
11.6750000000001,2.5,0.07366215660588,0.0744263861879442,0.386290425428046,0.392383703658253
11.6812500000001,2.5,0.0736645392077555,0.0744263861879442,0.386308860795888,0.392383704471583
11.6875000000001,2.5,0.0736669143430196,0.0744263861879442,0.386327243232939,0.392383705278332
11.6937500000001,2.5,0.0736692820353133,0.0744263861879442,0.386345572865898,0.392383706078552
11.7000000000001,2.5,0.0736716423082012,0.0744263861879442,0.386363849821389,0.392383706872297
11.7062500000001,2.5,0.0736739951851719,0.0744263861879442,0.386382074225967,0.392383707659619
11.7125000000001,2.5,0.0736763406896379,0.0744263861879442,0.386400246206112,0.392383708440569
11.7187500000001,2.5,0.073678678844936,0.0744263861879442,0.386418365888225,0.392383709215201
11.7250000000001,2.5,0.0736810096743281,0.0744263861879442,0.386436433398627,0.392383709983563
11.7312500000001,2.5,0.0736833332010007,0.0744263861879442,0.386454448863555,0.392383710745708
11.7375000000001,2.5,0.0736856494480653,0.0744263861879442,0.386472412409165,0.392383711501686
11.7437500000001,2.5,0.0736879584385589,0.0744263861879442,0.386490324161523,0.392383712251547
11.7500000000001,2.5,0.0736902601954443,0.0744263861879442,0.386508184246605,0.392383712995339
11.7562500000001,2.5,0.0736925547416102,0.0744263861879442,0.386525992790295,0.392383713733113
11.7625000000001,2.5,0.0736948420998711,0.0744263861879442,0.386543749918385,0.392383714464916
11.7687500000001,2.5,0.0736971222929681,0.0744263861879442,0.386561455756571,0.392383715190798
11.7750000000001,2.5,0.0736993953435691,0.0744263861879442,0.386579110430448,0.392383715910805
11.7812500000001,2.5,0.0737016612742688,0.0744263861879442,0.38659671406551,0.392383716624987
11.7875000000001,2.5,0.0737039201075888,0.0744263861879442,0.38661426678715,0.392383717333389
11.7937500000001,2.5,0.0737061718659781,0.0744263861879442,0.386631768720659,0.392383718036059
11.8000000000001,2.5,0.0737084165718136,0.0744263861879442,0.386649219991214,0.392383718733042
11.8062500000001,2.5,0.0737106542474,0.0744263861879442,0.386666620723887,0.392383719424386
11.8125000000001,2.5,0.0737128849149698,0.0744263861879442,0.386683971043639,0.392383720110135
11.8187500000001,2.5,0.073715108596684,0.0744263861879442,0.386701271075319,0.392383720790335
11.8250000000001,2.5,0.0737173253146322,0.0744263861879442,0.386718520943658,0.392383721465031
11.8312500000001,2.5,0.0737195350908331,0.0744263861879442,0.386735720773271,0.392383722134267
11.8375000000001,2.5,0.0737217379472339,0.0744263861879442,0.386752870688654,0.392383722798088
11.8437500000001,2.5,0.0737239339057113,0.0744263861879442,0.386769970814185,0.392383723456537
11.8500000000001,2.5,0.0737261229880717,0.0744263861879442,0.386787021274114,0.392383724109658
11.8562500000001,2.5,0.0737283052160512,0.0744263861879442,0.38680402219257,0.392383724757493
11.8625000000001,2.5,0.0737304806113158,0.0744263861879442,0.386820973693554,0.392383725400087
11.8687500000001,2.5,0.0737326491954616,0.0744263861879442,0.386837875900942,0.39238372603748
11.8750000000001,2.5,0.0737348109900155,0.0744263861879442,0.386854728938476,0.392383726669715
11.8812500000001,2.5,0.073736966016435,0.0744263861879442,0.386871532929766,0.392383727296835
11.8875000000001,2.5,0.0737391142961083,0.0744263861879442,0.386888287998292,0.39238372791888
11.8937500000001,2.5,0.0737412558503548,0.0744263861879442,0.386904994267398,0.392383728535891
11.9000000000001,2.5,0.0737433907004256,0.0744263861879442,0.386921651860288,0.392383729147909
11.9062500000001,2.5,0.0737455188675033,0.0744263861879442,0.38693826090003,0.392383729754975
11.9125000000001,2.5,0.073747640372702,0.0744263861879442,0.386954821509552,0.392383730357128
11.9187500000001,2.5,0.0737497552370682,0.0744263861879442,0.38697133381164,0.392383730954408
11.9250000000001,2.5,0.0737518634815805,0.0744263861879442,0.386987797928936,0.392383731546856
11.9312500000001,2.5,0.0737539651271505,0.0744263861879442,0.387004213983935,0.392383732134509
11.9375000000001,2.5,0.0737560601946218,0.0744263861879442,0.38702058209899,0.392383732717407
11.9437500000001,2.5,0.0737581487047714,0.0744263861879442,0.387036902396302,0.392383733295588
11.9500000000001,2.5,0.0737602306783095,0.0744263861879442,0.387053174997926,0.39238373386909
11.9562500000001,2.5,0.0737623061358799,0.0744263861879442,0.387069400025761,0.392383734437952
11.9625000000001,2.5,0.0737643750980594,0.0744263861879442,0.387085577601558,0.39238373500221
11.9687500000001,2.5,0.0737664375853592,0.0744263861879442,0.387101707846912,0.392383735561902
11.9750000000001,2.5,0.0737684936182244,0.0744263861879442,0.387117790883264,0.392383736117065
11.9812500000001,2.5,0.0737705432170346,0.0744263861879442,0.387133826831895,0.392383736667736
11.9875000000001,2.5,0.0737725864021036,0.0744263861879442,0.387149815813931,0.392383737213951
11.9937500000001,2.5,0.0737746231936799,0.0744263861879442,0.387165757950338,0.392383737755745
12.0000000000001,2.5,0.0737766536119474,0.0744263861879442,0.38718165336192,0.392383738293156
12.0062500000001,2.5,0.0737786776770248,0.0744263861879442,0.387197502169318,0.392383738826217
12.0125000000001,2.5,0.0737806954089662,0.0744263861879442,0.387213304493012,0.392383739354965
12.0187500000001,2.5,0.0737827068277613,0.0744263861879442,0.387229060453316,0.392383739879434
12.0250000000001,2.5,0.0737847119533358,0.0744263861879442,0.387244770170376,0.39238374039966
12.0312500000001,2.5,0.0737867108055513,0.0744263861879442,0.387260433764174,0.392383740915675
12.0375000000001,2.5,0.0737887034042056,0.0744263861879442,0.387276051354522,0.392383741427515
12.0437500000001,2.5,0.0737906897690328,0.0744263861879442,0.387291623061061,0.392383741935213
12.0500000000001,2.5,0.0737926699197041,0.0744263861879442,0.387307149003262,0.392383742438803
12.0562500000001,2.5,0.0737946438758272,0.0744263861879442,0.387322629300425,0.392383742938318
12.0625000000001,2.5,0.0737966116569469,0.0744263861879442,0.387338064071674,0.39238374343379
12.0687500000001,2.5,0.0737985732825453,0.0744263861879442,0.387353453435962,0.392383743925254
12.0750000000001,2.5,0.0738005287720422,0.0744263861879442,0.387368797512063,0.39238374441274
12.0812500000001,2.5,0.073802478144795,0.0744263861879442,0.387384096418576,0.392383744896281
12.0875000000001,2.5,0.0738044214200987,0.0744263861879442,0.387399350273923,0.39238374537591
12.0937500000001,2.5,0.0738063586171868,0.0744263861879442,0.387414559196346,0.392383745851657
12.1000000000001,2.5,0.0738082897552311,0.0744263861879442,0.387429723303907,0.392383746323555
12.1062500000001,2.5,0.0738102148533417,0.0744263861879442,0.387444842714487,0.392383746791634
12.1125000000001,2.5,0.0738121339305675,0.0744263861879442,0.387459917545786,0.392383747255925
12.1187500000001,2.5,0.0738140470058963,0.0744263861879442,0.387474947915321,0.392383747716459
12.1250000000001,2.5,0.0738159540982552,0.0744263861879442,0.387489933940425,0.392383748173267
12.1312500000001,2.5,0.0738178552265105,0.0744263861879442,0.387504875738244,0.392383748626378
12.1375000000001,2.5,0.0738197504094681,0.0744263861879442,0.387519773425742,0.392383749075822
12.1437500000001,2.5,0.0738216396658734,0.0744263861879442,0.387534627119693,0.392383749521629
12.1500000000001,2.5,0.073823523014412,0.0744263861879442,0.387549436936684,0.392383749963829
12.1562500000001,2.5,0.0738254004737097,0.0744263861879442,0.387564202993114,0.392383750402451
12.1625000000001,2.5,0.0738272720623323,0.0744263861879442,0.387578925405193,0.392383750837523
12.1687500000001,2.5,0.0738291377987862,0.0744263861879442,0.387593604288939,0.392383751269074
12.1750000000001,2.5,0.0738309977015188,0.0744263861879442,0.38760823976018,0.392383751697134
12.1812500000001,2.5,0.0738328517889182,0.0744263861879442,0.387622831934551,0.392383752121729
12.1875000000001,2.5,0.0738347000793136,0.0744263861879442,0.387637380927495,0.392383752542889
12.1937500000001,2.5,0.0738365425909754,0.0744263861879442,0.387651886854261,0.392383752960641
12.2000000000001,2.5,0.0738383793421159,0.0744263861879442,0.387666349829903,0.392383753375012
12.2062500000001,2.5,0.0738402103508888,0.0744263861879442,0.387680769969279,0.39238375378603
12.2125000000001,2.5,0.0738420356353896,0.0744263861879442,0.387695147387053,0.392383754193722
12.2187500000001,2.5,0.073843855213656,0.0744263861879442,0.387709482197691,0.392383754598115
12.2250000000001,2.5,0.0738456691036681,0.0744263861879442,0.38772377451546,0.392383754999235
12.2312500000001,2.5,0.0738474773233484,0.0744263861879442,0.387738024454431,0.39238375539711
12.2375000000001,2.5,0.0738492798905617,0.0744263861879442,0.387752232128475,0.392383755791765
12.2437500000001,2.5,0.0738510768231161,0.0744263861879442,0.387766397651262,0.392383756183226
12.2500000000001,2.5,0.0738528681387625,0.0744263861879442,0.387780521136264,0.39238375657152
12.2562500000001,2.5,0.0738546538551951,0.0744263861879442,0.387794602696749,0.392383756956672
12.2625000000001,2.5,0.0738564339900515,0.0744263861879442,0.387808642445785,0.392383757338706
12.2687500000001,2.5,0.0738582085609126,0.0744263861879442,0.387822640496238,0.39238375771765
12.2750000000001,2.5,0.0738599775853036,0.0744263861879442,0.387836596960769,0.392383758093527
12.2812500000001,2.5,0.0738617410806934,0.0744263861879442,0.387850511951837,0.392383758466362
12.2875000000001,2.5,0.0738634990644948,0.0744263861879442,0.387864385581695,0.392383758836181
12.2937500000001,2.5,0.0738652515540652,0.0744263861879442,0.387878217962393,0.392383759203006
12.3000000000001,2.5,0.0738669985667065,0.0744263861879442,0.387892009205775,0.392383759566864
12.3062500000001,2.5,0.0738687401196654,0.0744263861879442,0.387905759423476,0.392383759927777
12.3125000000001,2.5,0.0738704762301331,0.0744263861879442,0.387919468726928,0.392383760285769
12.3187500000001,2.5,0.0738722069152461,0.0744263861879442,0.387933137227355,0.392383760640865
12.3250000000001,2.5,0.0738739321920863,0.0744263861879442,0.387946765035772,0.392383760993087
12.3312500000001,2.5,0.0738756520776807,0.0744263861879442,0.387960352262985,0.392383761342459
12.3375000000001,2.5,0.0738773665890021,0.0744263861879442,0.387973899019594,0.392383761689004
12.3437500000001,2.5,0.0738790757429689,0.0744263861879442,0.387987405415988,0.392383762032744
12.3500000000001,2.5,0.0738807795564456,0.0744263861879442,0.388000871562346,0.392383762373703
12.3562500000001,2.5,0.073882478046243,0.0744263861879442,0.388014297568636,0.392383762711903
12.3625000000001,2.5,0.0738841712291178,0.0744263861879442,0.388027683544617,0.392383763047366
12.3687500000001,2.5,0.0738858591217733,0.0744263861879442,0.388041029599836,0.392383763380115
12.3750000000001,2.5,0.0738875417408597,0.0744263861879442,0.388054335843627,0.39238376371017
12.3812500000001,2.5,0.0738892191029739,0.0744263861879442,0.388067602385114,0.392383764037555
12.3875000000001,2.5,0.0738908912246597,0.0744263861879442,0.388080829333207,0.392383764362291
12.3937500000001,2.5,0.0738925581224082,0.0744263861879442,0.388094016796603,0.392383764684399
12.4000000000001,2.5,0.0738942198126578,0.0744263861879442,0.388107164883787,0.392383765003901
12.4062500000001,2.5,0.0738958763117946,0.0744263861879442,0.388120273703028,0.392383765320817
12.4125000000001,2.5,0.0738975276361522,0.0744263861879442,0.388133343362383,0.392383765635169
12.4187500000001,2.5,0.073899173802012,0.0744263861879442,0.388146373969692,0.392383765946976
12.4250000000001,2.5,0.0739008148256037,0.0744263861879442,0.388159365632582,0.392383766256261
12.4312500000001,2.5,0.0739024507231053,0.0744263861879442,0.388172318458464,0.392383766563043
12.4375000000001,2.5,0.0739040815106426,0.0744263861879442,0.388185232554533,0.392383766867342
12.4437500000001,2.5,0.0739057072042906,0.0744263861879442,0.38819810802777,0.392383767169179
12.4500000000001,2.5,0.0739073278200726,0.0744263861879442,0.388210944984936,0.392383767468574
12.4562500000001,2.5,0.0739089433739612,0.0744263861879442,0.388223743532578,0.392383767765545
12.4625000000001,2.5,0.0739105538818775,0.0744263861879442,0.388236503777026,0.392383768060114
12.4687500000001,2.5,0.0739121593596924,0.0744263861879442,0.388249225824392,0.392383768352299
12.4750000000001,2.5,0.0739137598232257,0.0744263861879442,0.38826190978057,0.392383768642119
12.4812500000001,2.5,0.0739153552882472,0.0744263861879442,0.388274555751238,0.392383768929595
12.4875000000001,2.5,0.0739169457704761,0.0744263861879442,0.388287163841853,0.392383769214744
12.4937500000001,2.5,0.0739185312855815,0.0744263861879442,0.388299734157656,0.392383769497585
12.5000000000001,2.5,0.0739201118491828,0.0744263861879442,0.388312266803668,0.392383769778138
12.5062500000001,2.5,0.0739216874768494,0.0744263861879442,0.388324761884694,0.392383770056421
12.5125000000001,2.5,0.0739232581841012,0.0744263861879442,0.388337219505314,0.392383770332451
12.5187500000001,2.5,0.0739248239864084,0.0744263861879442,0.388349639769895,0.392383770606248
12.5250000000001,2.5,0.0739263848991923,0.0744263861879442,0.388362022782581,0.39238377087783
12.5312500000001,2.5,0.0739279409378247,0.0744263861879442,0.388374368647296,0.392383771147214
12.5375000000001,2.5,0.0739294921176287,0.0744263861879442,0.388386677467746,0.392383771414418
12.5437500000001,2.5,0.0739310384538782,0.0744263861879442,0.388398949347414,0.392383771679459
12.5500000000001,2.5,0.0739325799617989,0.0744263861879442,0.388411184389566,0.392383771942356
12.5562500000001,2.5,0.0739341166565678,0.0744263861879442,0.388423382697245,0.392383772203126
12.5625000000001,2.5,0.0739356485533135,0.0744263861879442,0.388435544373273,0.392383772461785
12.5687500000001,2.5,0.0739371756671163,0.0744263861879442,0.388447669520253,0.392383772718351
12.5750000000001,2.5,0.0739386980130089,0.0744263861879442,0.388459758240566,0.392383772972841
12.5812500000001,2.5,0.0739402156059759,0.0744263861879442,0.388471810636371,0.392383773225272
12.5875000000001,2.5,0.0739417284609541,0.0744263861879442,0.388483826809606,0.39238377347566
12.5937500000001,2.5,0.0739432365928326,0.0744263861879442,0.388495806861989,0.392383773724022
12.6000000000001,2.5,0.0739447400164536,0.0744263861879442,0.388507750895015,0.392383773970374
12.6062500000001,2.5,0.0739462387466117,0.0744263861879442,0.388519659009956,0.392383774214733
12.6125000000001,2.5,0.0739477327980545,0.0744263861879442,0.388531531307866,0.392383774457114
12.6187500000001,2.5,0.0739492221854825,0.0744263861879442,0.388543367889572,0.392383774697534
12.6250000000001,2.5,0.0739507069235497,0.0744263861879442,0.388555168855683,0.392383774936009
12.6312500000001,2.5,0.0739521870268634,0.0744263861879442,0.388566934306584,0.392383775172553
12.6375000000001,2.5,0.0739536625099842,0.0744263861879442,0.388578664342438,0.392383775407184
12.6437500000001,2.5,0.0739551333874265,0.0744263861879442,0.388590359063185,0.392383775639915
12.6500000000001,2.5,0.0739565996736586,0.0744263861879442,0.388602018568545,0.392383775870764
12.6562500000001,2.5,0.0739580613831029,0.0744263861879442,0.388613642958013,0.392383776099745
12.6625000000001,2.5,0.0739595185301355,0.0744263861879442,0.388625232330862,0.392383776326872
12.6687500000001,2.5,0.073960971129087,0.0744263861879442,0.388636786786143,0.392383776552162
12.6750000000001,2.5,0.0739624191942426,0.0744263861879442,0.388648306422685,0.392383776775628
12.6812500000001,2.5,0.0739638627398419,0.0744263861879442,0.388659791339092,0.392383776997287
12.6875000000001,2.5,0.0739653017800792,0.0744263861879442,0.388671241633747,0.392383777217151
12.6937500000001,2.5,0.0739667363291037,0.0744263861879442,0.388682657404811,0.392383777435237
12.7000000000001,2.5,0.0739681664010195,0.0744263861879442,0.388694038750221,0.392383777651558
12.7062500000001,2.5,0.0739695920098861,0.0744263861879442,0.388705385767691,0.392383777866128
12.7125000000001,2.5,0.0739710131697182,0.0744263861879442,0.388716698554713,0.392383778078962
12.7187500000001,2.5,0.0739724298944858,0.0744263861879442,0.388727977208556,0.392383778290073
12.7250000000001,2.5,0.0739738421981147,0.0744263861879442,0.388739221826266,0.392383778499477
12.7312500000001,2.5,0.0739752500944865,0.0744263861879442,0.388750432504667,0.392383778707185
12.7375000000001,2.5,0.0739766535974384,0.0744263861879442,0.388761609340359,0.392383778913213
12.7437500000001,2.5,0.0739780527207636,0.0744263861879442,0.38877275242972,0.392383779117574
12.7500000000001,2.5,0.073979447478212,0.0744263861879442,0.388783861868906,0.392383779320281
12.7562500000001,2.5,0.0739808378834894,0.0744263861879442,0.388794937753849,0.392383779521348
12.7625000000001,2.5,0.0739822239502579,0.0744263861879442,0.388805980180259,0.392383779720788
12.7687500000001,2.5,0.0739836056921366,0.0744263861879442,0.388816989243624,0.392383779918613
12.7750000000001,2.5,0.0739849831227011,0.0744263861879442,0.388827965039208,0.392383780114838
12.7812500000001,2.5,0.0739863562554841,0.0744263861879442,0.388838907662053,0.392383780309476
12.7875000000001,2.5,0.0739877251039749,0.0744263861879442,0.388849817206981,0.392383780502538
12.7937500000001,2.5,0.0739890896816203,0.0744263861879442,0.388860693768587,0.392383780694038
12.8000000000001,2.5,0.0739904500018244,0.0744263861879442,0.388871537441247,0.392383780883988
12.8062500000001,2.5,0.0739918060779487,0.0744263861879442,0.388882348319116,0.392383781072401
12.8125000000001,2.5,0.0739931579233122,0.0744263861879442,0.388893126496122,0.392383781259289
12.8187500000001,2.5,0.0739945055511914,0.0744263861879442,0.388903872065975,0.392383781444666
12.8250000000001,2.5,0.0739958489748212,0.0744263861879442,0.388914585122163,0.392383781628542
12.8312500000001,2.5,0.0739971882073941,0.0744263861879442,0.388925265757949,0.39238378181093
12.8375000000001,2.5,0.0739985232620607,0.0744263861879442,0.388935914066378,0.392383781991842
12.8437500000001,2.5,0.07399985415193,0.0744263861879442,0.38894653014027,0.39238378217129
12.8500000000001,2.5,0.0740011808900695,0.0744263861879442,0.388957114072226,0.392383782349286
12.8562500000001,2.5,0.074002503489505,0.0744263861879442,0.388967665954624,0.392383782525842
12.8625000000001,2.5,0.074003821963221,0.0744263861879442,0.388978185879622,0.392383782700969
12.8687500000001,2.5,0.0740051363241609,0.0744263861879442,0.388988673939154,0.392383782874679
12.8750000000001,2.5,0.074006446585227,0.0744263861879442,0.388999130224936,0.392383783046984
12.8812500000001,2.5,0.0740077527592807,0.0744263861879442,0.389009554828463,0.392383783217893
12.8875000000001,2.5,0.0740090548591426,0.0744263861879442,0.389019947841007,0.39238378338742
12.8937500000001,2.5,0.0740103528975923,0.0744263861879442,0.38903030935362,0.392383783555576
12.9000000000001,2.5,0.0740116468873694,0.0744263861879442,0.389040639457134,0.39238378372237
12.9062500000001,2.5,0.0740129368411729,0.0744263861879442,0.389050938242161,0.392383783887815
12.9125000000001,2.5,0.0740142227716613,0.0744263861879442,0.389061205799091,0.392383784051921
12.9187500000001,2.5,0.0740155046914531,0.0744263861879442,0.389071442218097,0.392383784214699
12.9250000000001,2.5,0.0740167826131269,0.0744263861879442,0.389081647589128,0.392383784376159
12.9312500000001,2.5,0.0740180565492214,0.0744263861879442,0.389091822001917,0.392383784536314
12.9375000000001,2.5,0.0740193265122353,0.0744263861879442,0.389101965545976,0.392383784695172
12.9437500000001,2.5,0.0740205925146279,0.0744263861879442,0.389112078310595,0.392383784852744
12.9500000000001,2.5,0.0740218545688189,0.0744263861879442,0.38912216038485,0.392383785009042
12.9562500000001,2.5,0.0740231126871889,0.0744263861879442,0.389132211857593,0.392383785164075
12.9625000000001,2.5,0.0740243668820788,0.0744263861879442,0.38914223281746,0.392383785317853
12.9687500000001,2.5,0.0740256171657906,0.0744263861879442,0.389152223352867,0.392383785470387
12.9750000000001,2.5,0.0740268635505874,0.0744263861879442,0.389162183552013,0.392383785621687
12.9812500000001,2.5,0.0740281060486935,0.0744263861879442,0.389172113502876,0.392383785771762
12.9875000000001,2.5,0.0740293446722941,0.0744263861879442,0.389182013293219,0.392383785920623
12.9937500000001,2.5,0.0740305794335361,0.0744263861879442,0.389191883010584,0.392383786068279
13.0000000000001,2.5,0.0740318103445279,0.0744263861879442,0.389201722742297,0.39238378621474
13.0062500000001,2.5,0.0740330374173393,0.0744263861879442,0.389211532575468,0.392383786360017
13.0125000000001,2.5,0.0740342606640022,0.0744263861879442,0.389221312596986,0.392383786504117
13.0187500000001,2.5,0.0740354800965101,0.0744263861879442,0.389231062893525,0.392383786647052
13.0250000000001,2.5,0.0740366957268186,0.0744263861879442,0.389240783551544,0.39238378678883
13.0312500000001,2.5,0.0740379075668455,0.0744263861879442,0.389250474657281,0.392383786929461
13.0375000000001,2.5,0.0740391156284709,0.0744263861879442,0.389260136296761,0.392383787068953
13.0437500000001,2.5,0.074040319923537,0.0744263861879442,0.389269768555792,0.392383787207317
13.0500000000001,2.5,0.0740415204638487,0.0744263861879442,0.389279371519965,0.392383787344561
13.0562500000001,2.5,0.0740427172611736,0.0744263861879442,0.389288945274656,0.392383787480695
13.0625000000001,2.5,0.0740439103272419,0.0744263861879442,0.389298489905027,0.392383787615727
13.0687500000001,2.5,0.0740450996737466,0.0744263861879442,0.389308005496021,0.392383787749666
13.0750000000001,2.5,0.0740462853123439,0.0744263861879442,0.389317492132369,0.392383787882522
13.0812500000001,2.5,0.074047467254653,0.0744263861879442,0.389326949898587,0.392383788014302
13.0875000000001,2.5,0.0740486455122561,0.0744263861879442,0.389336378878976,0.392383788145016
13.0937500000001,2.5,0.0740498200966991,0.0744263861879442,0.389345779157621,0.392383788274672
13.1000000000001,2.5,0.074050991019491,0.0744263861879442,0.389355150818397,0.39238378840328
13.1062500000001,2.5,0.0740521582921048,0.0744263861879442,0.38936449394496,0.392383788530846
13.1125000000001,2.5,0.0740533219259768,0.0744263861879442,0.389373808620758,0.39238378865738
13.1187500000001,2.5,0.0740544819325073,0.0744263861879442,0.389383094929021,0.39238378878289
13.1250000000001,2.5,0.0740556383230603,0.0744263861879442,0.389392352952768,0.392383788907385
13.1312500000001,2.5,0.0740567911089644,0.0744263861879442,0.389401582774807,0.392383789030872
13.1375000000001,2.5,0.0740579403015117,0.0744263861879442,0.38941078447773,0.39238378915336
13.1437500000001,2.5,0.0740590859119588,0.0744263861879442,0.38941995814392,0.392383789274857
13.1500000000001,2.5,0.0740602279515269,0.0744263861879442,0.389429103855546,0.39238378939537
13.1562500000001,2.5,0.0740613664314015,0.0744263861879442,0.389438221694567,0.392383789514908
13.1625000000001,2.5,0.0740625013627328,0.0744263861879442,0.389447311742728,0.392383789633479
13.1687500000001,2.5,0.0740636327566356,0.0744263861879442,0.389456374081566,0.392383789751091
13.1750000000001,2.5,0.0740647606241896,0.0744263861879442,0.389465408792406,0.392383789867751
13.1812500000001,2.5,0.0740658849764397,0.0744263861879442,0.389474415956362,0.392383789983467
13.1875000000001,2.5,0.0740670058243956,0.0744263861879442,0.389483395654338,0.392383790098246
13.1937500000001,2.5,0.074068123179032,0.0744263861879442,0.389492347967028,0.392383790212096
13.2000000000001,2.5,0.0740692370512895,0.0744263861879442,0.389501272974916,0.392383790325026
13.2062500000001,2.5,0.0740703474520736,0.0744263861879442,0.38951017075828,0.392383790437041
13.2125000000001,2.5,0.0740714543922555,0.0744263861879442,0.389519041397183,0.39238379054815
13.2187500000001,2.5,0.0740725578826719,0.0744263861879442,0.389527884971484,0.39238379065836
13.2250000000001,2.5,0.0740736579341254,0.0744263861879442,0.389536701560832,0.392383790767678
13.2312500000001,2.5,0.0740747545573845,0.0744263861879442,0.389545491244667,0.392383790876112
13.2375000000001,2.5,0.0740758477631836,0.0744263861879442,0.389554254102223,0.392383790983668
13.2437500000001,2.5,0.0740769375622229,0.0744263861879442,0.389562990212526,0.392383791090354
13.2500000000001,2.5,0.0740780239651691,0.0744263861879442,0.389571699654392,0.392383791196176
13.2562500000001,2.5,0.0740791069826553,0.0744263861879442,0.389580382506435,0.392383791301142
13.2625000000001,2.5,0.0740801866252806,0.0744263861879442,0.389589038847058,0.392383791405259
13.2687500000001,2.5,0.0740812629036107,0.0744263861879442,0.389597668754459,0.392383791508533
13.2750000000001,2.5,0.0740823358281783,0.0744263861879442,0.389606272306632,0.392383791610971
13.2812500000001,2.5,0.0740834054094824,0.0744263861879442,0.389614849581364,0.392383791712581
13.2875000000001,2.5,0.074084471657989,0.0744263861879442,0.389623400656236,0.392383791813368
13.2937500000001,2.5,0.074085534584131,0.0744263861879442,0.389631925608623,0.39238379191334
13.3000000000001,2.5,0.0740865941983083,0.0744263861879442,0.389640424515699,0.392383792012502
13.3062500000001,2.5,0.074087650510888,0.0744263861879442,0.389648897454431,0.392383792110863
13.3125000000001,2.5,0.0740887035322046,0.0744263861879442,0.389657344501582,0.392383792208427
13.3187500000001,2.5,0.0740897532725595,0.0744263861879442,0.389665765733712,0.392383792305202
13.3250000000001,2.5,0.0740907997422221,0.0744263861879442,0.389674161227176,0.392383792401193
13.3312500000001,2.5,0.0740918429514291,0.0744263861879442,0.38968253105813,0.392383792496408
13.3375000000001,2.5,0.0740928829103849,0.0744263861879442,0.389690875302522,0.392383792590853
13.3437500000001,2.5,0.0740939196292617,0.0744263861879442,0.389699194036102,0.392383792684533
13.3500000000001,2.5,0.0740949531181994,0.0744263861879442,0.389707487334415,0.392383792777455
13.3562500000001,2.5,0.0740959833873063,0.0744263861879442,0.389715755272806,0.392383792869625
13.3625000000001,2.5,0.0740970104466584,0.0744263861879442,0.389723997926418,0.39238379296105
13.3687500000001,2.5,0.0740980343063,0.0744263861879442,0.389732215370193,0.392383793051734
13.3750000000001,2.5,0.0740990549762437,0.0744263861879442,0.389740407678873,0.392383793141685
13.3812500000001,2.5,0.0741000724664706,0.0744263861879442,0.389748574926999,0.392383793230908
13.3875000000001,2.5,0.0741010867869301,0.0744263861879442,0.389756717188911,0.392383793319409
13.3937500000001,2.5,0.0741020979475403,0.0744263861879442,0.389764834538751,0.392383793407193
13.4000000000001,2.5,0.074103105958188,0.0744263861879442,0.389772927050461,0.392383793494268
13.4062500000001,2.5,0.0741041108287289,0.0744263861879442,0.389780994797785,0.392383793580638
13.4125000000001,2.5,0.0741051125689873,0.0744263861879442,0.389789037854267,0.392383793666308
13.4187500000001,2.5,0.0741061111887567,0.0744263861879442,0.389797056293253,0.392383793751286
13.4250000000001,2.5,0.0741071066977998,0.0744263861879442,0.389805050187891,0.392383793835576
13.4312500000001,2.5,0.0741080991058482,0.0744263861879442,0.389813019611133,0.392383793919184
13.4375000000001,2.5,0.0741090884226031,0.0744263861879442,0.389820964635733,0.392383794002115
13.4437500000001,2.5,0.0741100746577348,0.0744263861879442,0.389828885334246,0.392383794084375
13.4500000000001,2.5,0.0741110578208834,0.0744263861879442,0.389836781779033,0.392383794165969
13.4562500000001,2.5,0.0741120379216584,0.0744263861879442,0.389844654042259,0.392383794246904
13.4625000000001,2.5,0.0741130149696389,0.0744263861879442,0.389852502195891,0.392383794327183
13.4687500000001,2.5,0.0741139889743739,0.0744263861879442,0.389860326311704,0.392383794406813
13.4750000000001,2.5,0.0741149599453824,0.0744263861879442,0.389868126461274,0.392383794485798
13.4812500000001,2.5,0.0741159278921533,0.0744263861879442,0.389875902715986,0.392383794564144
13.4875000000001,2.5,0.0741168928241454,0.0744263861879442,0.389883655147028,0.392383794641856
13.4937500000001,2.5,0.0741178547507877,0.0744263861879442,0.389891383825395,0.39238379471894
13.5000000000001,2.5,0.0741188136814798,0.0744263861879442,0.389899088821888,0.392383794795399
13.5062500000001,2.5,0.0741197696255913,0.0744263861879442,0.389906770207117,0.39238379487124
13.5125000000001,2.5,0.0741207225924624,0.0744263861879442,0.389914428051495,0.392383794946467
13.5187500000001,2.5,0.0741216725914037,0.0744263861879442,0.389922062425247,0.392383795021086
13.5250000000001,2.5,0.0741226196316967,0.0744263861879442,0.389929673398401,0.3923837950951
13.5312500000001,2.5,0.0741235637225936,0.0744263861879442,0.389937261040799,0.392383795168516
13.5375000000001,2.5,0.0741245048733171,0.0744263861879442,0.389944825422087,0.392383795241337
13.5437500000001,2.5,0.0741254430930612,0.0744263861879442,0.389952366611721,0.39238379531357
13.5500000000001,2.5,0.0741263783909907,0.0744263861879442,0.389959884678968,0.392383795385217
13.5562500000001,2.5,0.0741273107762418,0.0744263861879442,0.389967379692903,0.392383795456285
13.5625000000001,2.5,0.0741282402579214,0.0744263861879442,0.389974851722412,0.392383795526778
13.5687500000001,2.5,0.0741291668451082,0.0744263861879442,0.389982300836191,0.392383795596701
13.5750000000001,2.5,0.074130090546852,0.0744263861879442,0.389989727102746,0.392383795666057
13.5812500000001,2.5,0.0741310113721741,0.0744263861879442,0.389997130590397,0.392383795734853
13.5875000000001,2.5,0.0741319293300676,0.0744263861879442,0.390004511367274,0.392383795803092
13.5937500000001,2.5,0.0741328444294969,0.0744263861879442,0.390011869501317,0.392383795870778
13.6000000000001,2.5,0.0741337566793984,0.0744263861879442,0.390019205060281,0.392383795937917
13.6062500000001,2.5,0.0741346660886804,0.0744263861879442,0.390026518111733,0.392383796004512
13.6125000000001,2.5,0.0741355726662228,0.0744263861879442,0.390033808723053,0.392383796070569
13.6187500000001,2.5,0.0741364764208779,0.0744263861879442,0.390041076961434,0.392383796136091
13.6250000000001,2.5,0.0741373773614699,0.0744263861879442,0.390048322893884,0.392383796201083
13.6312500000001,2.5,0.0741382754967953,0.0744263861879442,0.390055546587224,0.392383796265549
13.6375000000001,2.5,0.0741391708356227,0.0744263861879442,0.390062748108091,0.392383796329493
13.6437500000001,2.5,0.0741400633866934,0.0744263861879442,0.390069927522935,0.39238379639292
13.6500000000001,2.5,0.0741409531587208,0.0744263861879442,0.390077084898024,0.392383796455834
13.6562500000001,2.5,0.0741418401603912,0.0744263861879442,0.390084220299439,0.392383796518238
13.6625000000001,2.5,0.0741427244003633,0.0744263861879442,0.390091333793079,0.392383796580138
13.6687500000001,2.5,0.0741436058872686,0.0744263861879442,0.390098425444659,0.392383796641536
13.6750000000001,2.5,0.0741444846297115,0.0744263861879442,0.390105495319711,0.392383796702438
13.6812500000001,2.5,0.0741453606362693,0.0744263861879442,0.390112543483584,0.392383796762847
13.6875000000001,2.5,0.074146233915492,0.0744263861879442,0.390119570001445,0.392383796822767
13.6937500000001,2.5,0.0741471044759031,0.0744263861879442,0.390126574938279,0.392383796882202
13.7000000000001,2.5,0.0741479723259989,0.0744263861879442,0.390133558358889,0.392383796941156
13.7062500000001,2.5,0.0741488374742493,0.0744263861879442,0.390140520327898,0.392383796999634
13.7125000000001,2.5,0.0741496999290973,0.0744263861879442,0.390147460909748,0.392383797057638
13.7187500000001,2.5,0.0741505596989592,0.0744263861879442,0.390154380168698,0.392383797115172
13.7250000000001,2.5,0.0741514167922252,0.0744263861879442,0.390161278168831,0.392383797172241
13.7312500000001,2.5,0.0741522712172588,0.0744263861879442,0.390168154974047,0.392383797228849
13.7375000000001,2.5,0.0741531229823972,0.0744263861879442,0.390175010648069,0.392383797284998
13.7437500000001,2.5,0.0741539720959513,0.0744263861879442,0.39018184525444,0.392383797340693
13.7500000000001,2.5,0.0741548185662061,0.0744263861879442,0.390188658856526,0.392383797395937
13.7562500000001,2.5,0.0741556624014203,0.0744263861879442,0.390195451517512,0.392383797450734
13.7625000000001,2.5,0.0741565036098266,0.0744263861879442,0.390202223300409,0.392383797505087
13.7687500000001,2.5,0.074157342199632,0.0744263861879442,0.390208974268047,0.392383797559001
13.7750000000001,2.5,0.0741581781790174,0.0744263861879442,0.390215704483082,0.392383797612479
13.7812500000001,2.5,0.0741590115561383,0.0744263861879442,0.390222414007992,0.392383797665524
13.7875000000001,2.5,0.0741598423391241,0.0744263861879442,0.39022910290508,0.392383797718139
13.7937500000001,2.5,0.0741606705360788,0.0744263861879442,0.390235771236472,0.392383797770329
13.8000000000001,2.5,0.0741614961550812,0.0744263861879442,0.390242419064118,0.392383797822096
13.8062500000001,2.5,0.0741623192041843,0.0744263861879442,0.390249046449797,0.392383797873445
13.8125000000001,2.5,0.0741631396914159,0.0744263861879442,0.390255653455108,0.392383797924378
13.8187500000001,2.5,0.0741639576247786,0.0744263861879442,0.390262240141479,0.392383797974899
13.8250000000001,2.5,0.0741647730122496,0.0744263861879442,0.390268806570164,0.392383798025011
13.8312500000001,2.5,0.0741655858617814,0.0744263861879442,0.390275352802244,0.392383798074718
13.8375000000001,2.5,0.0741663961813012,0.0744263861879442,0.390281878898625,0.392383798124022
13.8437500000001,2.5,0.0741672039787112,0.0744263861879442,0.390288384920041,0.392383798172927
13.8500000000001,2.5,0.074168009261889,0.0744263861879442,0.390294870927056,0.392383798221437
13.8562500000001,2.5,0.0741688120386873,0.0744263861879442,0.39030133698006,0.392383798269554
13.8625000000001,2.5,0.074169612316934,0.0744263861879442,0.390307783139272,0.392383798317282
13.8687500000001,2.5,0.0741704101044326,0.0744263861879442,0.390314209464739,0.392383798364623
13.8750000000001,2.5,0.0741712054089619,0.0744263861879442,0.390320616016339,0.392383798411581
13.8812500000001,2.5,0.0741719982382762,0.0744263861879442,0.390327002853779,0.39238379845816
13.8875000000001,2.5,0.0741727886001057,0.0744263861879442,0.390333370036596,0.392383798504361
13.8937500000001,2.5,0.0741735765021558,0.0744263861879442,0.390339717624157,0.392383798550189
13.9000000000001,2.5,0.0741743619521082,0.0744263861879442,0.390346045675662,0.392383798595646
13.9062500000001,2.5,0.0741751449576202,0.0744263861879442,0.390352354250139,0.392383798640735
13.9125000000001,2.5,0.074175925526325,0.0744263861879442,0.39035864340645,0.392383798685459
13.9187500000001,2.5,0.0741767036658318,0.0744263861879442,0.390364913203288,0.392383798729821
13.9250000000001,2.5,0.074177479383726,0.0744263861879442,0.390371163699179,0.392383798773824
13.9312500000001,2.5,0.0741782526875691,0.0744263861879442,0.390377394952483,0.392383798817471
13.9375000000001,2.5,0.0741790235848987,0.0744263861879442,0.39038360702139,0.392383798860765
13.9437500000001,2.5,0.0741797920832289,0.0744263861879442,0.390389799963926,0.392383798903709
13.9500000000001,2.5,0.0741805581900501,0.0744263861879442,0.39039597383795,0.392383798946305
13.9562500000001,2.5,0.0741813219128292,0.0744263861879442,0.390402128701158,0.392383798988556
13.9625000000001,2.5,0.0741820832590095,0.0744263861879442,0.390408264611076,0.392383799030466
13.9687500000001,2.5,0.074182842236011,0.0744263861879442,0.39041438162507,0.392383799072036
13.9750000000001,2.5,0.0741835988512304,0.0744263861879442,0.390420479800337,0.39238379911327
13.9812500000001,2.5,0.0741843531120413,0.0744263861879442,0.390426559193915,0.39238379915417
13.9875000000001,2.5,0.0741851050257938,0.0744263861879442,0.390432619862673,0.39238379919474
13.9937500000001,2.5,0.074185854599815,0.0744263861879442,0.390438661863321,0.392383799234981
14.0000000000001,2.5,0.0741866018414093,0.0744263861879442,0.390444685252404,0.392383799274896
14.0062500000001,2.5,0.0741873467578577,0.0744263861879442,0.390450690086305,0.392383799314488
14.0125000000001,2.5,0.0741880893564186,0.0744263861879442,0.390456676421244,0.39238379935376
14.0187500000001,2.5,0.0741888296443275,0.0744263861879442,0.390462644313281,0.392383799392715
14.0250000000001,2.5,0.0741895676287973,0.0744263861879442,0.390468593818314,0.392383799431354
14.0312500000001,2.5,0.074190303317018,0.0744263861879442,0.390474524992079,0.39238379946968
14.0375000000001,2.5,0.0741910367161572,0.0744263861879442,0.390480437890153,0.392383799507696
14.0437500000001,2.5,0.0741917678333598,0.0744263861879442,0.390486332567951,0.392383799545405
14.0500000000001,2.5,0.0741924966757486,0.0744263861879442,0.39049220908073,0.392383799582808
14.0562500000001,2.5,0.0741932232504238,0.0744263861879442,0.390498067483586,0.392383799619909
14.0625000000001,2.5,0.0741939475644632,0.0744263861879442,0.390503907831458,0.392383799656709
14.0687500000001,2.5,0.0741946696249225,0.0744263861879442,0.390509730179124,0.392383799693212
14.0750000000001,2.5,0.0741953894388353,0.0744263861879442,0.390515534581206,0.392383799729419
14.0812500000001,2.5,0.074196107013213,0.0744263861879442,0.390521321092167,0.392383799765334
14.0875000000001,2.5,0.0741968223550451,0.0744263861879442,0.390527089766311,0.392383799800957
14.0937500000001,2.5,0.0741975354712989,0.0744263861879442,0.390532840657788,0.392383799836293
14.1000000000001,2.5,0.0741982463689201,0.0744263861879442,0.39053857382059,0.392383799871342
14.1062500000001,2.5,0.0741989550548326,0.0744263861879442,0.390544289308551,0.392383799906108
14.1125000000001,2.5,0.0741996615359383,0.0744263861879442,0.390549987175352,0.392383799940593
14.1187500000001,2.5,0.0742003658191175,0.0744263861879442,0.390555667474516,0.392383799974798
14.1250000000001,2.5,0.0742010679112291,0.0744263861879442,0.390561330259411,0.392383800008727
14.1312500000001,2.5,0.0742017678191104,0.0744263861879442,0.390566975583253,0.392383800042381
14.1375000000001,2.5,0.0742024655495771,0.0744263861879442,0.390572603499101,0.392383800075763
14.1437500000001,2.5,0.0742031611094236,0.0744263861879442,0.390578214059859,0.392383800108875
14.1500000000001,2.5,0.0742038545054229,0.0744263861879442,0.39058380731828,0.392383800141719
14.1562500000001,2.5,0.0742045457443269,0.0744263861879442,0.390589383326964,0.392383800174297
14.1625000000001,2.5,0.074205234832866,0.0744263861879442,0.390594942138354,0.392383800206611
14.1687500000001,2.5,0.0742059217777499,0.0744263861879442,0.390600483804745,0.392383800238664
14.1750000000001,2.5,0.0742066065856669,0.0744263861879442,0.390606008378277,0.392383800270457
14.1812500000001,2.5,0.0742072892632844,0.0744263861879442,0.390611515910941,0.392383800301994
14.1875000000001,2.5,0.074207969817249,0.0744263861879442,0.390617006454574,0.392383800333275
14.1937500000001,2.5,0.0742086482541862,0.0744263861879442,0.390622480060863,0.392383800364303
14.2000000000001,2.5,0.0742093245807009,0.0744263861879442,0.390627936781345,0.392383800395079
14.2062500000001,2.5,0.0742099988033773,0.0744263861879442,0.390633376667406,0.392383800425607
14.2125000000001,2.5,0.0742106709287788,0.0744263861879442,0.390638799770282,0.392383800455888
14.2187500000001,2.5,0.0742113409634482,0.0744263861879442,0.39064420614106,0.392383800485924
14.2250000000001,2.5,0.0742120089139079,0.0744263861879442,0.390649595830677,0.392383800515716
14.2312500000001,2.5,0.0742126747866598,0.0744263861879442,0.390654968889925,0.392383800545268
14.2375000000001,2.5,0.0742133385881853,0.0744263861879442,0.390660325369442,0.39238380057458
14.2437500000001,2.5,0.0742140003249456,0.0744263861879442,0.390665665319721,0.392383800603656
14.2500000000001,2.5,0.0742146600033814,0.0744263861879442,0.390670988791108,0.392383800632496
14.2562500000001,2.5,0.0742153176299136,0.0744263861879442,0.390676295833802,0.392383800661102
14.2625000000001,2.5,0.0742159732109425,0.0744263861879442,0.390681586497853,0.392383800689477
14.2687500000001,2.5,0.0742166267528487,0.0744263861879442,0.390686860833165,0.392383800717623
14.2750000000001,2.5,0.0742172782619925,0.0744263861879442,0.390692118889498,0.39238380074554
14.2812500000001,2.5,0.0742179277447144,0.0744263861879442,0.390697360716464,0.392383800773232
14.2875000000001,2.5,0.074218575207335,0.0744263861879442,0.390702586363532,0.3923838008007
14.2937500000001,2.5,0.0742192206561551,0.0744263861879442,0.390707795880023,0.392383800827945
14.3000000000001,2.5,0.0742198640974557,0.0744263861879442,0.390712989315116,0.39238380085497
14.3062500000001,2.5,0.074220505537498,0.0744263861879442,0.390718166717845,0.392383800881777
14.3125000000001,2.5,0.0742211449825237,0.0744263861879442,0.390723328137099,0.392383800908366
14.3187500000001,2.5,0.0742217824387549,0.0744263861879442,0.390728473621626,0.39238380093474
14.3250000000001,2.5,0.0742224179123941,0.0744263861879442,0.390733603220027,0.392383800960901
14.3312500000001,2.5,0.0742230514096246,0.0744263861879442,0.390738716980766,0.39238380098685
14.3375000000001,2.5,0.0742236829366101,0.0744263861879442,0.390743814952158,0.392383801012589
14.3437500000001,2.5,0.0742243124994948,0.0744263861879442,0.390748897182381,0.39238380103812
14.3500000000001,2.5,0.074224940104404,0.0744263861879442,0.39075396371947,0.392383801063444
14.3562500000001,2.5,0.0742255657574436,0.0744263861879442,0.390759014611317,0.392383801088564
14.3625000000001,2.5,0.0742261894647005,0.0744263861879442,0.390764049905676,0.39238380111348
14.3687500000001,2.5,0.0742268112322422,0.0744263861879442,0.390769069650157,0.392383801138194
14.3750000000001,2.5,0.0742274310661176,0.0744263861879442,0.390774073892234,0.392383801162709
14.3812500000001,2.5,0.0742280489723563,0.0744263861879442,0.390779062679238,0.392383801187025
14.3875000000001,2.5,0.0742286649569691,0.0744263861879442,0.390784036058362,0.392383801211144
14.3937500000001,2.5,0.074229279025948,0.0744263861879442,0.390788994076658,0.392383801235068
14.4000000000001,2.5,0.0742298911852662,0.0744263861879442,0.390793936781043,0.392383801258799
14.4062500000001,2.5,0.0742305014408782,0.0744263861879442,0.390798864218292,0.392383801282337
14.4125000000001,2.5,0.0742311097987198,0.0744263861879442,0.390803776435044,0.392383801305685
14.4187500000001,2.5,0.0742317162647082,0.0744263861879442,0.390808673477799,0.392383801328844
14.4250000000001,2.5,0.074232320844742,0.0744263861879442,0.390813555392922,0.392383801351816
14.4312500000001,2.5,0.0742329235447015,0.0744263861879442,0.390818422226639,0.392383801374602
14.4375000000001,2.5,0.0742335243704482,0.0744263861879442,0.390823274025041,0.392383801397203
14.4437500000001,2.5,0.0742341233278257,0.0744263861879442,0.39082811083408,0.392383801419622
14.4500000000001,2.5,0.0742347204226589,0.0744263861879442,0.390832932699576,0.392383801441859
14.4562500000001,2.5,0.0742353156607547,0.0744263861879442,0.390837739667212,0.392383801463916
14.4625000000001,2.5,0.0742359090479017,0.0744263861879442,0.390842531782534,0.392383801485794
14.4687500000001,2.5,0.0742365005898703,0.0744263861879442,0.390847309090956,0.392383801507496
14.4750000000001,2.5,0.0742370902924128,0.0744263861879442,0.390852071637757,0.392383801529022
14.4812500000001,2.5,0.0742376781612638,0.0744263861879442,0.390856819468081,0.392383801550374
14.4875000000001,2.5,0.0742382642021396,0.0744263861879442,0.390861552626938,0.392383801571553
14.4937500000001,2.5,0.0742388484207385,0.0744263861879442,0.390866271159207,0.392383801592561
14.5000000000001,2.5,0.0742394308227413,0.0744263861879442,0.390870975109632,0.392383801613398
14.5062500000001,2.5,0.0742400114138108,0.0744263861879442,0.390875664522826,0.392383801634067
14.5125000000001,2.5,0.0742405901995921,0.0744263861879442,0.390880339443267,0.392383801654569
14.5187500000001,2.5,0.0742411671857125,0.0744263861879442,0.390884999915304,0.392383801674905
14.5250000000001,2.5,0.0742417423777819,0.0744263861879442,0.390889645983152,0.392383801695076
14.5312500000001,2.5,0.0742423157813925,0.0744263861879442,0.390894277690899,0.392383801715084
14.5375000000001,2.5,0.0742428874021188,0.0744263861879442,0.390898895082497,0.392383801734931
14.5437500000001,2.5,0.0742434572455183,0.0744263861879442,0.39090349820177,0.392383801754616
14.5500000000001,2.5,0.0742440253171305,0.0744263861879442,0.390908087092413,0.392383801774143
14.5562500000001,2.5,0.0742445916224782,0.0744263861879442,0.390912661797989,0.392383801793511
14.5625000000001,2.5,0.0742451561670663,0.0744263861879442,0.390917222361932,0.392383801812722
14.5687500000001,2.5,0.0742457189563828,0.0744263861879442,0.390921768827548,0.392383801831778
14.5750000000001,2.5,0.0742462799958984,0.0744263861879442,0.390926301238015,0.39238380185068
14.5812500000001,2.5,0.0742468392910668,0.0744263861879442,0.390930819636379,0.392383801869429
14.5875000000001,2.5,0.0742473968473245,0.0744263861879442,0.390935324065562,0.392383801888026
14.5937500000001,2.5,0.0742479526700909,0.0744263861879442,0.390939814568355,0.392383801906473
14.6000000000001,2.5,0.0742485067647685,0.0744263861879442,0.390944291187425,0.392383801924771
14.6062500000001,2.5,0.0742490591367431,0.0744263861879442,0.390948753965309,0.39238380194292
14.6125000000001,2.5,0.0742496097913833,0.0744263861879442,0.390953202944419,0.392383801960923
14.6187500000001,2.5,0.0742501587340411,0.0744263861879442,0.390957638167039,0.392383801978779
14.6250000000001,2.5,0.0742507059700516,0.0744263861879442,0.39096205967533,0.392383801996492
14.6312500000001,2.5,0.0742512515047333,0.0744263861879442,0.390966467511326,0.392383802014061
14.6375000000001,2.5,0.074251795343388,0.0744263861879442,0.390970861716933,0.392383802031488
14.6437500000001,2.5,0.0742523374913009,0.0744263861879442,0.390975242333936,0.392383802048773
14.6500000000001,2.5,0.0742528779537407,0.0744263861879442,0.390979609403994,0.392383802065919
14.6562500000001,2.5,0.0742534167359597,0.0744263861879442,0.390983962968641,0.392383802082927
14.6625000000001,2.5,0.0742539538431934,0.0744263861879442,0.390988303069287,0.392383802099796
14.6687500000001,2.5,0.0742544892806612,0.0744263861879442,0.390992629747219,0.392383802116529
14.6750000000001,2.5,0.0742550230535662,0.0744263861879442,0.390996943043602,0.392383802133127
14.6812500000001,2.5,0.0742555551670951,0.0744263861879442,0.391001242999476,0.39238380214959
14.6875000000001,2.5,0.0742560856264183,0.0744263861879442,0.39100552965576,0.39238380216592
14.6937500000001,2.5,0.0742566144366901,0.0744263861879442,0.391009803053249,0.392383802182118
14.7000000000001,2.5,0.0742571416030487,0.0744263861879442,0.391014063232617,0.392383802198185
14.7062500000001,2.5,0.0742576671306162,0.0744263861879442,0.391018310234417,0.392383802214122
14.7125000000001,2.5,0.0742581910244986,0.0744263861879442,0.391022544099081,0.39238380222993
14.7187500000001,2.5,0.074258713289786,0.0744263861879442,0.391026764866918,0.39238380224561
14.7250000000001,2.5,0.0742592339315525,0.0744263861879442,0.391030972578118,0.392383802261163
14.7312500000001,2.5,0.0742597529548563,0.0744263861879442,0.391035167272752,0.392383802276591
14.7375000000001,2.5,0.07426027036474,0.0744263861879442,0.391039348990768,0.392383802291893
14.7437500000001,2.5,0.0742607861662301,0.0744263861879442,0.391043517771997,0.392383802307072
14.7500000000001,2.5,0.0742613003643375,0.0744263861879442,0.39104767365615,0.392383802322127
14.7562500000001,2.5,0.0742618129640576,0.0744263861879442,0.391051816682818,0.392383802337061
14.7625000000001,2.5,0.0742623239703698,0.0744263861879442,0.391055946891476,0.392383802351874
14.7687500000001,2.5,0.0742628333882382,0.0744263861879442,0.391060064321477,0.392383802366568
14.7750000000001,2.5,0.0742633412226113,0.0744263861879442,0.391064169012059,0.392383802381142
14.7812500000001,2.5,0.0742638474784222,0.0744263861879442,0.391068261002342,0.392383802395598
14.7875000000001,2.5,0.0742643521605882,0.0744263861879442,0.391072340331327,0.392383802409938
14.7937500000001,2.5,0.0742648552740117,0.0744263861879442,0.391076407037901,0.392383802424161
14.8000000000001,2.5,0.0742653568235795,0.0744263861879442,0.391080461160832,0.392383802438269
14.8062500000001,2.5,0.0742658568141632,0.0744263861879442,0.391084502738772,0.392383802452264
14.8125000000001,2.5,0.074266355250619,0.0744263861879442,0.391088531810257,0.392383802466144
14.8187500000001,2.5,0.0742668521377881,0.0744263861879442,0.391092548413709,0.392383802479913
14.8250000000001,2.5,0.0742673474804964,0.0744263861879442,0.391096552587432,0.39238380249357
14.8312500000001,2.5,0.0742678412835549,0.0744263861879442,0.391100544369618,0.392383802507117
14.8375000000001,2.5,0.0742683335517594,0.0744263861879442,0.391104523798342,0.392383802520554
14.8437500000001,2.5,0.0742688242898907,0.0744263861879442,0.391108490911564,0.392383802533882
14.8500000000001,2.5,0.0742693135027146,0.0744263861879442,0.391112445747132,0.392383802547102
14.8562500000001,2.5,0.0742698011949821,0.0744263861879442,0.391116388342781,0.392383802560216
14.8625000000001,2.5,0.0742702873714294,0.0744263861879442,0.391120318736129,0.392383802573223
14.8687500000001,2.5,0.0742707720367778,0.0744263861879442,0.391124236964684,0.392383802586125
14.8750000000001,2.5,0.0742712551957337,0.0744263861879442,0.391128143065841,0.392383802598923
14.8812500000001,2.5,0.074271736852989,0.0744263861879442,0.39113203707688,0.392383802611617
14.8875000000001,2.5,0.0742722170132207,0.0744263861879442,0.391135919034972,0.392383802624208
14.8937500000001,2.5,0.0742726956810915,0.0744263861879442,0.391139788977173,0.392383802636698
14.9000000000001,2.5,0.0742731728612492,0.0744263861879442,0.391143646940431,0.392383802649086
14.9062500000001,2.5,0.0742736485583272,0.0744263861879442,0.391147492961581,0.392383802661374
14.9125000000001,2.5,0.0742741227769445,0.0744263861879442,0.391151327077346,0.392383802673563
14.9187500000001,2.5,0.0742745955217053,0.0744263861879442,0.391155149324341,0.392383802685653
14.9250000000001,2.5,0.0742750667971999,0.0744263861879442,0.391158959739067,0.392383802697646
14.9312500000001,2.5,0.074275536608004,0.0744263861879442,0.39116275835792,0.392383802709541
14.9375000000001,2.5,0.0742760049586788,0.0744263861879442,0.391166545217181,0.39238380272134
14.9437500000001,2.5,0.0742764718537716,0.0744263861879442,0.391170320353026,0.392383802733043
14.9500000000001,2.5,0.0742769372978152,0.0744263861879442,0.39117408380152,0.392383802744652
14.9562500000001,2.5,0.0742774012953284,0.0744263861879442,0.39117783559862,0.392383802756167
14.9625000000001,2.5,0.0742778638508159,0.0744263861879442,0.391181575780173,0.392383802767589
14.9687500000001,2.5,0.074278324968768,0.0744263861879442,0.39118530438192,0.392383802778918
14.9750000000001,2.5,0.0742787846536614,0.0744263861879442,0.391189021439492,0.392383802790155
14.9812500000001,2.5,0.0742792429099586,0.0744263861879442,0.391192726988415,0.392383802801302
14.9875000000001,2.5,0.074279699742108,0.0744263861879442,0.391196421064106,0.392383802812358
14.9937500000001,2.5,0.0742801551545443,0.0744263861879442,0.391200103701876,0.392383802823325
15.0000000000001,2.5,0.0742806091516882,0.0744263861879442,0.391203774936928,0.392383802834204
15.0062500000001,2.5,0.0742810617379468,0.0744263861879442,0.391207434804361,0.392383802844994
15.0125000000001,2.5,0.0742815129177132,0.0744263861879442,0.391211083339165,0.392383802855697
15.0187500000001,2.5,0.0742819626953668,0.0744263861879442,0.391214720576228,0.392383802866313
15.0250000000001,2.5,0.0742824110752734,0.0744263861879442,0.391218346550329,0.392383802876843
15.0312500000001,2.5,0.0742828580617852,0.0744263861879442,0.391221961296146,0.392383802887288
15.0375000000001,2.5,0.0742833036592406,0.0744263861879442,0.391225564848247,0.392383802897649
15.0437500000001,2.5,0.0742837478719645,0.0744263861879442,0.3912291572411,0.392383802907926
15.0500000000001,2.5,0.0742841907042683,0.0744263861879442,0.391232738509066,0.392383802918119
15.0562500000001,2.5,0.0742846321604502,0.0744263861879442,0.391236308686405,0.392383802928231
15.0625000000001,2.5,0.0742850722447945,0.0744263861879442,0.39123986780727,0.39238380293826
15.0687500000001,2.5,0.0742855109615723,0.0744263861879442,0.391243415905713,0.392383802948208
15.0750000000001,2.5,0.0742859483150416,0.0744263861879442,0.391246953015682,0.392383802958076
15.0812500000001,2.5,0.0742863843094467,0.0744263861879442,0.391250479171024,0.392383802967863
15.0875000000001,2.5,0.0742868189490188,0.0744263861879442,0.39125399440548,0.392383802977572
15.0937500000001,2.5,0.074287252237976,0.0744263861879442,0.391257498752693,0.392383802987202
15.1000000000001,2.5,0.074287684180523,0.0744263861879442,0.3912609922462,0.392383802996754
15.1062500000001,2.5,0.0742881147808515,0.0744263861879442,0.391264474919442,0.392383803006229
15.1125000000001,2.5,0.0742885440431401,0.0744263861879442,0.391267946805753,0.392383803015627
15.1187500000001,2.5,0.0742889719715542,0.0744263861879442,0.391271407938369,0.392383803024949
15.1250000000001,2.5,0.0742893985702465,0.0744263861879442,0.391274858350425,0.392383803034196
15.1312500000001,2.5,0.0742898238433564,0.0744263861879442,0.391278298074955,0.392383803043368
15.1375000000001,2.5,0.0742902477950104,0.0744263861879442,0.391281727144894,0.392383803052465
15.1437500000001,2.5,0.0742906704293224,0.0744263861879442,0.391285145593077,0.392383803061489
15.1500000000001,2.5,0.074291091750393,0.0744263861879442,0.391288553452238,0.39238380307044
15.1562500000001,2.5,0.0742915117623105,0.0744263861879442,0.391291950755013,0.392383803079319
15.1625000000001,2.5,0.0742919304691499,0.0744263861879442,0.391295337533939,0.392383803088125
15.1687500000001,2.5,0.0742923478749739,0.0744263861879442,0.391298713821455,0.392383803096861
15.1750000000001,2.5,0.0742927639838323,0.0744263861879442,0.391302079649899,0.392383803105526
15.1812500000001,2.5,0.0742931787997622,0.0744263861879442,0.391305435051515,0.39238380311412
15.1875000000001,2.5,0.0742935923267882,0.0744263861879442,0.391308780058445,0.392383803122645
15.1937500000001,2.5,0.0742940045689224,0.0744263861879442,0.391312114702736,0.392383803131101
15.2000000000001,2.5,0.0742944155301641,0.0744263861879442,0.391315439016337,0.392383803139489
15.2062500000001,2.5,0.0742948252145005,0.0744263861879442,0.391318753031101,0.392383803147809
15.2125000000001,2.5,0.0742952336259059,0.0744263861879442,0.391322056778783,0.392383803156061
15.2187500000001,2.5,0.0742956407683424,0.0744263861879442,0.391325350291041,0.392383803164247
15.2250000000001,2.5,0.0742960466457599,0.0744263861879442,0.391328633599439,0.392383803172367
15.2312500000001,2.5,0.0742964512620957,0.0744263861879442,0.391331906735445,0.39238380318042
15.2375000000001,2.5,0.0742968546212749,0.0744263861879442,0.391335169730429,0.392383803188409
15.2437500000001,2.5,0.0742972567272103,0.0744263861879442,0.391338422615667,0.392383803196333
15.2500000000001,2.5,0.0742976575838025,0.0744263861879442,0.391341665422341,0.392383803204193
15.2562500000001,2.5,0.07429805719494,0.0744263861879442,0.391344898181538,0.392383803211989
15.2625000000001,2.5,0.0742984555644991,0.0744263861879442,0.391348120924249,0.392383803219722
15.2687500000001,2.5,0.0742988526963439,0.0744263861879442,0.391351333681371,0.392383803227392
15.2750000000001,2.5,0.0742992485943265,0.0744263861879442,0.39135453648371,0.392383803235001
15.2812500000001,2.5,0.0742996432622871,0.0744263861879442,0.391357729361975,0.392383803242548
15.2875000000001,2.5,0.0743000367040537,0.0744263861879442,0.391360912346782,0.392383803250034
15.2937500000001,2.5,0.0743004289234424,0.0744263861879442,0.391364085468656,0.392383803257459
15.3000000000001,2.5,0.0743008199242575,0.0744263861879442,0.391367248758028,0.392383803264824
15.3062500000001,2.5,0.0743012097102913,0.0744263861879442,0.391370402245235,0.39238380327213
15.3125000000001,2.5,0.0743015982853244,0.0744263861879442,0.391373545960524,0.392383803279376
15.3187500000001,2.5,0.0743019856531253,0.0744263861879442,0.391376679934049,0.392383803286564
15.3250000000001,2.5,0.0743023718174511,0.0744263861879442,0.391379804195871,0.392383803293694
15.3312500000001,2.5,0.0743027567820469,0.0744263861879442,0.391382918775962,0.392383803300765
15.3375000000001,2.5,0.0743031405506463,0.0744263861879442,0.391386023704202,0.39238380330778
15.3437500000001,2.5,0.074303523126971,0.0744263861879442,0.391389119010377,0.392383803314738
15.3500000000001,2.5,0.0743039045147313,0.0744263861879442,0.391392204724187,0.39238380332164
15.3562500000001,2.5,0.0743042847176259,0.0744263861879442,0.391395280875238,0.392383803328486
15.3625000000001,2.5,0.0743046637393418,0.0744263861879442,0.391398347493049,0.392383803335276
15.3687500000001,2.5,0.0743050415835546,0.0744263861879442,0.391401404607046,0.392383803342012
15.3750000000001,2.5,0.0743054182539284,0.0744263861879442,0.391404452246566,0.392383803348692
15.3812500000001,2.5,0.0743057937541159,0.0744263861879442,0.391407490440859,0.392383803355319
15.3875000000001,2.5,0.0743061680877584,0.0744263861879442,0.391410519219082,0.392383803361893
15.3937500000001,2.5,0.0743065412584857,0.0744263861879442,0.391413538610308,0.392383803368413
15.4000000000001,2.5,0.0743069132699164,0.0744263861879442,0.391416548643516,0.39238380337488
15.4062500000001,2.5,0.0743072841256579,0.0744263861879442,0.391419549347601,0.392383803381295
15.4125000000001,2.5,0.074307653829306,0.0744263861879442,0.391422540751368,0.392383803387658
15.4187500000001,2.5,0.0743080223844456,0.0744263861879442,0.391425522883534,0.39238380339397
15.4250000000001,2.5,0.0743083897946503,0.0744263861879442,0.391428495772729,0.39238380340023
15.4312500000001,2.5,0.0743087560634825,0.0744263861879442,0.391431459447496,0.39238380340644
15.4375000000001,2.5,0.0743091211944936,0.0744263861879442,0.391434413936289,0.3923838034126
15.4437500000001,2.5,0.0743094851912237,0.0744263861879442,0.391437359267479,0.392383803418709
15.4500000000001,2.5,0.0743098480572021,0.0744263861879442,0.391440295469346,0.39238380342477
15.4562500000001,2.5,0.074310209795947,0.0744263861879442,0.391443222570087,0.392383803430781
15.4625000000001,2.5,0.0743105704109655,0.0744263861879442,0.391446140597812,0.392383803436744
15.4687500000001,2.5,0.0743109299057538,0.0744263861879442,0.391449049580544,0.392383803442658
15.4750000000001,2.5,0.0743112882837974,0.0744263861879442,0.391451949546223,0.392383803448525
15.4812500000001,2.5,0.0743116455485706,0.0744263861879442,0.391454840522701,0.392383803454344
15.4875000000001,2.5,0.0743120017035371,0.0744263861879442,0.391457722537746,0.392383803460116
15.4937500000001,2.5,0.0743123567521497,0.0744263861879442,0.391460595619042,0.392383803465841
15.5000000000001,2.5,0.0743127106978504,0.0744263861879442,0.391463459794187,0.39238380347152
15.5062500000001,2.5,0.0743130635440705,0.0744263861879442,0.391466315090698,0.392383803477153
15.5125000000001,2.5,0.0743134152942306,0.0744263861879442,0.391469161536002,0.39238380348274
15.5187500000001,2.5,0.0743137659517406,0.0744263861879442,0.391471999157449,0.392383803488282
15.5250000000001,2.5,0.0743141155199997,0.0744263861879442,0.3914748279823,0.39238380349378
15.5312500000001,2.5,0.0743144640023966,0.0744263861879442,0.391477648037736,0.392383803499232
15.5375000000001,2.5,0.0743148114023095,0.0744263861879442,0.391480459350854,0.392383803504641
15.5437500000001,2.5,0.0743151577231057,0.0744263861879442,0.391483261948667,0.392383803510006
15.5500000000001,2.5,0.0743155029681425,0.0744263861879442,0.391486055858107,0.392383803515328
15.5562500000001,2.5,0.0743158471407663,0.0744263861879442,0.391488841106024,0.392383803520606
15.5625000000001,2.5,0.0743161902443132,0.0744263861879442,0.391491617719184,0.392383803525842
15.5687500000001,2.5,0.074316532282109,0.0744263861879442,0.391494385724272,0.392383803531035
15.5750000000001,2.5,0.074316873257469,0.0744263861879442,0.391497145147893,0.392383803536187
15.5812500000001,2.5,0.0743172131736982,0.0744263861879442,0.391499896016569,0.392383803541296
15.5875000000001,2.5,0.0743175520340913,0.0744263861879442,0.391502638356741,0.392383803546365
15.5937500000001,2.5,0.0743178898419326,0.0744263861879442,0.391505372194769,0.392383803551392
15.6000000000001,2.5,0.0743182266004964,0.0744263861879442,0.391508097556933,0.392383803556379
15.6062500000001,2.5,0.0743185623130465,0.0744263861879442,0.391510814469432,0.392383803561325
15.6125000000001,2.5,0.0743188969828368,0.0744263861879442,0.391513522958386,0.392383803566231
15.6187500000001,2.5,0.0743192306131108,0.0744263861879442,0.391516223049834,0.392383803571098
15.6250000000001,2.5,0.074319563207102,0.0744263861879442,0.391518914769735,0.392383803575925
15.6312500000001,2.5,0.0743198947680338,0.0744263861879442,0.39152159814397,0.392383803580713
15.6375000000001,2.5,0.0743202252991196,0.0744263861879442,0.391524273198339,0.392383803585462
15.6437500000001,2.5,0.0743205548035626,0.0744263861879442,0.391526939958565,0.392383803590173
15.6500000000001,2.5,0.0743208832845563,0.0744263861879442,0.39152959845029,0.392383803594846
15.6562500000001,2.5,0.074321210745284,0.0744263861879442,0.39153224869908,0.392383803599481
15.6625000000001,2.5,0.0743215371889192,0.0744263861879442,0.39153489073042,0.392383803604079
15.6687500000001,2.5,0.0743218626186252,0.0744263861879442,0.39153752456972,0.392383803608639
15.6750000000001,2.5,0.0743221870375559,0.0744263861879442,0.39154015024231,0.392383803613162
15.6812500000001,2.5,0.0743225104488551,0.0744263861879442,0.391542767773442,0.392383803617649
15.6875000000001,2.5,0.0743228328556568,0.0744263861879442,0.391545377188293,0.3923838036221
15.6937500000001,2.5,0.0743231542610853,0.0744263861879442,0.391547978511961,0.392383803626514
15.7000000000001,2.5,0.0743234746682551,0.0744263861879442,0.391550571769468,0.392383803630893
15.7062500000001,2.5,0.0743237940802709,0.0744263861879442,0.391553156985759,0.392383803635236
15.7125000000001,2.5,0.0743241125002279,0.0744263861879442,0.391555734185702,0.392383803639544
15.7187500000001,2.5,0.0743244299312116,0.0744263861879442,0.39155830339409,0.392383803643818
15.7250000000001,2.5,0.0743247463762978,0.0744263861879442,0.391560864635639,0.392383803648056
15.7312500000001,2.5,0.0743250618385527,0.0744263861879442,0.391563417934989,0.392383803652261
15.7375000000001,2.5,0.074325376321033,0.0744263861879442,0.391565963316707,0.392383803656431
15.7437500000001,2.5,0.0743256898267859,0.0744263861879442,0.391568500805281,0.392383803660568
15.7500000000001,2.5,0.0743260023588491,0.0744263861879442,0.391571030425126,0.392383803664671
15.7562500000001,2.5,0.0743263139202507,0.0744263861879442,0.391573552200583,0.392383803668741
15.7625000000001,2.5,0.0743266245140094,0.0744263861879442,0.391576066155917,0.392383803672778
15.7687500000001,2.5,0.0743269341431345,0.0744263861879442,0.391578572315318,0.392383803676782
15.7750000000001,2.5,0.0743272428106261,0.0744263861879442,0.391581070702903,0.392383803680754
15.7812500000001,2.5,0.0743275505194746,0.0744263861879442,0.391583561342714,0.392383803684694
15.7875000000001,2.5,0.0743278572726614,0.0744263861879442,0.391586044258722,0.392383803688602
15.7937500000001,2.5,0.0743281630731584,0.0744263861879442,0.39158851947482,0.392383803692478
15.8000000000001,2.5,0.0743284679239283,0.0744263861879442,0.391590987014832,0.392383803696323
15.8062500000001,2.5,0.0743287718279246,0.0744263861879442,0.391593446902506,0.392383803700137
15.8125000000001,2.5,0.0743290747880914,0.0744263861879442,0.391595899161519,0.39238380370392
15.8187500000001,2.5,0.074329376807364,0.0744263861879442,0.391598343815473,0.392383803707673
15.8250000000001,2.5,0.0743296778886681,0.0744263861879442,0.391600780887901,0.392383803711395
15.8312500000001,2.5,0.0743299780349206,0.0744263861879442,0.39160321040226,0.392383803715086
15.8375000000001,2.5,0.0743302772490292,0.0744263861879442,0.391605632381938,0.392383803718748
15.8437500000001,2.5,0.0743305755338925,0.0744263861879442,0.391608046850251,0.392383803722381
15.8500000000001,2.5,0.0743308728924001,0.0744263861879442,0.39161045383044,0.392383803725984
15.8562500000001,2.5,0.0743311693274327,0.0744263861879442,0.391612853345679,0.392383803729558
15.8625000000001,2.5,0.0743314648418618,0.0744263861879442,0.391615245419069,0.392383803733103
15.8687500000001,2.5,0.0743317594385501,0.0744263861879442,0.391617630073639,0.392383803736619
15.8750000000001,2.5,0.0743320531203512,0.0744263861879442,0.391620007332349,0.392383803740107
15.8812500000001,2.5,0.0743323458901101,0.0744263861879442,0.391622377218088,0.392383803743566
15.8875000000001,2.5,0.0743326377506628,0.0744263861879442,0.391624739753675,0.392383803746998
15.8937500000001,2.5,0.0743329287048363,0.0744263861879442,0.391627094961857,0.392383803750401
15.9000000000001,2.5,0.0743332187554489,0.0744263861879442,0.391629442865314,0.392383803753778
15.9062500000001,2.5,0.0743335079053103,0.0744263861879442,0.391631783486654,0.392383803757127
15.9125000000001,2.5,0.0743337961572211,0.0744263861879442,0.391634116848417,0.392383803760448
15.9187500000001,2.5,0.0743340835139734,0.0744263861879442,0.391636442973074,0.392383803763743
15.9250000000001,2.5,0.0743343699783506,0.0744263861879442,0.391638761883024,0.392383803767012
15.9312500000001,2.5,0.0743346555531273,0.0744263861879442,0.391641073600602,0.392383803770254
15.9375000000001,2.5,0.0743349402410695,0.0744263861879442,0.391643378148069,0.392383803773469
15.9437500000001,2.5,0.0743352240449347,0.0744263861879442,0.391645675547623,0.392383803776659
15.9500000000001,2.5,0.0743355069674715,0.0744263861879442,0.391647965821389,0.392383803779822
15.9562500000001,2.5,0.0743357890114203,0.0744263861879442,0.391650248991428,0.392383803782961
15.9625000000001,2.5,0.0743360701795128,0.0744263861879442,0.391652525079729,0.392383803786073
15.9687500000001,2.5,0.074336350474472,0.0744263861879442,0.391654794108218,0.392383803789161
15.9750000000001,2.5,0.0743366298990128,0.0744263861879442,0.391657056098749,0.392383803792223
15.9812500000001,2.5,0.0743369084558413,0.0744263861879442,0.391659311073113,0.392383803795261
15.9875000000001,2.5,0.0743371861476553,0.0744263861879442,0.391661559053031,0.392383803798275
15.99375,2.5,0.0743374629771442,0.0744263861879442,0.391663800060159,0.392383803801263
16,2.5,0.0743377389469891,0.0744263861879442,0.391666034116085,0.392383803804228
16.00625,0,0.074323575922797,0.0744263861879442,0.391667968619138,0.392383803807169
16.0125,0,0.0743094539202286,0.0744263861879442,0.391669315257616,0.392383803810086
16.01875,0,0.0742953728174939,0.0744263861879442,0.391670080445711,0.392383803812979
16.025,0,0.0742813324932023,0.0744263861879442,0.391670270541211,0.392383803815849
16.03125,0,0.0742673328263627,0.0744263861879442,0.391669891845548,0.392383803818695
16.0375,0,0.0742533736963857,0.0744263861879442,0.391668950603584,0.392383803821519
16.04375,0,0.0742394549830768,0.0744263861879442,0.391667453005058,0.39238380382432
16.05,0,0.0742255765666338,0.0744263861879442,0.391665405185172,0.392383803827098
16.05625,0,0.0742117383276477,0.0744263861879442,0.391662813224633,0.392383803829853
16.0625,0,0.0741979401471047,0.0744263861879442,0.391659683149458,0.392383803832587
16.06875,0,0.074184181906379,0.0744263861879442,0.391656020932358,0.392383803835298
16.075,0,0.0741704634872312,0.0744263861879442,0.391651832493319,0.392383803837987
16.08125,0,0.0741567847718083,0.0744263861879442,0.391647123699637,0.392383803840655
16.0875,0,0.0741431456426462,0.0744263861879442,0.391641900365725,0.392383803843301
16.09375,0,0.0741295459826625,0.0744263861879442,0.39163616825446,0.392383803845925
16.1,0,0.0741159856751548,0.0744263861879442,0.391629933077741,0.392383803848528
16.10625,0,0.074102464603801,0.0744263861879442,0.391623200496521,0.39238380385111
16.1125,0,0.0740889826526612,0.0744263861879442,0.391615976120625,0.392383803853672
16.11875,0,0.0740755397061714,0.0744263861879442,0.39160826551005,0.392383803856212
16.125,0,0.0740621356491412,0.0744263861879442,0.391600074175503,0.392383803858732
16.13125,0,0.0740487703667542,0.0744263861879442,0.391591407578439,0.392383803861232
16.1375,0,0.0740354437445705,0.0744263861879442,0.391582271130876,0.392383803863711
16.14375,0,0.0740221556685194,0.0744263861879442,0.391572670196661,0.392383803866171
16.15,0,0.0740089060248983,0.0744263861879442,0.391562610091983,0.39238380386861
16.15625,0,0.0739956947003723,0.0744263861879442,0.391552096085415,0.39238380387103
16.1625,0,0.0739825215819768,0.0744263861879442,0.391541133397734,0.39238380387343
16.16875,0,0.0739693865571108,0.0744263861879442,0.391529727203143,0.392383803875811
16.175,0,0.073956289513535,0.0744263861879442,0.391517882629771,0.392383803878172
16.18125,0,0.0739432303393725,0.0744263861879442,0.391505604759713,0.392383803880514
16.1875,0,0.0739302089231102,0.0744263861879442,0.391492898628852,0.392383803882838
16.19375,0,0.0739172251535931,0.0744263861879442,0.391479769228045,0.392383803885142
16.2,0,0.073904278920022,0.0744263861879442,0.391466221503609,0.392383803887428
16.20625,0,0.073891370111954,0.0744263861879442,0.391452260357352,0.392383803889695
16.2125,0,0.0738784986193048,0.0744263861879442,0.391437890646408,0.392383803891945
16.21875,0,0.073865664332342,0.0744263861879442,0.391423117184381,0.392383803894175
16.225,0,0.0738528671416835,0.0744263861879442,0.391407944741814,0.392383803896388
16.23125,0,0.0738401069382979,0.0744263861879442,0.391392378046225,0.392383803898583
16.2375,0,0.0738273836135065,0.0744263861879442,0.391376421781939,0.39238380390076
16.24375,0,0.0738146970589769,0.0744263861879442,0.391360080591202,0.39238380390292
16.25,0,0.0738020471667217,0.0744263861879442,0.391343359074631,0.392383803905062
16.25625,0,0.0737894338290984,0.0744263861879442,0.391326261791246,0.392383803907187
16.2625,0,0.0737768569388116,0.0744263861879442,0.391308793258316,0.392383803909294
16.26875,0,0.073764316388907,0.0744263861879442,0.391290957952428,0.392383803911384
16.275,0,0.0737518120727695,0.0744263861879442,0.391272760309928,0.392383803913458
16.28125,0,0.0737393438841237,0.0744263861879442,0.391254204726949,0.392383803915515
16.2875,0,0.0737269117170358,0.0744263861879442,0.391235295559264,0.392383803917555
16.29375,0,0.0737145154659075,0.0744263861879442,0.391216037123317,0.392383803919579
16.3,0,0.0737021550254745,0.0744263861879442,0.391196433696654,0.392383803921586
16.30625,0,0.0736898302908072,0.0744263861879442,0.391176489517947,0.392383803923577
16.3125,0,0.0736775411573116,0.0744263861879442,0.391156208786852,0.392383803925552
16.31875,0,0.0736652875207245,0.0744263861879442,0.391135595665007,0.392383803927511
16.325,0,0.0736530692771113,0.0744263861879442,0.391114654276449,0.392383803929454
16.33125,0,0.0736408863228666,0.0744263861879442,0.391093388707638,0.392383803931381
16.3375,0,0.0736287385547158,0.0744263861879442,0.391071803007318,0.392383803933293
16.34375,0,0.0736166258697095,0.0744263861879442,0.391049901187485,0.392383803935189
16.35,0,0.0736045481652222,0.0744263861879442,0.391027687223785,0.39238380393707
16.35625,0,0.0735925053389523,0.0744263861879442,0.391005165055545,0.392383803938936
16.3625,0,0.0735804972889237,0.0744263861879442,0.39098233858563,0.392383803940786
16.36875,0,0.0735685239134808,0.0744263861879442,0.390959211681387,0.392383803942622
16.375,0,0.0735565851112866,0.0744263861879442,0.390935788175026,0.392383803944443
16.38125,0,0.073544680781323,0.0744263861879442,0.390912071863651,0.392383803946249
16.3875,0,0.0735328108228925,0.0744263861879442,0.390888066509121,0.39238380394804
16.39375,0,0.0735209751356132,0.0744263861879442,0.390863775838963,0.392383803949817
16.4,0,0.0735091736194165,0.0744263861879442,0.390839203546743,0.39238380395158
16.40625,0,0.0734974061745485,0.0744263861879442,0.390814353292093,0.392383803953328
16.4125,0,0.0734856727015703,0.0744263861879442,0.390789228700578,0.392383803955062
16.41875,0,0.0734739731013539,0.0744263861879442,0.39076383336458,0.392383803956782
16.425,0,0.0734623072750802,0.0744263861879442,0.390738170843653,0.392383803958488
16.43125,0,0.0734506751242393,0.0744263861879442,0.390712244664555,0.392383803960181
16.4375,0,0.0734390765506322,0.0744263861879442,0.390686058321115,0.392383803961859
16.44375,0,0.0734275114563656,0.0744263861879442,0.390659615275088,0.392383803963524
16.45,0,0.0734159797438504,0.0744263861879442,0.390632918956504,0.392383803965176
16.45625,0,0.0734044813158022,0.0744263861879442,0.39060597276369,0.392383803966814
16.4625,0,0.0733930160752426,0.0744263861879442,0.390578780063149,0.392383803968439
16.46875,0,0.0733815839254942,0.0744263861879442,0.390551344190385,0.392383803970051
16.475,0,0.0733701847701795,0.0744263861879442,0.390523668450236,0.39238380397165
16.48125,0,0.0733588185132207,0.0744263861879442,0.390495756116903,0.392383803973236
16.4875,0,0.0733474850588415,0.0744263861879442,0.390467610433829,0.392383803974809
16.49375,0,0.0733361843115623,0.0744263861879442,0.390439234614492,0.392383803976369
16.5,0,0.0733249161761984,0.0744263861879442,0.390410631842739,0.392383803977917
16.50625,0,0.0733136805578607,0.0744263861879442,0.390381805272803,0.392383803979452
16.5125,0,0.0733024773619568,0.0744263861879442,0.390352758029191,0.392383803980975
16.51875,0,0.0732913064941867,0.0744263861879442,0.390323493207453,0.392383803982485
16.525,0,0.0732801678605409,0.0744263861879442,0.390294013874498,0.392383803983983
16.53125,0,0.0732690613673007,0.0744263861879442,0.390264323068619,0.39238380398547
16.5375,0,0.0732579869210402,0.0744263861879442,0.390234423799377,0.392383803986944
16.54375,0,0.0732469444286211,0.0744263861879442,0.390204319048351,0.392383803988406
16.55,0,0.0732359337971912,0.0744263861879442,0.39017401176944,0.392383803989856
16.55625,0,0.0732249549341854,0.0744263861879442,0.390143504888887,0.392383803991295
16.5625,0,0.0732140077473263,0.0744263861879442,0.390112801305172,0.392383803992721
16.56875,0,0.0732030921446201,0.0744263861879442,0.390081903889728,0.392383803994137
16.575,0,0.073192208034355,0.0744263861879442,0.390050815487244,0.392383803995541
16.58125,0,0.0731813553251019,0.0744263861879442,0.390019538915681,0.392383803996933
16.5875,0,0.0731705339257151,0.0744263861879442,0.389988076966166,0.392383803998315
16.59375,0,0.0731597437453283,0.0744263861879442,0.389956432403697,0.392383803999685
16.6,0,0.0731489846933532,0.0744263861879442,0.389924607967421,0.392383804001044
16.60625,0,0.0731382566794798,0.0744263861879442,0.38989260637066,0.392383804002392
16.6125,0,0.0731275596136773,0.0744263861879442,0.389860430300805,0.392383804003729
16.61875,0,0.0731168934061905,0.0744263861879442,0.389828082419996,0.392383804005055
16.625,0,0.0731062579675378,0.0744263861879442,0.389795565365396,0.392383804006371
16.63125,0,0.0730956532085119,0.0744263861879442,0.389762881749209,0.392383804007676
16.6375,0,0.0730850790401808,0.0744263861879442,0.389730034158585,0.39238380400897
16.64375,0,0.0730745353738838,0.0744263861879442,0.389697025156272,0.392383804010254
16.65,0,0.0730640221212297,0.0744263861879442,0.389663857280883,0.392383804011527
16.65625,0,0.073053539194098,0.0744263861879442,0.389630533046916,0.392383804012791
16.6625,0,0.0730430865046393,0.0744263861879442,0.389597054944658,0.392383804014043
16.66875,0,0.0730326639652712,0.0744263861879442,0.389563425440817,0.392383804015286
16.675,0,0.0730222714886775,0.0744263861879442,0.389529646978782,0.392383804016519
16.68125,0,0.0730119089878083,0.0744263861879442,0.389495721978641,0.392383804017742
16.6875,0,0.073001576375881,0.0744263861879442,0.389461652837086,0.392383804018955
16.69375,0,0.0729912735663763,0.0744263861879442,0.389427441928029,0.392383804020158
16.7,0,0.072981000473037,0.0744263861879442,0.38939309160285,0.392383804021351
16.70625,0,0.0729707570098684,0.0744263861879442,0.389358604190414,0.392383804022535
16.7125,0,0.0729605430911392,0.0744263861879442,0.389323981996985,0.392383804023709
16.71875,0,0.0729503586313778,0.0744263861879442,0.389289227306811,0.392383804024874
16.725,0,0.0729402035453708,0.0744263861879442,0.389254342382374,0.392383804026029
16.73125,0,0.0729300777481635,0.0744263861879442,0.389219329464404,0.392383804027175
16.7375,0,0.0729199811550609,0.0744263861879442,0.389184190771789,0.392383804028311
16.74375,0,0.0729099136816239,0.0744263861879442,0.389148928502152,0.392383804029439
16.75,0,0.0728998752436679,0.0744263861879442,0.389113544832084,0.392383804030557
16.75625,0,0.0728898657572633,0.0744263861879442,0.389078041917162,0.392383804031666
16.7625,0,0.0728798851387366,0.0744263861879442,0.389042421891859,0.392383804032766
16.76875,0,0.0728699333046663,0.0744263861879442,0.389006686870105,0.392383804033858
16.775,0,0.0728600101718821,0.0744263861879442,0.388970838945511,0.39238380403494
16.78125,0,0.0728501156574649,0.0744263861879442,0.388934880191385,0.392383804036014
16.7875,0,0.0728402496787479,0.0744263861879442,0.388898812660649,0.392383804037079
16.79375,0,0.072830412153313,0.0744263861879442,0.388862638386376,0.392383804038135
16.8,0,0.0728206029989896,0.0744263861879442,0.388826359382012,0.392383804039183
16.80625,0,0.0728108221338548,0.0744263861879442,0.388789977641387,0.392383804040222
16.8125,0,0.0728010694762343,0.0744263861879442,0.38875349513864,0.392383804041253
16.81875,0,0.0727913449446992,0.0744263861879442,0.388716913828733,0.392383804042276
16.825,0,0.0727816484580643,0.0744263861879442,0.388680235647667,0.39238380404329
16.83125,0,0.072771979935389,0.0744263861879442,0.388643462512496,0.392383804044297
16.8375,0,0.0727623392959776,0.0744263861879442,0.388606596321249,0.392383804045295
16.84375,0,0.0727527264593763,0.0744263861879442,0.388569638953434,0.392383804046285
16.85,0,0.0727431413453717,0.0744263861879442,0.388532592270242,0.392383804047267
16.85625,0,0.0727335838739913,0.0744263861879442,0.38849545811456,0.392383804048241
16.8625,0,0.0727240539655045,0.0744263861879442,0.388458238310898,0.392383804049207
16.8687499999999,0,0.0727145515404189,0.0744263861879442,0.388420934665875,0.392383804050165
16.875,0,0.0727050765194793,0.0744263861879442,0.388383548968418,0.392383804051115
16.88125,0,0.072695628823668,0.0744263861879442,0.388346082989775,0.392383804052058
16.8874999999999,0,0.0726862083742057,0.0744263861879442,0.388308538483439,0.392383804052993
16.8937499999999,0,0.0726768150925482,0.0744263861879442,0.388270917185627,0.392383804053921
16.8999999999999,0,0.0726674489003851,0.0744263861879442,0.388233220815462,0.392383804054841
16.90625,0,0.0726581097196402,0.0744263861879442,0.388195451074995,0.392383804055754
16.9124999999999,0,0.0726487974724725,0.0744263861879442,0.388157609649127,0.392383804056659
16.9187499999999,0,0.0726395120812725,0.0744263861879442,0.38811969820607,0.392383804057557
16.9249999999999,0,0.0726302534686618,0.0744263861879442,0.38808171839753,0.392383804058448
16.9312499999999,0,0.0726210215574926,0.0744263861879442,0.38804367185872,0.392383804059331
16.9374999999999,0,0.072611816270849,0.0744263861879442,0.388005560208292,0.392383804060208
16.9437499999999,0,0.0726026375320439,0.0744263861879442,0.387967385048779,0.392383804061077
16.9499999999999,0,0.0725934852646174,0.0744263861879442,0.387929147966769,0.392383804061939
16.9562499999999,0,0.0725843593923376,0.0744263861879442,0.387890850532927,0.392383804062794
16.9624999999999,0,0.0725752598392012,0.0744263861879442,0.387852494301918,0.392383804063643
16.9687499999999,0,0.0725661865294304,0.0744263861879442,0.38781408081284,0.392383804064484
16.9749999999999,0,0.0725571393874716,0.0744263861879442,0.387775611589399,0.392383804065319
16.9812499999999,0,0.0725481183379962,0.0744263861879442,0.387737088139913,0.392383804066147
16.9874999999999,0,0.0725391233059008,0.0744263861879442,0.387698511957256,0.392383804066968
16.9937499999999,0,0.0725301542163045,0.0744263861879442,0.387659884519266,0.392383804067783
16.9999999999999,0,0.0725212109945479,0.0744263861879442,0.387621207288914,0.392383804068591
17.0062499999999,0,0.0725122935661931,0.0744263861879442,0.387582481714316,0.392383804069392
17.0124999999999,0,0.0725034018570245,0.0744263861879442,0.387543709228669,0.392383804070187
17.0187499999999,0,0.0724945357930461,0.0744263861879442,0.387504891250654,0.392383804070975
17.0249999999999,0,0.0724856953004802,0.0744263861879442,0.387466029184592,0.392383804071758
17.0312499999999,0,0.0724768803057676,0.0744263861879442,0.387427124420461,0.392383804072533
17.0374999999999,0,0.0724680907355687,0.0744263861879442,0.387388178333834,0.392383804073303
17.0437499999999,0,0.0724593265167602,0.0744263861879442,0.387349192286263,0.392383804074066
17.0499999999999,0,0.0724505875764341,0.0744263861879442,0.387310167625438,0.392383804074823
17.0562499999999,0,0.0724418738418985,0.0744263861879442,0.387271105685197,0.392383804075574
17.0624999999999,0,0.0724331852406775,0.0744263861879442,0.387232007785469,0.392383804076319
17.0687499999999,0,0.0724245217005089,0.0744263861879442,0.387192875232643,0.392383804077058
17.0749999999999,0,0.0724158831493431,0.0744263861879442,0.387153709319728,0.392383804077791
17.0812499999999,0,0.0724072695153432,0.0744263861879442,0.387114511326355,0.392383804078518
17.0874999999999,0,0.0723986807268858,0.0744263861879442,0.387075282518723,0.392383804079239
17.0937499999999,0,0.0723901167125583,0.0744263861879442,0.387036024149964,0.392383804079954
17.0999999999999,0,0.0723815774011577,0.0744263861879442,0.386996737460286,0.392383804080664
17.1062499999999,0,0.072373062721691,0.0744263861879442,0.386957423676983,0.392383804081367
17.1124999999999,0,0.0723645726033759,0.0744263861879442,0.38691808401438,0.392383804082066
17.1187499999999,0,0.0723561069756378,0.0744263861879442,0.386878719674187,0.392383804082758
17.1249999999999,0,0.0723476657681092,0.0744263861879442,0.386839331845635,0.392383804083445
17.1312499999999,0,0.0723392489106298,0.0744263861879442,0.386799921705489,0.392383804084126
17.1374999999999,0,0.0723308563332471,0.0744263861879442,0.386760490417994,0.392383804084802
17.1437499999999,0,0.0723224879662135,0.0744263861879442,0.386721039135212,0.392383804085472
17.1499999999999,0,0.0723141437399859,0.0744263861879442,0.386681568997162,0.392383804086137
17.1562499999999,0,0.0723058235852256,0.0744263861879442,0.386642081131828,0.392383804086796
17.1624999999999,0,0.0722975274327989,0.0744263861879442,0.386602576655106,0.39238380408745
17.1687499999999,0,0.0722892552137745,0.0744263861879442,0.386563056671131,0.392383804088099
17.1749999999999,0,0.0722810068594226,0.0744263861879442,0.386523522272416,0.392383804088743
17.1812499999999,0,0.0722727823012153,0.0744263861879442,0.386483974539851,0.392383804089381
17.1874999999999,0,0.072264581470827,0.0744263861879442,0.386444414542661,0.392383804090014
17.1937499999999,0,0.0722564043001318,0.0744263861879442,0.386404843338718,0.392383804090642
17.1999999999999,0,0.0722482507212027,0.0744263861879442,0.386365261974673,0.392383804091265
17.2062499999999,0,0.0722401206663119,0.0744263861879442,0.386325671485961,0.392383804091883
17.2124999999999,0,0.0722320140679312,0.0744263861879442,0.386286072896754,0.392383804092496
17.2187499999999,0,0.0722239308587297,0.0744263861879442,0.386246467220269,0.392383804093104
17.2249999999999,0,0.0722158709715726,0.0744263861879442,0.38620685545889,0.392383804093707
17.2312499999999,0,0.0722078343395218,0.0744263861879442,0.386167238604175,0.392383804094305
17.2374999999999,0,0.0721998208958361,0.0744263861879442,0.386127617636815,0.392383804094899
17.2437499999999,0,0.0721918305739691,0.0744263861879442,0.386087993526921,0.392383804095487
17.2499999999999,0,0.0721838633075681,0.0744263861879442,0.386048367234154,0.392383804096071
17.2562499999999,0,0.0721759190304742,0.0744263861879442,0.386008739707726,0.39238380409665
17.2624999999999,0,0.0721679976767232,0.0744263861879442,0.385969111886356,0.392383804097224
17.2687499999999,0,0.0721600991805429,0.0744263861879442,0.385929484698559,0.392383804097794
17.2749999999999,0,0.0721522234763524,0.0744263861879442,0.38588985906276,0.392383804098359
17.2812499999999,0,0.0721443704987623,0.0744263861879442,0.3858502358873,0.39238380409892
17.2874999999999,0,0.0721365401825749,0.0744263861879442,0.385810616070398,0.392383804099476
17.2937499999999,0,0.0721287324627825,0.0744263861879442,0.385771000500421,0.392383804100027
17.2999999999999,0,0.072120947274566,0.0744263861879442,0.385731390056,0.392383804100574
17.3062499999999,0,0.0721131845532953,0.0744263861879442,0.385691785606039,0.392383804101117
17.3124999999999,0,0.0721054442345297,0.0744263861879442,0.385652188009667,0.392383804101655
17.3187499999999,0,0.0720977262540159,0.0744263861879442,0.385612598116511,0.392383804102189
17.3249999999999,0,0.072090030547687,0.0744263861879442,0.385573016766804,0.392383804102719
17.3312499999999,0,0.0720823570516622,0.0744263861879442,0.38553344479139,0.392383804103244
17.3374999999999,0,0.0720747057022483,0.0744263861879442,0.385493883011683,0.392383804103765
17.3437499999999,0,0.0720670764359367,0.0744263861879442,0.385454332239927,0.392383804104282
17.3499999999999,0,0.0720594691894028,0.0744263861879442,0.385414793279303,0.392383804104794
17.3562499999999,0,0.072051883899506,0.0744263861879442,0.385375266923931,0.392383804105303
17.3624999999999,0,0.0720443205032907,0.0744263861879442,0.385335753958836,0.392383804105807
17.3687499999999,0,0.0720367789379835,0.0744263861879442,0.385296255160193,0.392383804106307
17.3749999999999,0,0.0720292591409927,0.0744263861879442,0.385256771295432,0.392383804106803
17.3812499999999,0,0.0720217610499085,0.0744263861879442,0.385217303123245,0.392383804107296
17.3874999999999,0,0.0720142846025034,0.0744263861879442,0.385177851393544,0.392383804107784
17.3937499999999,0,0.0720068297367299,0.0744263861879442,0.385138416847706,0.392383804108268
17.3999999999999,0,0.0719993963907202,0.0744263861879442,0.385099000218672,0.392383804108749
17.4062499999999,0,0.0719919845027855,0.0744263861879442,0.385059602230953,0.392383804109225
17.4124999999999,0,0.0719845940114175,0.0744263861879442,0.385020223600588,0.392383804109698
17.4187499999999,0,0.0719772248552855,0.0744263861879442,0.384980865035384,0.392383804110166
17.4249999999999,0,0.0719698769732359,0.0744263861879442,0.384941527235011,0.392383804110631
17.4312499999999,0,0.0719625503042923,0.0744263861879442,0.384902210891003,0.392383804111093
17.4374999999999,0,0.0719552447876564,0.0744263861879442,0.384862916686728,0.39238380411155
17.4437499999999,0,0.071947960362705,0.0744263861879442,0.384823645297608,0.392383804112004
17.4499999999999,0,0.0719406969689901,0.0744263861879442,0.384784397391219,0.392383804112454
17.4562499999999,0,0.0719334545462386,0.0744263861879442,0.38474517362729,0.3923838041129
17.4624999999999,0,0.0719262330343529,0.0744263861879442,0.384705974657669,0.392383804113343
17.4687499999999,0,0.071919032373409,0.0744263861879442,0.384666801126547,0.392383804113783
17.4749999999999,0,0.0719118525036553,0.0744263861879442,0.38462765367054,0.392383804114218
17.4812499999999,0,0.0719046933655131,0.0744263861879442,0.384588532918701,0.392383804114651
17.4874999999999,0,0.0718975548995771,0.0744263861879442,0.384549439492482,0.392383804115079
17.4937499999999,0,0.0718904370466131,0.0744263861879442,0.384510374005946,0.392383804115504
17.4999999999999,0,0.0718833397475577,0.0744263861879442,0.384471337065856,0.392383804115926
17.5062499999999,0,0.0718762629435179,0.0744263861879442,0.384432329271677,0.392383804116345
17.5124999999999,0,0.0718692065757718,0.0744263861879442,0.384393351215545,0.39238380411676
17.5187499999999,0,0.0718621705857668,0.0744263861879442,0.384354403482472,0.392383804117171
17.5249999999999,0,0.0718551549151187,0.0744263861879442,0.384315486650429,0.39238380411758
17.5312499999999,0,0.0718481595056116,0.0744263861879442,0.384276601290351,0.392383804117985
17.5374999999999,0,0.0718411842991989,0.0744263861879442,0.384237747966103,0.392383804118386
17.5437499999999,0,0.0718342292380008,0.0744263861879442,0.384198927234683,0.392383804118785
17.5499999999999,0,0.0718272942643041,0.0744263861879442,0.384160139646297,0.39238380411918
17.5562499999999,0,0.0718203793205616,0.0744263861879442,0.384121385744371,0.392383804119572
17.5624999999999,0,0.0718134843493934,0.0744263861879442,0.384082666065511,0.392383804119961
17.5687499999999,0,0.0718066092935843,0.0744263861879442,0.384043981139703,0.392383804120347
17.5749999999999,0,0.0717997540960837,0.0744263861879442,0.384005331490385,0.392383804120729
17.5812499999999,0,0.0717929187000049,0.0744263861879442,0.383966717634456,0.392383804121109
17.5874999999999,0,0.0717861030486265,0.0744263861879442,0.383928140082243,0.392383804121485
17.5937499999999,0,0.0717793070853897,0.0744263861879442,0.383889599337687,0.392383804121859
17.5999999999999,0,0.0717725307538982,0.0744263861879442,0.383851095898421,0.392383804122229
17.6062499999999,0,0.0717657739979179,0.0744263861879442,0.383812630255772,0.392383804122596
17.6124999999999,0,0.0717590367613774,0.0744263861879442,0.38377420289473,0.392383804122961
17.6187499999999,0,0.0717523189883666,0.0744263861879442,0.383735814294131,0.392383804123322
17.6249999999999,0,0.0717456206231353,0.0744263861879442,0.38369746492673,0.392383804123681
17.6312499999999,0,0.0717389416100938,0.0744263861879442,0.383659155259203,0.392383804124037
17.6374999999999,0,0.0717322818938132,0.0744263861879442,0.383620885752117,0.392383804124389
17.6437499999999,0,0.0717256414190235,0.0744263861879442,0.383582656860111,0.392383804124739
17.6499999999999,0,0.0717190201306132,0.0744263861879442,0.383544469031956,0.392383804125086
17.6562499999999,0,0.071712417973629,0.0744263861879442,0.383506322710571,0.39238380412543
17.6624999999999,0,0.0717058348932765,0.0744263861879442,0.383468218332984,0.392383804125772
17.6687499999999,0,0.0716992708349183,0.0744263861879442,0.383430156330507,0.392383804126111
17.6749999999999,0,0.0716927257440733,0.0744263861879442,0.383392137128804,0.392383804126447
17.6812499999999,0,0.0716861995664171,0.0744263861879442,0.38335416114789,0.39238380412678
17.6874999999999,0,0.071679692247782,0.0744263861879442,0.383316228802111,0.39238380412711
17.6937499999999,0,0.0716732037341554,0.0744263861879442,0.383278340500299,0.392383804127438
17.6999999999999,0,0.0716667339716794,0.0744263861879442,0.383240496645846,0.392383804127764
17.7062499999999,0,0.0716602829066503,0.0744263861879442,0.383202697636701,0.392383804128086
17.7124999999999,0,0.0716538504855198,0.0744263861879442,0.383164943865349,0.392383804128406
17.7187499999999,0,0.0716474366548924,0.0744263861879442,0.383127235718962,0.392383804128723
17.7249999999999,0,0.0716410413615256,0.0744263861879442,0.383089573579471,0.392383804129038
17.7312499999999,0,0.0716346645523293,0.0744263861879442,0.383051957823564,0.392383804129351
17.7374999999999,0,0.0716283061743667,0.0744263861879442,0.383014388822659,0.39238380412966
17.7437499999999,0,0.0716219661748523,0.0744263861879442,0.382976866943063,0.392383804129968
17.7499999999999,0,0.0716156445011512,0.0744263861879442,0.382939392546028,0.392383804130272
17.7562499999999,0,0.0716093411007797,0.0744263861879442,0.382901965987756,0.392383804130575
17.7624999999999,0,0.0716030559214051,0.0744263861879442,0.382864587619375,0.392383804130874
17.7687499999999,0,0.0715967889108443,0.0744263861879442,0.382827257787086,0.392383804131172
17.7749999999999,0,0.0715905400170632,0.0744263861879442,0.382789976832221,0.392383804131467
17.7812499999999,0,0.0715843091881765,0.0744263861879442,0.382752745091249,0.392383804131759
17.7874999999999,0,0.0715780963724488,0.0744263861879442,0.38271556289575,0.39238380413205
17.7937499999999,0,0.071571901518292,0.0744263861879442,0.38267843057256,0.392383804132338
17.7999999999999,0,0.0715657245742653,0.0744263861879442,0.382641348443823,0.392383804132623
17.8062499999999,0,0.0715595654890753,0.0744263861879442,0.382604316827001,0.392383804132907
17.8124999999999,0,0.0715534242115759,0.0744263861879442,0.382567336034847,0.392383804133188
17.8187499999999,0,0.0715473006907674,0.0744263861879442,0.382530406375542,0.392383804133466
17.8249999999999,0,0.0715411948757952,0.0744263861879442,0.382493528152755,0.392383804133743
17.8312499999999,0,0.0715351067159502,0.0744263861879442,0.382456701665639,0.392383804134017
17.8374999999999,0,0.0715290361606692,0.0744263861879442,0.382419927208818,0.392383804134289
17.8437499999999,0,0.0715229831595334,0.0744263861879442,0.382383205072509,0.392383804134559
17.8499999999999,0,0.0715169476622673,0.0744263861879442,0.382346535542585,0.392383804134826
17.8562499999999,0,0.0715109296187395,0.0744263861879442,0.382309918900574,0.392383804135092
17.8624999999999,0,0.0715049289789626,0.0744263861879442,0.382273355423638,0.392383804135355
17.8687499999999,0,0.0714989456930915,0.0744263861879442,0.382236845384701,0.392383804135616
17.8749999999999,0,0.0714929797114233,0.0744263861879442,0.3822003890525,0.392383804135875
17.8812499999999,0,0.0714870309843971,0.0744263861879442,0.382163986691593,0.392383804136132
17.8874999999999,0,0.0714810994625943,0.0744263861879442,0.382127638562332,0.392383804136387
17.8937499999999,0,0.0714751850967372,0.0744263861879442,0.382091344920987,0.39238380413664
17.8999999999999,0,0.0714692878376884,0.0744263861879442,0.382055106019804,0.392383804136891
17.9062499999999,0,0.0714634076364506,0.0744263861879442,0.382018922107,0.392383804137139
17.9124999999999,0,0.0714575444441675,0.0744263861879442,0.381982793426745,0.392383804137386
17.9187499999999,0,0.0714516982121218,0.0744263861879442,0.381946720219283,0.392383804137631
17.9249999999999,0,0.0714458688917347,0.0744263861879442,0.381910702720979,0.392383804137874
17.9312499999999,0,0.0714400564345664,0.0744263861879442,0.381874741164326,0.392383804138114
17.9374999999999,0,0.0714342607923158,0.0744263861879442,0.381838835777918,0.392383804138353
17.9437499999999,0,0.0714284819168194,0.0744263861879442,0.381802986786571,0.39238380413859
17.9499999999999,0,0.0714227197600508,0.0744263861879442,0.381767194411372,0.392383804138825
17.9562499999999,0,0.0714169742741204,0.0744263861879442,0.381731458869675,0.392383804139058
17.9624999999999,0,0.0714112454112762,0.0744263861879442,0.381695780375089,0.392383804139289
17.9687499999999,0,0.0714055331239019,0.0744263861879442,0.381660159137583,0.392383804139519
17.9749999999999,0,0.0713998373645167,0.0744263861879442,0.381624595363538,0.392383804139746
17.9812499999999,0,0.0713941580857751,0.0744263861879442,0.381589089255746,0.392383804139972
17.9874999999999,0,0.0713884952404675,0.0744263861879442,0.381553641013393,0.392383804140196
17.9937499999999,0,0.0713828487815184,0.0744263861879442,0.381518250832164,0.392383804140418
17.9999999999999,0,0.0713772186619861,0.0744263861879442,0.381482918904294,0.392383804140638
18.0062499999999,0,0.0713716048350629,0.0744263861879442,0.381447645418562,0.392383804140856
18.0124999999999,0,0.071366007254075,0.0744263861879442,0.381412430560279,0.392383804141073
18.0187499999999,0,0.0713604258724815,0.0744263861879442,0.38137727451139,0.392383804141288
18.0249999999999,0,0.0713548606438735,0.0744263861879442,0.38134217745052,0.392383804141501
18.0312499999999,0,0.0713493115219746,0.0744263861879442,0.381307139552969,0.392383804141712
18.0374999999999,0,0.0713437784606407,0.0744263861879442,0.381272160990704,0.392383804141922
18.0437499999999,0,0.0713382614138592,0.0744263861879442,0.381237241932453,0.39238380414213
18.0499999999999,0,0.0713327603357476,0.0744263861879442,0.381202382543749,0.392383804142336
18.0562499999999,0,0.0713272751805547,0.0744263861879442,0.381167582986932,0.392383804142541
18.0624999999999,0,0.0713218059026599,0.0744263861879442,0.381132843421133,0.392383804142744
18.0687499999999,0,0.0713163524565724,0.0744263861879442,0.381098164002369,0.392383804142945
18.0749999999999,0,0.0713109147969304,0.0744263861879442,0.381063544883587,0.392383804143145
18.0812499999999,0,0.0713054928785014,0.0744263861879442,0.381028986214663,0.392383804143343
18.0874999999999,0,0.0713000866561823,0.0744263861879442,0.380994488142385,0.39238380414354
18.0937499999999,0,0.0712946960849981,0.0744263861879442,0.38096005081055,0.392383804143735
18.0999999999999,0,0.0712893211201015,0.0744263861879442,0.380925674360002,0.392383804143928
18.1062499999999,0,0.0712839617167727,0.0744263861879442,0.380891358928634,0.39238380414412
18.1124999999999,0,0.0712786178304199,0.0744263861879442,0.380857104651371,0.39238380414431
18.1187499999999,0,0.0712732894165781,0.0744263861879442,0.38082291166026,0.392383804144499
18.1249999999999,0,0.0712679764309082,0.0744263861879442,0.380788780084514,0.392383804144686
18.1312499999999,0,0.0712626788291974,0.0744263861879442,0.380754710050504,0.392383804144872
18.1374999999999,0,0.0712573965673593,0.0744263861879442,0.380720701681753,0.392383804145056
18.1437499999999,0,0.0712521296014327,0.0744263861879442,0.380686755099018,0.392383804145238
18.1499999999999,0,0.071246877887581,0.0744263861879442,0.380652870420328,0.39238380414542
18.1562499999999,0,0.0712416413820924,0.0744263861879442,0.380619047760988,0.392383804145599
18.1624999999999,0,0.0712364200413799,0.0744263861879442,0.380585287233559,0.392383804145778
18.1687499999999,0,0.0712312138219804,0.0744263861879442,0.38055158894795,0.392383804145954
18.1749999999999,0,0.0712260226805539,0.0744263861879442,0.380517953011446,0.39238380414613
18.1812499999999,0,0.0712208465738838,0.0744263861879442,0.380484379528716,0.392383804146304
18.1874999999999,0,0.0712156854588767,0.0744263861879442,0.380450868601792,0.392383804146476
18.1937499999999,0,0.0712105392925619,0.0744263861879442,0.380417420330159,0.392383804146648
18.1999999999999,0,0.0712054080320902,0.0744263861879442,0.380384034810781,0.392383804146817
18.2062499999999,0,0.0712002916347343,0.0744263861879442,0.380350712138109,0.392383804146986
18.2124999999999,0,0.0711951900578891,0.0744263861879442,0.380317452404063,0.392383804147153
18.2187499999999,0,0.0711901032590701,0.0744263861879442,0.380284255698114,0.392383804147318
18.2249999999999,0,0.0711850311959134,0.0744263861879442,0.380251122107315,0.392383804147483
18.2312499999999,0,0.0711799738261755,0.0744263861879442,0.380218051716302,0.392383804147646
18.2374999999999,0,0.0711749311077334,0.0744263861879442,0.380185044607284,0.392383804147808
18.2437499999999,0,0.0711699029985839,0.0744263861879442,0.380152100860116,0.392383804147968
18.2499999999999,0,0.0711648894568425,0.0744263861879442,0.380119220552332,0.392383804148127
18.2562499999999,0,0.0711598904407437,0.0744263861879442,0.380086403759148,0.392383804148285
18.2624999999999,0,0.0711549059086416,0.0744263861879442,0.380053650553446,0.392383804148441
18.2687499999999,0,0.0711499358190081,0.0744263861879442,0.380020961005849,0.392383804148597
18.2749999999999,0,0.0711449801304329,0.0744263861879442,0.379988335184755,0.392383804148751
18.2812499999999,0,0.071140038801623,0.0744263861879442,0.379955773156334,0.392383804148903
18.2874999999999,0,0.0711351117914039,0.0744263861879442,0.379923274984517,0.392383804149055
18.2937499999999,0,0.0711301990587173,0.0744263861879442,0.379890840731067,0.392383804149205
18.2999999999999,0,0.0711253005626214,0.0744263861879442,0.37985847045561,0.392383804149354
18.3062499999999,0,0.0711204162622908,0.0744263861879442,0.379826164215637,0.392383804149502
18.3124999999999,0,0.0711155461170163,0.0744263861879442,0.379793922066488,0.392383804149649
18.3187499999999,0,0.0711106900862045,0.0744263861879442,0.379761744061424,0.392383804149794
18.3249999999999,0,0.0711058481293766,0.0744263861879442,0.379729630251657,0.392383804149939
18.3312499999999,0,0.0711010202061689,0.0744263861879442,0.379697580686346,0.392383804150082
18.3374999999999,0,0.0710962062763331,0.0744263861879442,0.379665595412592,0.392383804150224
18.3437499999999,0,0.0710914062997346,0.0744263861879442,0.379633674475499,0.392383804150365
18.3499999999999,0,0.0710866202363526,0.0744263861879442,0.379601817918205,0.392383804150504
18.3562499999999,0,0.07108184804628,0.0744263861879442,0.379570025781882,0.392383804150643
18.3624999999999,0,0.0710770896897235,0.0744263861879442,0.379538298105725,0.39238380415078
18.3687499999999,0,0.0710723451270026,0.0744263861879442,0.379506634927015,0.392383804150917
18.3749999999999,0,0.071067614318549,0.0744263861879442,0.379475036281149,0.392383804151052
18.3812499999999,0,0.0710628972249069,0.0744263861879442,0.379443502201639,0.392383804151186
18.3874999999999,0,0.071058193806733,0.0744263861879442,0.379412032720098,0.392383804151319
18.3937499999999,0,0.0710535040247955,0.0744263861879442,0.379380627866308,0.392383804151451
18.3999999999999,0,0.0710488278399736,0.0744263861879442,0.379349287668244,0.392383804151582
18.4062499999999,0,0.0710441652132575,0.0744263861879442,0.379318012152072,0.392383804151712
18.4124999999999,0,0.0710395161057488,0.0744263861879442,0.379286801342142,0.392383804151841
18.4187499999999,0,0.0710348804786592,0.0744263861879442,0.379255655261045,0.392383804151968
18.4249999999999,0,0.0710302582933103,0.0744263861879442,0.379224573929642,0.392383804152095
18.4312499999999,0,0.0710256495111333,0.0744263861879442,0.379193557367062,0.392383804152221
18.4374999999999,0,0.0710210540936696,0.0744263861879442,0.37916260559069,0.392383804152346
18.4437499999999,0,0.0710164720025695,0.0744263861879442,0.37913171861623,0.392383804152469
18.4499999999999,0,0.0710119031995916,0.0744263861879442,0.379100896457727,0.392383804152592
18.4562499999999,0,0.0710073476466032,0.0744263861879442,0.379070139127565,0.392383804152714
18.4624999999999,0,0.0710028053055804,0.0744263861879442,0.379039446636461,0.392383804152834
18.4687499999999,0,0.0709982761386071,0.0744263861879442,0.37900881899352,0.392383804152954
18.4749999999999,0,0.070993760107874,0.0744263861879442,0.378978256206256,0.392383804153073
18.4812499999999,0,0.0709892571756797,0.0744263861879442,0.378947758280598,0.392383804153191
18.4874999999999,0,0.07098476730443,0.0744263861879442,0.378917325220873,0.392383804153307
18.4937499999999,0,0.070980290456637,0.0744263861879442,0.378886957029867,0.392383804153423
18.4999999999999,0,0.0709758265949193,0.0744263861879442,0.378856653708845,0.392383804153538
18.5062499999999,0,0.0709713756820012,0.0744263861879442,0.378826415257551,0.392383804153652
18.5124999999999,0,0.0709669376807135,0.0744263861879442,0.378796241674198,0.392383804153765
18.5187499999999,0,0.0709625125539922,0.0744263861879442,0.378766132955522,0.392383804153878
18.5249999999999,0,0.070958100264878,0.0744263861879442,0.378736089096805,0.392383804153989
18.5312499999999,0,0.0709537007765168,0.0744263861879442,0.378706110091873,0.392383804154099
18.5374999999999,0,0.0709493140521592,0.0744263861879442,0.378676195933089,0.392383804154209
18.5437499999999,0,0.0709449400551602,0.0744263861879442,0.378646346611399,0.392383804154317
18.5499999999999,0,0.0709405787489782,0.0744263861879442,0.378616562116361,0.392383804154425
18.5562499999999,0,0.0709362300971755,0.0744263861879442,0.378586842436139,0.392383804154532
18.5624999999999,0,0.0709318940634181,0.0744263861879442,0.378557187557497,0.392383804154638
18.5687499999999,0,0.070927570611475,0.0744263861879442,0.378527597465848,0.392383804154743
18.5749999999999,0,0.0709232597052177,0.0744263861879442,0.378498072145271,0.392383804154847
18.5812499999999,0,0.07091896130862,0.0744263861879442,0.378468611578518,0.392383804154951
18.5874999999999,0,0.0709146753857586,0.0744263861879442,0.378439215746999,0.392383804155053
18.5937499999999,0,0.070910401900812,0.0744263861879442,0.378409884630833,0.392383804155155
18.5999999999999,0,0.0709061408180598,0.0744263861879442,0.378380618208866,0.392383804155256
18.6062499999999,0,0.070901892101883,0.0744263861879442,0.378351416458673,0.392383804155356
18.6124999999999,0,0.0708976557167643,0.0744263861879442,0.378322279356547,0.392383804155455
18.6187499999998,0,0.0708934316272867,0.0744263861879442,0.37829320687755,0.392383804155554
18.6249999999999,0,0.0708892197981336,0.0744263861879442,0.378264198995524,0.392383804155652
18.6312499999999,0,0.0708850201940886,0.0744263861879442,0.378235255683098,0.392383804155749
18.6374999999999,0,0.0708808327800354,0.0744263861879442,0.378206376911679,0.392383804155845
18.6437499999998,0,0.0708766575209575,0.0744263861879442,0.378177562651493,0.39238380415594
18.6499999999998,0,0.0708724943819372,0.0744263861879442,0.378148812871607,0.392383804156035
18.6562499999999,0,0.070868343328156,0.0744263861879442,0.378120127539924,0.392383804156128
18.6624999999998,0,0.0708642043248945,0.0744263861879442,0.378091506623184,0.392383804156221
18.6687499999998,0,0.0708600773375319,0.0744263861879442,0.378062950086998,0.392383804156314
18.6749999999998,0,0.0708559623315448,0.0744263861879442,0.37803445789587,0.392383804156405
18.6812499999998,0,0.0708518592725084,0.0744263861879442,0.378006030013196,0.392383804156496
18.6874999999998,0,0.0708477681260954,0.0744263861879442,0.377977666401259,0.392383804156586
18.6937499999998,0,0.0708436888580762,0.0744263861879442,0.377949367021264,0.392383804156676
18.6999999999998,0,0.0708396214343178,0.0744263861879442,0.377921131833364,0.392383804156764
18.7062499999998,0,0.0708355658207839,0.0744263861879442,0.377892960796653,0.392383804156852
18.7124999999998,0,0.0708315219835355,0.0744263861879442,0.37786485386916,0.392383804156939
18.7187499999998,0,0.0708274898887295,0.0744263861879442,0.377836811007892,0.392383804157026
18.7249999999998,0,0.0708234695026186,0.0744263861879442,0.377808832168848,0.392383804157112
18.7312499999998,0,0.0708194607915512,0.0744263861879442,0.377780917307019,0.392383804157197
18.7374999999998,0,0.0708154637219718,0.0744263861879442,0.377753066376382,0.392383804157281
18.7437499999998,0,0.0708114782604197,0.0744263861879442,0.377725279329937,0.392383804157365
18.7499999999998,0,0.0708075043735289,0.0744263861879442,0.377697556119726,0.392383804157448
18.7562499999998,0,0.0708035420280281,0.0744263861879442,0.377669896696828,0.39238380415753
18.7624999999998,0,0.0707995911907408,0.0744263861879442,0.377642301011358,0.392383804157612
18.7687499999998,0,0.0707956518285846,0.0744263861879442,0.377614769012501,0.392383804157693
18.7749999999998,0,0.0707917239085705,0.0744263861879442,0.377587300648525,0.392383804157774
18.7812499999998,0,0.0707878073978031,0.0744263861879442,0.377559895866787,0.392383804157853
18.7874999999998,0,0.0707839022634809,0.0744263861879442,0.377532554613721,0.392383804157932
18.7937499999998,0,0.0707800084728953,0.0744263861879442,0.377505276834877,0.392383804158011
18.7999999999998,0,0.0707761259934299,0.0744263861879442,0.377478062474935,0.392383804158089
18.8062499999998,0,0.0707722547925614,0.0744263861879442,0.377450911477704,0.392383804158166
18.8124999999998,0,0.0707683948378587,0.0744263861879442,0.377423823786117,0.392383804158242
18.8187499999998,0,0.0707645460969829,0.0744263861879442,0.377396799342265,0.392383804158318
18.8249999999998,0,0.0707607085376864,0.0744263861879442,0.377369838087412,0.392383804158394
18.8312499999998,0,0.0707568821278131,0.0744263861879442,0.377342939961993,0.392383804158468
18.8374999999998,0,0.0707530668352987,0.0744263861879442,0.37731610490561,0.392383804158543
18.8437499999998,0,0.0707492626281695,0.0744263861879442,0.377289332857065,0.392383804158616
18.8499999999998,0,0.0707454694745426,0.0744263861879442,0.377262623754373,0.392383804158689
18.8562499999998,0,0.0707416873426253,0.0744263861879442,0.377235977534762,0.392383804158761
18.8624999999998,0,0.0707379162007155,0.0744263861879442,0.377209394134668,0.392383804158833
18.8687499999998,0,0.0707341560172012,0.0744263861879442,0.377182873489767,0.392383804158904
18.8749999999998,0,0.0707304067605595,0.0744263861879442,0.377156415534986,0.392383804158975
18.8812499999998,0,0.0707266683993571,0.0744263861879442,0.377130020204508,0.392383804159045
18.8874999999998,0,0.0707229409022505,0.0744263861879442,0.377103687431761,0.392383804159114
18.8937499999998,0,0.0707192242379846,0.0744263861879442,0.377077417149452,0.392383804159183
18.8999999999998,0,0.0707155183753932,0.0744263861879442,0.377051209289578,0.392383804159252
18.9062499999998,0,0.0707118232833981,0.0744263861879442,0.377025063783429,0.392383804159319
18.9124999999998,0,0.0707081389310101,0.0744263861879442,0.376998980561578,0.392383804159387
18.9187499999998,0,0.0707044652873274,0.0744263861879442,0.376972959553917,0.392383804159453
18.9249999999998,0,0.0707008023215361,0.0744263861879442,0.376947000689661,0.39238380415952
18.9312499999998,0,0.0706971500029094,0.0744263861879442,0.376921103897358,0.392383804159585
18.9374999999998,0,0.0706935083008082,0.0744263861879442,0.376895269104874,0.39238380415965
18.9437499999998,0,0.0706898771846804,0.0744263861879442,0.376869496239429,0.392383804159715
18.9499999999998,0,0.0706862566240601,0.0744263861879442,0.376843785227605,0.392383804159779
18.9562499999998,0,0.0706826465885681,0.0744263861879442,0.376818135995348,0.392383804159842
18.9624999999998,0,0.0706790470479116,0.0744263861879442,0.376792548467961,0.392383804159905
18.9687499999998,0,0.0706754579718839,0.0744263861879442,0.376767022570134,0.392383804159968
18.9749999999998,0,0.0706718793303636,0.0744263861879442,0.376741558225953,0.39238380416003
18.9812499999998,0,0.0706683110933148,0.0744263861879442,0.376716155358902,0.392383804160091
18.9874999999998,0,0.0706647532307875,0.0744263861879442,0.376690813891858,0.392383804160152
18.9937499999998,0,0.0706612057129164,0.0744263861879442,0.376665533747116,0.392383804160213
18.9999999999998,0,0.0706576685099207,0.0744263861879442,0.376640314846401,0.392383804160273
19.0062499999998,0,0.0706541415921041,0.0744263861879442,0.37661515711087,0.392383804160332
19.0124999999998,0,0.0706506249298553,0.0744263861879442,0.376590060461103,0.392383804160391
19.0187499999998,0,0.0706471184936467,0.0744263861879442,0.376565024817133,0.39238380416045
19.0249999999998,0,0.0706436222540342,0.0744263861879442,0.376540050098455,0.392383804160508
19.0312499999998,0,0.0706401361816575,0.0744263861879442,0.376515136224023,0.392383804160566
19.0374999999998,0,0.0706366602472401,0.0744263861879442,0.376490283112252,0.392383804160623
19.0437499999998,0,0.0706331944215881,0.0744263861879442,0.376465490681036,0.39238380416068
19.0499999999998,0,0.0706297386755908,0.0744263861879442,0.376440758847763,0.392383804160736
19.0562499999998,0,0.0706262929802198,0.0744263861879442,0.376416087529314,0.392383804160792
19.0624999999998,0,0.0706228573065296,0.0744263861879442,0.376391476642056,0.392383804160847
19.0687499999998,0,0.0706194316256568,0.0744263861879442,0.376366926101868,0.392383804160902
19.0749999999998,0,0.0706160159088196,0.0744263861879442,0.376342435824152,0.392383804160956
19.0812499999998,0,0.0706126101273182,0.0744263861879442,0.376318005723832,0.39238380416101
19.0874999999998,0,0.0706092142525344,0.0744263861879442,0.376293635715347,0.392383804161064
19.0937499999998,0,0.0706058282559313,0.0744263861879442,0.37626932571268,0.392383804161117
19.0999999999998,0,0.0706024521090529,0.0744263861879442,0.37624507562936,0.39238380416117
19.1062499999998,0,0.0705990857835237,0.0744263861879442,0.376220885378469,0.392383804161222
19.1124999999998,0,0.0705957292510496,0.0744263861879442,0.376196754872634,0.392383804161274
19.1187499999998,0,0.0705923824834165,0.0744263861879442,0.376172684024049,0.392383804161325
19.1249999999998,0,0.0705890454524901,0.0744263861879442,0.376148672744488,0.392383804161376
19.1312499999998,0,0.0705857181302163,0.0744263861879442,0.376124720945299,0.392383804161427
19.1374999999998,0,0.0705824004886209,0.0744263861879442,0.376100828537406,0.392383804161477
19.1437499999998,0,0.070579092499809,0.0744263861879442,0.376076995431325,0.392383804161527
19.1499999999998,0,0.0705757941359648,0.0744263861879442,0.376053221537177,0.392383804161576
19.1562499999998,0,0.0705725053693515,0.0744263861879442,0.376029506764688,0.392383804161625
19.1624999999998,0,0.0705692261723116,0.0744263861879442,0.376005851023181,0.392383804161674
19.1687499999998,0,0.0705659565172659,0.0744263861879442,0.3759822542216,0.392383804161722
19.1749999999998,0,0.0705626963767133,0.0744263861879442,0.375958716268518,0.39238380416177
19.1812499999998,0,0.0705594457232309,0.0744263861879442,0.375935237072137,0.392383804161817
19.1874999999998,0,0.0705562045294742,0.0744263861879442,0.375911816540283,0.392383804161864
19.1937499999998,0,0.0705529727681762,0.0744263861879442,0.375888454580428,0.392383804161911
19.1999999999998,0,0.070549750412147,0.0744263861879442,0.375865151099697,0.392383804161957
19.2062499999998,0,0.0705465374342743,0.0744263861879442,0.375841906004867,0.392383804162003
19.2124999999998,0,0.0705433338075229,0.0744263861879442,0.375818719202365,0.392383804162048
19.2187499999998,0,0.0705401395049345,0.0744263861879442,0.375795590598286,0.392383804162094
19.2249999999998,0,0.0705369544996272,0.0744263861879442,0.375772520098403,0.392383804162138
19.2312499999998,0,0.0705337787647953,0.0744263861879442,0.375749507608164,0.392383804162183
19.2374999999998,0,0.0705306122737098,0.0744263861879442,0.375726553032691,0.392383804162227
19.2437499999998,0,0.0705274549997177,0.0744263861879442,0.375703656276795,0.392383804162271
19.2499999999998,0,0.0705243069162414,0.0744263861879442,0.375680817244988,0.392383804162314
19.2562499999998,0,0.0705211679967786,0.0744263861879442,0.375658035841482,0.392383804162357
19.2624999999998,0,0.0705180382149032,0.0744263861879442,0.375635311970181,0.3923838041624
19.2687499999998,0,0.0705149175442638,0.0744263861879442,0.375612645534706,0.392383804162442
19.2749999999998,0,0.0705118059585837,0.0744263861879442,0.375590036438395,0.392383804162484
19.2812499999998,0,0.0705087034316609,0.0744263861879442,0.375567484584311,0.392383804162526
19.2874999999998,0,0.0705056099373685,0.0744263861879442,0.375544989875229,0.392383804162567
19.2937499999998,0,0.0705025254496534,0.0744263861879442,0.375522552213662,0.392383804162608
19.2999999999998,0,0.0704994499425367,0.0744263861879442,0.375500171501865,0.392383804162648
19.3062499999998,0,0.0704963833901131,0.0744263861879442,0.37547784764183,0.392383804162689
19.3124999999998,0,0.0704933257665516,0.0744263861879442,0.375455580535293,0.392383804162729
19.3187499999998,0,0.0704902770460942,0.0744263861879442,0.375433370083739,0.392383804162768
19.3249999999998,0,0.0704872372030562,0.0744263861879442,0.375411216188419,0.392383804162808
19.3312499999998,0,0.0704842062118259,0.0744263861879442,0.375389118750343,0.392383804162847
19.3374999999998,0,0.0704811840468648,0.0744263861879442,0.37536707767028,0.392383804162885
19.3437499999998,0,0.0704781706827069,0.0744263861879442,0.375345092848772,0.392383804162924
19.3499999999998,0,0.0704751660939582,0.0744263861879442,0.375323164186144,0.392383804162962
19.3562499999998,0,0.0704721702552975,0.0744263861879442,0.3753012915825,0.392383804163
19.3624999999998,0,0.0704691831414754,0.0744263861879442,0.375279474937721,0.392383804163037
19.3687499999998,0,0.0704662047273144,0.0744263861879442,0.375257714151484,0.392383804163074
19.3749999999998,0,0.0704632349877086,0.0744263861879442,0.375236009123261,0.392383804163111
19.3812499999998,0,0.0704602738976234,0.0744263861879442,0.375214359752327,0.392383804163148
19.3874999999998,0,0.0704573214320957,0.0744263861879442,0.37519276593775,0.392383804163184
19.3937499999998,0,0.0704543775662333,0.0744263861879442,0.375171227578411,0.39238380416322
19.3999999999998,0,0.0704514422752148,0.0744263861879442,0.375149744573008,0.392383804163256
19.4062499999998,0,0.0704485155342893,0.0744263861879442,0.375128316820056,0.392383804163291
19.4124999999998,0,0.0704455973187768,0.0744263861879442,0.375106944217881,0.392383804163326
19.4187499999998,0,0.0704426876040671,0.0744263861879442,0.375085626664643,0.392383804163361
19.4249999999998,0,0.0704397863656202,0.0744263861879442,0.37506436405833,0.392383804163395
19.4312499999998,0,0.0704368935789658,0.0744263861879442,0.375043156296769,0.39238380416343
19.4374999999998,0,0.0704340092197035,0.0744263861879442,0.375022003277615,0.392383804163464
19.4437499999998,0,0.0704311332635024,0.0744263861879442,0.37500090489837,0.392383804163497
19.4499999999998,0,0.0704282656861006,0.0744263861879442,0.374979861056385,0.392383804163531
19.4562499999998,0,0.0704254064633051,0.0744263861879442,0.374958871648862,0.392383804163564
19.4624999999998,0,0.0704225555709924,0.0744263861879442,0.374937936572851,0.392383804163597
19.4687499999998,0,0.0704197129851073,0.0744263861879442,0.374917055725263,0.392383804163629
19.4749999999998,0,0.070416878681663,0.0744263861879442,0.374896229002875,0.392383804163662
19.4812499999998,0,0.070414052636741,0.0744263861879442,0.374875456302331,0.392383804163694
19.4874999999998,0,0.0704112348264913,0.0744263861879442,0.374854737520136,0.392383804163726
19.4937499999998,0,0.0704084252271316,0.0744263861879442,0.374834072552675,0.392383804163757
19.4999999999998,0,0.070405623814947,0.0744263861879442,0.374813461296211,0.392383804163789
19.5062499999998,0,0.0704028305662904,0.0744263861879442,0.374792903646891,0.39238380416382
19.5124999999998,0,0.0704000454575822,0.0744263861879442,0.37477239950074,0.392383804163851
19.5187499999998,0,0.0703972684653098,0.0744263861879442,0.374751948753673,0.392383804163881
19.5249999999998,0,0.0703944995660277,0.0744263861879442,0.374731551301503,0.392383804163911
19.5312499999998,0,0.0703917387363567,0.0744263861879442,0.374711207039936,0.392383804163942
19.5374999999998,0,0.0703889859529848,0.0744263861879442,0.374690915864574,0.392383804163971
19.5437499999998,0,0.0703862411926663,0.0744263861879442,0.374670677670923,0.392383804164001
19.5499999999998,0,0.0703835044322214,0.0744263861879442,0.374650492354399,0.39238380416403
19.5562499999998,0,0.0703807756485365,0.0744263861879442,0.374630359810329,0.392383804164059
19.5624999999998,0,0.070378054818564,0.0744263861879442,0.374610279933946,0.392383804164088
19.5687499999998,0,0.0703753419193219,0.0744263861879442,0.374590252620401,0.392383804164117
19.5749999999998,0,0.0703726369278936,0.0744263861879442,0.374570277764771,0.392383804164145
19.5812499999998,0,0.0703699398214277,0.0744263861879442,0.374550355262055,0.392383804164174
19.5874999999998,0,0.0703672505771382,0.0744263861879442,0.374530485007172,0.392383804164202
19.5937499999998,0,0.0703645691723039,0.0744263861879442,0.374510666894974,0.392383804164229
19.5999999999998,0,0.0703618955842684,0.0744263861879442,0.374490900820247,0.392383804164257
19.6062499999998,0,0.0703592297904395,0.0744263861879442,0.374471186677717,0.392383804164284
19.6124999999998,0,0.0703565717682901,0.0744263861879442,0.374451524362041,0.392383804164311
19.6187499999998,0,0.0703539214953569,0.0744263861879442,0.374431913767819,0.392383804164338
19.6249999999998,0,0.0703512789492405,0.0744263861879442,0.374412354789603,0.392383804164365
19.6312499999998,0,0.0703486441076054,0.0744263861879442,0.374392847321892,0.392383804164391
19.6374999999998,0,0.0703460169481802,0.0744263861879442,0.374373391259129,0.392383804164417
19.6437499999998,0,0.0703433974487566,0.0744263861879442,0.374353986495717,0.392383804164443
19.6499999999998,0,0.0703407855871897,0.0744263861879442,0.374334632926016,0.392383804164469
19.6562499999998,0,0.0703381813413975,0.0744263861879442,0.374315330444349,0.392383804164495
19.6624999999998,0,0.0703355846893615,0.0744263861879442,0.374296078944995,0.39238380416452
19.6687499999998,0,0.0703329956091257,0.0744263861879442,0.374276878322201,0.392383804164545
19.6749999999998,0,0.0703304140787965,0.0744263861879442,0.374257728470186,0.39238380416457
19.6812499999998,0,0.0703278400765431,0.0744263861879442,0.374238629283141,0.392383804164595
19.6874999999998,0,0.0703252735805967,0.0744263861879442,0.374219580655226,0.392383804164619
19.6937499999998,0,0.0703227145692509,0.0744263861879442,0.37420058248058,0.392383804164644
19.6999999999998,0,0.0703201630208609,0.0744263861879442,0.374181634653323,0.392383804164668
19.7062499999998,0,0.0703176189138435,0.0744263861879442,0.37416273706756,0.392383804164692
19.7124999999998,0,0.0703150822266776,0.0744263861879442,0.374143889617374,0.392383804164716
19.7187499999998,0,0.0703125529379033,0.0744263861879442,0.374125092196838,0.392383804164739
19.7249999999998,0,0.0703100310261217,0.0744263861879442,0.374106344700018,0.392383804164763
19.7312499999998,0,0.0703075164699949,0.0744263861879442,0.374087647020974,0.392383804164786
19.7374999999998,0,0.0703050092482462,0.0744263861879442,0.374068999053753,0.392383804164809
19.7437499999998,0,0.0703025093396597,0.0744263861879442,0.374050400692406,0.392383804164832
19.7499999999998,0,0.0703000167230796,0.0744263861879442,0.374031851830984,0.392383804164854
19.7562499999998,0,0.0702975313774105,0.0744263861879442,0.374013352363542,0.392383804164877
19.7624999999998,0,0.0702950532816177,0.0744263861879442,0.373994902184134,0.392383804164899
19.7687499999998,0,0.0702925824147262,0.0744263861879442,0.373976501186824,0.392383804164921
19.7749999999998,0,0.0702901187558208,0.0744263861879442,0.37395814926569,0.392383804164943
19.7812499999998,0,0.0702876622840459,0.0744263861879442,0.373939846314819,0.392383804164965
19.7874999999998,0,0.0702852129786058,0.0744263861879442,0.373921592228311,0.392383804164986
19.7937499999998,0,0.0702827708187641,0.0744263861879442,0.373903386900283,0.392383804165008
19.7999999999998,0,0.0702803357838433,0.0744263861879442,0.373885230224873,0.392383804165029
19.8062499999998,0,0.0702779078532249,0.0744263861879442,0.373867122096243,0.39238380416505
19.8124999999998,0,0.0702754870063498,0.0744263861879442,0.373849062408571,0.392383804165071
19.8187499999998,0,0.0702730732227172,0.0744263861879442,0.373831051056063,0.392383804165091
19.8249999999998,0,0.0702706664818849,0.0744263861879442,0.373813087932957,0.392383804165112
19.8312499999998,0,0.0702682667634688,0.0744263861879442,0.37379517293352,0.392383804165132
19.8374999999998,0,0.0702658740471435,0.0744263861879442,0.373777305952046,0.392383804165153
19.8437499999998,0,0.0702634883126416,0.0744263861879442,0.373759486882866,0.392383804165173
19.8499999999998,0,0.0702611095397531,0.0744263861879442,0.373741715620349,0.392383804165192
19.8562499999998,0,0.0702587377083261,0.0744263861879442,0.373723992058902,0.392383804165212
19.8624999999998,0,0.0702563727982662,0.0744263861879442,0.37370631609297,0.392383804165232
19.8687499999998,0,0.0702540147895365,0.0744263861879442,0.37368868761704,0.392383804165251
19.8749999999998,0,0.070251663662157,0.0744263861879442,0.373671106525647,0.39238380416527
19.8812499999998,0,0.0702493193962051,0.0744263861879442,0.37365357271337,0.392383804165289
19.8874999999998,0,0.070246981971815,0.0744263861879442,0.373636086074835,0.392383804165308
19.8937499999998,0,0.0702446513691778,0.0744263861879442,0.373618646504718,0.392383804165327
19.8999999999998,0,0.0702423275685409,0.0744263861879442,0.37360125389775,0.392383804165346
19.9062499999998,0,0.0702400105502082,0.0744263861879442,0.373583908148714,0.392383804165364
19.9124999999998,0,0.0702377002945401,0.0744263861879442,0.373566609152448,0.392383804165383
19.9187499999998,0,0.0702353967819532,0.0744263861879442,0.373549356803847,0.392383804165401
19.9249999999998,0,0.0702330999929196,0.0744263861879442,0.373532150997867,0.392383804165419
19.9312499999998,0,0.0702308099079674,0.0744263861879442,0.373514991629526,0.392383804165437
19.9374999999998,0,0.0702285265076807,0.0744263861879442,0.373497878593901,0.392383804165454
19.9437499999998,0,0.0702262497726987,0.0744263861879442,0.373480811786136,0.392383804165472
19.9499999999998,0,0.0702239796837161,0.0744263861879442,0.373463791101442,0.392383804165489
19.9562499999998,0,0.0702217162214825,0.0744263861879442,0.373446816435097,0.392383804165507
19.9624999999998,0,0.0702194593668031,0.0744263861879442,0.373429887682449,0.392383804165524
19.9687499999998,0,0.0702172091005376,0.0744263861879442,0.373413004738915,0.392383804165541
19.9749999999998,0,0.0702149654036004,0.0744263861879442,0.373396167499989,0.392383804165558
19.9812499999998,0,0.0702127282569604,0.0744263861879442,0.373379375861238,0.392383804165575
19.9874999999998,0,0.0702104976416413,0.0744263861879442,0.373362629718304,0.392383804165591
19.9937499999998,0,0.0702082735387207,0.0744263861879442,0.373345928966906,0.392383804165608
19.9999999999998,0,0.0702060559293305,0.0744263861879442,0.373329273502845,0.392383804165624
20.0062499999998,0,0.0702038447946563,0.0744263861879442,0.373312663222003,0.39238380416564
20.0124999999998,0,0.0702016401159379,0.0744263861879442,0.373296098020343,0.392383804165656
20.0187499999998,0,0.0701994418744686,0.0744263861879442,0.373279577793909,0.392383804165672
20.0249999999998,0,0.070197250051595,0.0744263861879442,0.373263102438837,0.392383804165688
20.0312499999998,0,0.0701950646287172,0.0744263861879442,0.373246671851345,0.392383804165704
20.0374999999998,0,0.0701928855872886,0.0744263861879442,0.373230285927741,0.392383804165719
20.0437499999998,0,0.0701907129088156,0.0744263861879442,0.373213944564421,0.392383804165735
20.0499999999998,0,0.0701885465748574,0.0744263861879442,0.373197647657874,0.39238380416575
20.0562499999998,0,0.0701863865670261,0.0744263861879442,0.373181395104684,0.392383804165765
20.0624999999998,0,0.0701842328669863,0.0744263861879442,0.373165186801523,0.392383804165781
20.0687499999998,0,0.0701820854564553,0.0744263861879442,0.373149022645161,0.392383804165795
20.0749999999998,0,0.0701799443172023,0.0744263861879442,0.373132902532467,0.39238380416581
20.0812499999998,0,0.070177809431049,0.0744263861879442,0.373116826360406,0.392383804165825
20.0874999999998,0,0.070175680779869,0.0744263861879442,0.373100794026042,0.39238380416584
20.0937499999998,0,0.0701735583455879,0.0744263861879442,0.373084805426539,0.392383804165854
20.0999999999998,0,0.0701714421101829,0.0744263861879442,0.373068860459165,0.392383804165868
20.1062499999998,0,0.0701693320556827,0.0744263861879442,0.373052959021291,0.392383804165883
20.1124999999998,0,0.0701672281641677,0.0744263861879442,0.37303710101039,0.392383804165897
20.1187499999998,0,0.0701651304177695,0.0744263861879442,0.373021286324042,0.392383804165911
20.1249999999998,0,0.0701630387986707,0.0744263861879442,0.373005514859935,0.392383804165925
20.1312499999998,0,0.070160953289105,0.0744263861879442,0.372989786515864,0.392383804165939
20.1374999999998,0,0.070158873871357,0.0744263861879442,0.372974101189733,0.392383804165952
20.1437499999998,0,0.0701568005277623,0.0744263861879442,0.372958458779555,0.392383804165966
20.1499999999998,0,0.0701547332407064,0.0744263861879442,0.372942859183459,0.392383804165979
20.1562499999998,0,0.0701526719926258,0.0744263861879442,0.372927302299684,0.392383804165993
20.1624999999998,0,0.0701506167660071,0.0744263861879442,0.372911788026581,0.392383804166006
20.1687499999998,0,0.0701485675433872,0.0744263861879442,0.372896316262618,0.392383804166019
20.1749999999998,0,0.0701465243073528,0.0744263861879442,0.37288088690638,0.392383804166032
20.1812499999998,0,0.0701444870405405,0.0744263861879442,0.372865499856569,0.392383804166045
20.1874999999998,0,0.0701424557256368,0.0744263861879442,0.372850155012002,0.392383804166058
20.1937499999998,0,0.0701404303453777,0.0744263861879442,0.372834852271618,0.39238380416607
20.1999999999998,0,0.0701384108825488,0.0744263861879442,0.372819591534476,0.392383804166083
20.2062499999998,0,0.0701363973199845,0.0744263861879442,0.372804372699757,0.392383804166096
20.2124999999998,0,0.0701343896405691,0.0744263861879442,0.372789195666763,0.392383804166108
20.2187499999998,0,0.0701323878272355,0.0744263861879442,0.372774060334918,0.39238380416612
20.2249999999998,0,0.0701303918629656,0.0744263861879442,0.372758966603773,0.392383804166132
20.2312499999998,0,0.0701284017307899,0.0744263861879442,0.372743914373005,0.392383804166145
20.2374999999998,0,0.0701264174137879,0.0744263861879442,0.372728903542415,0.392383804166157
20.2437499999998,0,0.0701244388950873,0.0744263861879442,0.372713934011929,0.392383804166169
20.2499999999998,0,0.0701224661578643,0.0744263861879442,0.372699005681606,0.39238380416618
20.2562499999998,0,0.070120499185343,0.0744263861879442,0.372684118451633,0.392383804166192
20.2624999999998,0,0.0701185379607961,0.0744263861879442,0.372669272222324,0.392383804166204
20.2687499999998,0,0.0701165824675439,0.0744263861879442,0.372654466894126,0.392383804166215
20.2749999999998,0,0.0701146326889545,0.0744263861879442,0.372639702367617,0.392383804166227
20.2812499999998,0,0.0701126886084439,0.0744263861879442,0.372624978543509,0.392383804166238
20.2874999999998,0,0.0701107502094754,0.0744263861879442,0.372610295322646,0.392383804166249
20.2937499999998,0,0.0701088174755599,0.0744263861879442,0.372595652606005,0.39238380416626
20.2999999999998,0,0.0701068903902556,0.0744263861879442,0.372581050294701,0.392383804166271
20.3062499999998,0,0.0701049689371674,0.0744263861879442,0.372566488289984,0.392383804166282
20.3124999999998,0,0.0701030530999479,0.0744263861879442,0.372551966493239,0.392383804166293
20.3187499999998,0,0.0701011428622962,0.0744263861879442,0.37253748480599,0.392383804166304
20.3249999999998,0,0.070099238207958,0.0744263861879442,0.3725230431299,0.392383804166315
20.3312499999998,0,0.0700973391207259,0.0744263861879442,0.37250864136677,0.392383804166326
20.3374999999998,0,0.0700954455844389,0.0744263861879442,0.37249427941854,0.392383804166336
20.3437499999998,0,0.0700935575829824,0.0744263861879442,0.372479957187292,0.392383804166346
20.3499999999998,0,0.0700916751002879,0.0744263861879442,0.372465674575248,0.392383804166357
20.3562499999998,0,0.0700897981203329,0.0744263861879442,0.372451431484775,0.392383804166367
20.3624999999998,0,0.0700879266271413,0.0744263861879442,0.372437227818378,0.392383804166377
20.3687499999997,0,0.0700860606047824,0.0744263861879442,0.372423063478709,0.392383804166388
20.3749999999998,0,0.0700842000373714,0.0744263861879442,0.372408938368563,0.392383804166398
20.3812499999998,0,0.0700823449090689,0.0744263861879442,0.37239485239088,0.392383804166408
20.3874999999998,0,0.0700804952040813,0.0744263861879442,0.372380805448746,0.392383804166417
20.3937499999997,0,0.07007865090666,0.0744263861879442,0.372366797445392,0.392383804166427
20.3999999999997,0,0.0700768120011018,0.0744263861879442,0.372352828284195,0.392383804166437
20.4062499999998,0,0.0700749784717482,0.0744263861879442,0.372338897868683,0.392383804166447
20.4124999999997,0,0.0700731503029861,0.0744263861879442,0.372325006102529,0.392383804166456
20.4187499999997,0,0.0700713274792471,0.0744263861879442,0.372311152889554,0.392383804166466
20.4249999999997,0,0.0700695099850072,0.0744263861879442,0.372297338133731,0.392383804166475
20.4312499999997,0,0.0700676978047872,0.0744263861879442,0.372283561739182,0.392383804166484
20.4374999999997,0,0.0700658909231524,0.0744263861879442,0.372269823610178,0.392383804166494
20.4437499999997,0,0.0700640893247124,0.0744263861879442,0.372256123651142,0.392383804166503
20.4499999999997,0,0.0700622929941206,0.0744263861879442,0.372242461766649,0.392383804166512
20.4562499999997,0,0.0700605019160749,0.0744263861879442,0.372228837861428,0.392383804166521
20.4624999999997,0,0.070058716075317,0.0744263861879442,0.372215251840355,0.39238380416653
20.4687499999997,0,0.0700569354566324,0.0744263861879442,0.372201703608465,0.392383804166539
20.4749999999997,0,0.0700551600448503,0.0744263861879442,0.372188193070943,0.392383804166548
20.4812499999997,0,0.0700533898248434,0.0744263861879442,0.372174720133132,0.392383804166556
20.4874999999997,0,0.0700516247815279,0.0744263861879442,0.372161284700527,0.392383804166565
20.4937499999997,0,0.0700498648998634,0.0744263861879442,0.372147886678777,0.392383804166574
20.4999999999997,0,0.0700481101648525,0.0744263861879442,0.372134525973692,0.392383804166582
20.5062499999997,0,0.0700463605615411,0.0744263861879442,0.372121202491233,0.392383804166591
20.5124999999997,0,0.0700446160750178,0.0744263861879442,0.372107916137521,0.392383804166599
20.5187499999997,0,0.0700428766904145,0.0744263861879442,0.372094666818832,0.392383804166607
20.5249999999997,0,0.0700411423929052,0.0744263861879442,0.372081454441602,0.392383804166616
20.5312499999997,0,0.0700394131677068,0.0744263861879442,0.372068278912424,0.392383804166624
20.5374999999997,0,0.0700376890000787,0.0744263861879442,0.372055140138049,0.392383804166632
20.5437499999997,0,0.0700359698753228,0.0744263861879442,0.372042038025388,0.39238380416664
20.5499999999997,0,0.0700342557787829,0.0744263861879442,0.37202897248151,0.392383804166648
20.5562499999997,0,0.070032546695845,0.0744263861879442,0.372015943413646,0.392383804166656
20.5624999999997,0,0.0700308426119373,0.0744263861879442,0.372002950729186,0.392383804166664
20.5687499999997,0,0.0700291435125297,0.0744263861879442,0.371989994335681,0.392383804166672
20.5749999999997,0,0.0700274493831338,0.0744263861879442,0.371977074140842,0.392383804166679
20.5812499999997,0,0.070025760209303,0.0744263861879442,0.371964190052543,0.392383804166687
20.5874999999997,0,0.0700240759766323,0.0744263861879442,0.37195134197882,0.392383804166695
20.5937499999997,0,0.0700223966707578,0.0744263861879442,0.371938529827868,0.392383804166702
20.5999999999997,0,0.0700207222773571,0.0744263861879442,0.371925753508049,0.39238380416671
20.6062499999997,0,0.0700190527821489,0.0744263861879442,0.371913012927886,0.392383804166717
20.6124999999997,0,0.0700173881708931,0.0744263861879442,0.371900307996064,0.392383804166725
20.6187499999997,0,0.0700157284293904,0.0744263861879442,0.371887638621432,0.392383804166732
20.6249999999997,0,0.0700140735434823,0.0744263861879442,0.371875004713005,0.392383804166739
20.6312499999997,0,0.0700124234990511,0.0744263861879442,0.371862406179961,0.392383804166746
20.6374999999997,0,0.0700107782820197,0.0744263861879442,0.371849842931641,0.392383804166754
20.6437499999997,0,0.0700091378783515,0.0744263861879442,0.371837314877553,0.392383804166761
20.6499999999997,0,0.0700075022740501,0.0744263861879442,0.371824821927368,0.392383804166768
20.6562499999997,0,0.0700058714551594,0.0744263861879442,0.371812363990926,0.392383804166775
20.6624999999997,0,0.0700042454077637,0.0744263861879442,0.37179994097823,0.392383804166782
20.6687499999997,0,0.0700026241179871,0.0744263861879442,0.371787552799449,0.392383804166788
20.6749999999997,0,0.0700010075719936,0.0744263861879442,0.371775199364918,0.392383804166795
20.6812499999997,0,0.069999395755987,0.0744263861879442,0.371762880585142,0.392383804166802
20.6874999999997,0,0.0699977886562109,0.0744263861879442,0.371750596370788,0.392383804166809
20.6937499999997,0,0.0699961862589484,0.0744263861879442,0.371738346632694,0.392383804166815
20.6999999999997,0,0.0699945885505221,0.0744263861879442,0.371726131281862,0.392383804166822
20.7062499999997,0,0.0699929955172939,0.0744263861879442,0.371713950229465,0.392383804166828
20.7124999999997,0,0.0699914071456649,0.0744263861879442,0.371701803386842,0.392383804166835
20.7187499999997,0,0.0699898234220756,0.0744263861879442,0.371689690665498,0.392383804166841
20.7249999999997,0,0.0699882443330052,0.0744263861879442,0.371677611977111,0.392383804166848
20.7312499999997,0,0.0699866698649718,0.0744263861879442,0.371665567233523,0.392383804166854
20.7374999999997,0,0.0699851000045326,0.0744263861879442,0.371653556346748,0.39238380416686
20.7437499999997,0,0.0699835347382834,0.0744263861879442,0.371641579228966,0.392383804166866
20.7499999999997,0,0.0699819740528583,0.0744263861879442,0.371629635792528,0.392383804166873
20.7562499999997,0,0.0699804179349301,0.0744263861879442,0.371617725949954,0.392383804166879
20.7624999999997,0,0.06997886637121,0.0744263861879442,0.371605849613932,0.392383804166885
20.7687499999997,0,0.0699773193484474,0.0744263861879442,0.371594006697323,0.392383804166891
20.7749999999997,0,0.0699757768534299,0.0744263861879442,0.371582197113153,0.392383804166897
20.7812499999997,0,0.0699742388729828,0.0744263861879442,0.371570420774623,0.392383804166903
20.7874999999997,0,0.0699727053939699,0.0744263861879442,0.371558677595101,0.392383804166909
20.7937499999997,0,0.0699711764032924,0.0744263861879442,0.371546967488124,0.392383804166914
20.7999999999997,0,0.0699696518878895,0.0744263861879442,0.371535290367404,0.39238380416692
20.8062499999997,0,0.0699681318347375,0.0744263861879442,0.37152364614682,0.392383804166926
20.8124999999997,0,0.0699666162308509,0.0744263861879442,0.371512034740423,0.392383804166932
20.8187499999997,0,0.0699651050632812,0.0744263861879442,0.371500456062434,0.392383804166937
20.8249999999997,0,0.0699635983191171,0.0744263861879442,0.371488910027246,0.392383804166943
20.8312499999997,0,0.0699620959854847,0.0744263861879442,0.371477396549423,0.392383804166948
20.8374999999997,0,0.0699605980495472,0.0744263861879442,0.371465915543699,0.392383804166954
20.8437499999997,0,0.0699591044985047,0.0744263861879442,0.371454466924981,0.392383804166959
20.8499999999997,0,0.069957615319594,0.0744263861879442,0.371443050608346,0.392383804166965
20.8562499999997,0,0.069956130500089,0.0744263861879442,0.371431666509044,0.39238380416697
20.8624999999997,0,0.0699546500273,0.0744263861879442,0.371420314542496,0.392383804166976
20.8687499999997,0,0.069953173888574,0.0744263861879442,0.371408994624293,0.392383804166981
20.8749999999997,0,0.0699517020712944,0.0744263861879442,0.371397706670201,0.392383804166986
20.8812499999997,0,0.0699502345628808,0.0744263861879442,0.371386450596156,0.392383804166991
20.8874999999997,0,0.0699487713507895,0.0744263861879442,0.371375226318266,0.392383804166996
20.8937499999997,0,0.0699473124225126,0.0744263861879442,0.371364033752812,0.392383804167002
20.8999999999997,0,0.0699458577655781,0.0744263861879442,0.371352872816245,0.392383804167007
20.9062499999997,0,0.0699444073675503,0.0744263861879442,0.371341743425191,0.392383804167012
20.9124999999997,0,0.0699429612160291,0.0744263861879442,0.371330645496447,0.392383804167017
20.9187499999997,0,0.0699415192986504,0.0744263861879442,0.371319578946982,0.392383804167022
20.9249999999997,0,0.0699400816030855,0.0744263861879442,0.371308543693937,0.392383804167027
20.9312499999997,0,0.0699386481170411,0.0744263861879442,0.371297539654626,0.392383804167031
20.9374999999997,0,0.0699372188282597,0.0744263861879442,0.371286566746536,0.392383804167036
20.9437499999997,0,0.0699357937245191,0.0744263861879442,0.371275624887326,0.392383804167041
20.9499999999997,0,0.069934372793632,0.0744263861879442,0.371264713994827,0.392383804167046
20.9562499999997,0,0.0699329560234466,0.0744263861879442,0.371253833987043,0.39238380416705
20.9624999999997,0,0.0699315434018458,0.0744263861879442,0.37124298478215,0.392383804167055
20.9687499999997,0,0.0699301349167478,0.0744263861879442,0.371232166298498,0.39238380416706
20.9749999999997,0,0.0699287305561054,0.0744263861879442,0.371221378454608,0.392383804167064
20.9812499999997,0,0.0699273303079062,0.0744263861879442,0.371210621169175,0.392383804167069
20.9874999999997,0,0.0699259341601724,0.0744263861879442,0.371199894361065,0.392383804167074
20.9937499999997,0,0.0699245421009609,0.0744263861879442,0.371189197949317,0.392383804167078
20.9999999999997,0,0.0699231541183628,0.0744263861879442,0.371178531853144,0.392383804167082
21.0062499999997,0,0.0699217702005037,0.0744263861879442,0.371167895991931,0.392383804167087
21.0124999999997,0,0.0699203903355435,0.0744263861879442,0.371157290285234,0.392383804167091
21.0187499999997,0,0.0699190145116761,0.0744263861879442,0.371146714652784,0.392383804167096
21.0249999999997,0,0.0699176427171296,0.0744263861879442,0.371136169014483,0.3923838041671
21.0312499999997,0,0.0699162749401659,0.0744263861879442,0.371125653290406,0.392383804167104
21.0374999999997,0,0.0699149111690809,0.0744263861879442,0.371115167400801,0.392383804167108
21.0437499999997,0,0.0699135513922044,0.0744263861879442,0.371104711266087,0.392383804167113
21.0499999999997,0,0.0699121955978994,0.0744263861879442,0.371094284806856,0.392383804167117
21.0562499999997,0,0.069910843774563,0.0744263861879442,0.371083887943875,0.392383804167121
21.0624999999997,0,0.0699094959106254,0.0744263861879442,0.37107352059808,0.392383804167125
21.0687499999997,0,0.0699081519945505,0.0744263861879442,0.37106318269058,0.392383804167129
21.0749999999997,0,0.0699068120148352,0.0744263861879442,0.371052874142658,0.392383804167133
21.0812499999997,0,0.0699054759600097,0.0744263861879442,0.371042594875767,0.392383804167137
21.0874999999997,0,0.0699041438186374,0.0744263861879442,0.371032344811535,0.392383804167141
21.0937499999997,0,0.0699028155793147,0.0744263861879442,0.371022123871759,0.392383804167145
21.0999999999997,0,0.0699014912306708,0.0744263861879442,0.371011931978411,0.392383804167149
21.1062499999997,0,0.0699001707613677,0.0744263861879442,0.371001769053632,0.392383804167153
21.1124999999997,0,0.0698988541601002,0.0744263861879442,0.370991635019737,0.392383804167157
21.1187499999997,0,0.0698975414155959,0.0744263861879442,0.370981529799214,0.392383804167161
21.1249999999997,0,0.0698962325166147,0.0744263861879442,0.370971453314719,0.392383804167164
21.1312499999997,0,0.0698949274519489,0.0744263861879442,0.370961405489083,0.392383804167168
21.1374999999997,0,0.0698936262104234,0.0744263861879442,0.370951386245308,0.392383804167172
21.1437499999997,0,0.0698923287808953,0.0744263861879442,0.370941395506567,0.392383804167176
21.1499999999997,0,0.0698910351522537,0.0744263861879442,0.370931433196204,0.392383804167179
21.1562499999997,0,0.0698897453134199,0.0744263861879442,0.370921499237737,0.392383804167183
21.1624999999997,0,0.0698884592533474,0.0744263861879442,0.370911593554851,0.392383804167186
21.1687499999997,0,0.0698871769610212,0.0744263861879442,0.370901716071406,0.39238380416719
21.1749999999997,0,0.0698858984254585,0.0744263861879442,0.370891866711432,0.392383804167194
21.1812499999997,0,0.0698846236357078,0.0744263861879442,0.37088204539913,0.392383804167197
21.1874999999997,0,0.0698833525808496,0.0744263861879442,0.37087225205887,0.392383804167201
21.1937499999997,0,0.0698820852499958,0.0744263861879442,0.370862486615196,0.392383804167204
21.1999999999997,0,0.0698808216322898,0.0744263861879442,0.370852748992822,0.392383804167208
21.2062499999997,0,0.0698795617169062,0.0744263861879442,0.37084303911663,0.392383804167211
21.2124999999997,0,0.069878305493051,0.0744263861879442,0.370833356911675,0.392383804167214
21.2187499999997,0,0.0698770529499615,0.0744263861879442,0.370823702303182,0.392383804167218
21.2249999999997,0,0.0698758040769058,0.0744263861879442,0.370814075216546,0.392383804167221
21.2312499999997,0,0.0698745588631833,0.0744263861879442,0.370804475577332,0.392383804167224
21.2374999999997,0,0.0698733172981241,0.0744263861879442,0.370794903311275,0.392383804167228
21.2437499999997,0,0.0698720793710893,0.0744263861879442,0.37078535834428,0.392383804167231
21.2499999999997,0,0.0698708450714706,0.0744263861879442,0.370775840602422,0.392383804167234
21.2562499999997,0,0.0698696143886903,0.0744263861879442,0.370766350011944,0.392383804167237
21.2624999999997,0,0.0698683873122016,0.0744263861879442,0.370756886499262,0.39238380416724
21.2687499999997,0,0.0698671638314879,0.0744263861879442,0.370747449990957,0.392383804167244
21.2749999999997,0,0.069865943936063,0.0744263861879442,0.370738040413783,0.392383804167247
21.2812499999997,0,0.0698647276154711,0.0744263861879442,0.37072865769466,0.39238380416725
21.2874999999997,0,0.0698635148592865,0.0744263861879442,0.37071930176068,0.392383804167253
21.2937499999997,0,0.0698623056571139,0.0744263861879442,0.370709972539101,0.392383804167256
21.2999999999997,0,0.0698610999985878,0.0744263861879442,0.370700669957351,0.392383804167259
21.3062499999997,0,0.0698598978733726,0.0744263861879442,0.370691393943026,0.392383804167262
21.3124999999997,0,0.0698586992711628,0.0744263861879442,0.370682144423891,0.392383804167265
21.3187499999997,0,0.0698575041816827,0.0744263861879442,0.370672921327879,0.392383804167268
21.3249999999997,0,0.0698563125946862,0.0744263861879442,0.37066372458309,0.392383804167271
21.3312499999997,0,0.0698551244999567,0.0744263861879442,0.370654554117793,0.392383804167274
21.3374999999997,0,0.0698539398873073,0.0744263861879442,0.370645409860424,0.392383804167277
21.3437499999997,0,0.0698527587465808,0.0744263861879442,0.370636291739588,0.392383804167279
21.3499999999997,0,0.0698515810676488,0.0744263861879442,0.370627199684054,0.392383804167282
21.3562499999997,0,0.0698504068404126,0.0744263861879442,0.370618133622762,0.392383804167285
21.3624999999997,0,0.0698492360548027,0.0744263861879442,0.370609093484818,0.392383804167288
21.3687499999997,0,0.0698480687007786,0.0744263861879442,0.370600079199492,0.392383804167291
21.3749999999997,0,0.0698469047683287,0.0744263861879442,0.370591090696225,0.392383804167293
21.3812499999997,0,0.0698457442474707,0.0744263861879442,0.370582127904622,0.392383804167296
21.3874999999997,0,0.0698445871282509,0.0744263861879442,0.370573190754454,0.392383804167299
21.3937499999997,0,0.0698434334007446,0.0744263861879442,0.370564279175659,0.392383804167301
21.3999999999997,0,0.0698422830550557,0.0744263861879442,0.370555393098342,0.392383804167304
21.4062499999997,0,0.0698411360813165,0.0744263861879442,0.370546532452772,0.392383804167307
21.4124999999997,0,0.0698399924696883,0.0744263861879442,0.370537697169385,0.392383804167309
21.4187499999997,0,0.0698388522103606,0.0744263861879442,0.37052888717878,0.392383804167312
21.4249999999997,0,0.0698377152935512,0.0744263861879442,0.370520102411724,0.392383804167314
21.4312499999997,0,0.0698365817095065,0.0744263861879442,0.370511342799148,0.392383804167317
21.4374999999997,0,0.0698354514485008,0.0744263861879442,0.370502608272148,0.392383804167319
21.4437499999997,0,0.0698343245008369,0.0744263861879442,0.370493898761984,0.392383804167322
21.4499999999997,0,0.0698332008568452,0.0744263861879442,0.370485214200082,0.392383804167324
21.4562499999997,0,0.0698320805068844,0.0744263861879442,0.370476554518029,0.392383804167327
21.4624999999997,0,0.0698309634413412,0.0744263861879442,0.37046791964758,0.392383804167329
21.4687499999997,0,0.0698298496506298,0.0744263861879442,0.370459309520651,0.392383804167332
21.4749999999997,0,0.0698287391251924,0.0744263861879442,0.370450724069324,0.392383804167334
21.4812499999997,0,0.0698276318554986,0.0744263861879442,0.370442163225842,0.392383804167337
21.4874999999997,0,0.0698265278320459,0.0744263861879442,0.370433626922613,0.392383804167339
21.4937499999997,0,0.0698254270453592,0.0744263861879442,0.370425115092207,0.392383804167341
21.4999999999997,0,0.0698243294859907,0.0744263861879442,0.370416627667359,0.392383804167344
21.5062499999997,0,0.06982323514452,0.0744263861879442,0.370408164580962,0.392383804167346
21.5124999999997,0,0.0698221440115541,0.0744263861879442,0.370399725766077,0.392383804167348
21.5187499999997,0,0.0698210560777271,0.0744263861879442,0.370391311155923,0.39238380416735
21.5249999999997,0,0.0698199713337001,0.0744263861879442,0.370382920683883,0.392383804167353
21.5312499999997,0,0.0698188897701615,0.0744263861879442,0.370374554283501,0.392383804167355
21.5374999999997,0,0.0698178113778264,0.0744263861879442,0.370366211888484,0.392383804167357
21.5437499999997,0,0.0698167361474371,0.0744263861879442,0.370357893432698,0.392383804167359
21.5499999999997,0,0.0698156640697624,0.0744263861879442,0.370349598850172,0.392383804167362
21.5562499999997,0,0.0698145951355978,0.0744263861879442,0.370341328075094,0.392383804167364
21.5624999999997,0,0.0698135293357659,0.0744263861879442,0.370333081041816,0.392383804167366
21.5687499999997,0,0.0698124666611154,0.0744263861879442,0.370324857684846,0.392383804167368
21.5749999999997,0,0.0698114071025217,0.0744263861879442,0.370316657938856,0.39238380416737
21.5812499999997,0,0.0698103506508866,0.0744263861879442,0.370308481738677,0.392383804167372
21.5874999999997,0,0.0698092972971383,0.0744263861879442,0.370300329019297,0.392383804167374
21.5937499999997,0,0.0698082470322313,0.0744263861879442,0.370292199715869,0.392383804167376
21.5999999999997,0,0.0698071998471463,0.0744263861879442,0.3702840937637,0.392383804167378
21.6062499999997,0,0.0698061557328898,0.0744263861879442,0.370276011098259,0.39238380416738
21.6124999999997,0,0.0698051146804949,0.0744263861879442,0.370267951655173,0.392383804167382
21.6187499999997,0,0.0698040766810203,0.0744263861879442,0.370259915370228,0.392383804167384
21.6249999999997,0,0.0698030417255508,0.0744263861879442,0.370251902179367,0.392383804167386
21.6312499999997,0,0.0698020098051967,0.0744263861879442,0.370243912018694,0.392383804167388
21.6374999999997,0,0.0698009809110946,0.0744263861879442,0.370235944824469,0.39238380416739
21.6437499999997,0,0.0697999550344064,0.0744263861879442,0.370228000533109,0.392383804167392
21.6499999999997,0,0.0697989321663196,0.0744263861879442,0.37022007908119,0.392383804167394
21.6562499999997,0,0.0697979122980474,0.0744263861879442,0.370212180405444,0.392383804167396
21.6624999999997,0,0.0697968954208283,0.0744263861879442,0.37020430444276,0.392383804167398
21.6687499999997,0,0.0697958815259265,0.0744263861879442,0.370196451130186,0.3923838041674
21.6749999999997,0,0.0697948706046311,0.0744263861879442,0.370188620404924,0.392383804167402
21.6812499999997,0,0.0697938626482567,0.0744263861879442,0.370180812204332,0.392383804167403
21.6874999999997,0,0.069792857648143,0.0744263861879442,0.370173026465925,0.392383804167405
21.6937499999997,0,0.069791855595655,0.0744263861879442,0.370165263127375,0.392383804167407
21.6999999999997,0,0.0697908564821823,0.0744263861879442,0.370157522126507,0.392383804167409
21.7062499999997,0,0.0697898602991399,0.0744263861879442,0.370149803401303,0.392383804167411
21.7124999999997,0,0.0697888670379674,0.0744263861879442,0.370142106889899,0.392383804167412
21.7187499999997,0,0.0697878766901294,0.0744263861879442,0.370134432530587,0.392383804167414
21.7249999999997,0,0.0697868892471151,0.0744263861879442,0.370126780261811,0.392383804167416
21.7312499999997,0,0.0697859047004385,0.0744263861879442,0.370119150022173,0.392383804167418
21.7374999999997,0,0.0697849230416381,0.0744263861879442,0.370111541750425,0.392383804167419
21.7437499999997,0,0.0697839442622769,0.0744263861879442,0.370103955385476,0.392383804167421
21.7499999999997,0,0.0697829683539426,0.0744263861879442,0.370096390866387,0.392383804167423
21.7562499999997,0,0.069781995308247,0.0744263861879442,0.370088848132373,0.392383804167424
21.7624999999997,0,0.0697810251168265,0.0744263861879442,0.3700813271228,0.392383804167426
21.7687499999997,0,0.0697800577713415,0.0744263861879442,0.370073827777188,0.392383804167428
21.7749999999997,0,0.0697790932634767,0.0744263861879442,0.370066350035212,0.392383804167429
21.7812499999997,0,0.0697781315849408,0.0744263861879442,0.370058893836694,0.392383804167431
21.7874999999997,0,0.0697771727274669,0.0744263861879442,0.370051459121613,0.392383804167433
21.7937499999997,0,0.0697762166828118,0.0744263861879442,0.370044045830096,0.392383804167434
21.7999999999997,0,0.0697752634427561,0.0744263861879442,0.370036653902424,0.392383804167436
21.8062499999997,0,0.0697743129991044,0.0744263861879442,0.370029283279028,0.392383804167437
21.8124999999997,0,0.0697733653436852,0.0744263861879442,0.37002193390049,0.392383804167439
21.8187499999997,0,0.0697724204683504,0.0744263861879442,0.370014605707542,0.39238380416744
21.8249999999997,0,0.0697714783649759,0.0744263861879442,0.370007298641069,0.392383804167442
21.8312499999997,0,0.0697705390254607,0.0744263861879442,0.370000012642102,0.392383804167443
21.8374999999997,0,0.0697696024417278,0.0744263861879442,0.369992747651826,0.392383804167445
21.8437499999997,0,0.0697686686057234,0.0744263861879442,0.369985503611573,0.392383804167446
21.8499999999997,0,0.0697677375094169,0.0744263861879442,0.369978280462826,0.392383804167448
21.8562499999997,0,0.0697668091448012,0.0744263861879442,0.369971078147214,0.392383804167449
21.8624999999997,0,0.0697658835038926,0.0744263861879442,0.36996389660652,0.392383804167451
21.8687499999997,0,0.0697649605787302,0.0744263861879442,0.369956735782671,0.392383804167452
21.8749999999997,0,0.0697640403613765,0.0744263861879442,0.369949595617744,0.392383804167454
21.8812499999997,0,0.0697631228439167,0.0744263861879442,0.369942476053964,0.392383804167455
21.8874999999997,0,0.0697622080184594,0.0744263861879442,0.369935377033704,0.392383804167456
21.8937499999997,0,0.0697612958771358,0.0744263861879442,0.369928298499484,0.392383804167458
21.8999999999997,0,0.0697603864121,0.0744263861879442,0.369921240393972,0.392383804167459
21.9062499999997,0,0.0697594796155289,0.0744263861879442,0.369914202659982,0.392383804167461
21.9124999999997,0,0.0697585754796221,0.0744263861879442,0.369907185240474,0.392383804167462
21.9187499999997,0,0.0697576739966018,0.0744263861879442,0.369900188078557,0.392383804167463
21.9249999999997,0,0.0697567751587129,0.0744263861879442,0.369893211117484,0.392383804167465
21.9312499999997,0,0.0697558789582227,0.0744263861879442,0.369886254300654,0.392383804167466
21.9374999999997,0,0.0697549853874209,0.0744263861879442,0.369879317571613,0.392383804167467
21.9437499999997,0,0.0697540944386197,0.0744263861879442,0.369872400874051,0.392383804167469
21.9499999999997,0,0.0697532061041537,0.0744263861879442,0.369865504151804,0.39238380416747
21.9562499999997,0,0.0697523203763794,0.0744263861879442,0.369858627348851,0.392383804167471
21.9624999999997,0,0.0697514372476759,0.0744263861879442,0.369851770409318,0.392383804167472
21.9687499999997,0,0.0697505567104442,0.0744263861879442,0.369844933277474,0.392383804167474
21.9749999999997,0,0.0697496787571074,0.0744263861879442,0.369838115897731,0.392383804167475
21.9812499999997,0,0.0697488033801106,0.0744263861879442,0.369831318214647,0.392383804167476
21.9874999999997,0,0.0697479305719209,0.0744263861879442,0.369824540172921,0.392383804167477
21.9937499999997,0,0.0697470603250272,0.0744263861879442,0.369817781717398,0.392383804167479
21.9999999999997,0,0.0697461926319403,0.0744263861879442,0.369811042793062,0.39238380416748
22.0062499999997,0,0.0697453274851926,0.0744263861879442,0.369804323345042,0.392383804167481
22.0124999999997,0,0.0697444648773383,0.0744263861879442,0.369797623318611,0.392383804167482
22.0187499999997,0,0.0697436048009533,0.0744263861879442,0.36979094265918,0.392383804167483
22.0249999999997,0,0.0697427472486349,0.0744263861879442,0.369784281312305,0.392383804167485
22.0312499999997,0,0.0697418922130019,0.0744263861879442,0.369777639223683,0.392383804167486
22.0374999999997,0,0.0697410396866947,0.0744263861879442,0.36977101633915,0.392383804167487
22.0437499999997,0,0.0697401896623749,0.0744263861879442,0.369764412604685,0.392383804167488
22.0499999999997,0,0.0697393421327257,0.0744263861879442,0.369757827966408,0.392383804167489
22.0562499999997,0,0.0697384970904511,0.0744263861879442,0.369751262370578,0.39238380416749
22.0624999999997,0,0.0697376545282767,0.0744263861879442,0.369744715763595,0.392383804167492
22.0687499999997,0,0.0697368144389491,0.0744263861879442,0.369738188091999,0.392383804167493
22.0749999999997,0,0.0697359768152359,0.0744263861879442,0.369731679302468,0.392383804167494
22.0812499999997,0,0.0697351416499258,0.0744263861879442,0.369725189341821,0.392383804167495
22.0874999999997,0,0.0697343089358285,0.0744263861879442,0.369718718157016,0.392383804167496
22.0937499999997,0,0.0697334786657744,0.0744263861879442,0.369712265695148,0.392383804167497
22.0999999999997,0,0.0697326508326149,0.0744263861879442,0.369705831903452,0.392383804167498
22.1062499999997,0,0.069731825429222,0.0744263861879442,0.369699416729301,0.392383804167499
22.1124999999997,0,0.0697310024484888,0.0744263861879442,0.369693020120205,0.3923838041675
22.1187499999997,0,0.0697301818833286,0.0744263861879442,0.369686642023813,0.392383804167501
22.1249999999997,0,0.0697293637266756,0.0744263861879442,0.36968028238791,0.392383804167502
22.1312499999997,0,0.0697285479714843,0.0744263861879442,0.369673941160419,0.392383804167503
22.1374999999997,0,0.0697277346107298,0.0744263861879442,0.369667618289399,0.392383804167504
22.1437499999996,0,0.0697269236374077,0.0744263861879442,0.369661313723046,0.392383804167505
22.1499999999997,0,0.0697261150445339,0.0744263861879442,0.369655027409693,0.392383804167506
22.1562499999997,0,0.0697253088251444,0.0744263861879442,0.369648759297806,0.392383804167507
22.1624999999996,0,0.0697245049722957,0.0744263861879442,0.36964250933599,0.392383804167508
22.1687499999996,0,0.0697237034790645,0.0744263861879442,0.369636277472984,0.392383804167509
22.1749999999996,0,0.0697229043385474,0.0744263861879442,0.369630063657662,0.39238380416751
22.1812499999997,0,0.0697221075438613,0.0744263861879442,0.369623867839033,0.392383804167511
22.1874999999996,0,0.0697213130881428,0.0744263861879442,0.36961768996624,0.392383804167512
22.1937499999996,0,0.0697205209645489,0.0744263861879442,0.369611529988562,0.392383804167513
22.1999999999996,0,0.0697197311662562,0.0744263861879442,0.369605387855409,0.392383804167514
22.2062499999996,0,0.069718943686461,0.0744263861879442,0.369599263516327,0.392383804167515
22.2124999999996,0,0.0697181585183797,0.0744263861879442,0.369593156920995,0.392383804167516
22.2187499999996,0,0.0697173756552483,0.0744263861879442,0.369587068019226,0.392383804167517
22.2249999999996,0,0.0697165950903225,0.0744263861879442,0.369580996760963,0.392383804167518
22.2312499999996,0,0.0697158168168775,0.0744263861879442,0.369574943096283,0.392383804167519
22.2374999999996,0,0.0697150408282082,0.0744263861879442,0.369568906975398,0.392383804167519
22.2437499999996,0,0.0697142671176289,0.0744263861879442,0.369562888348648,0.39238380416752
22.2499999999996,0,0.0697134956784733,0.0744263861879442,0.369556887166506,0.392383804167521
22.2562499999996,0,0.0697127265040946,0.0744263861879442,0.369550903379578,0.392383804167522
22.2624999999996,0,0.0697119595878653,0.0744263861879442,0.3695449369386,0.392383804167523
22.2687499999996,0,0.0697111949231772,0.0744263861879442,0.369538987794438,0.392383804167524
22.2749999999996,0,0.0697104325034413,0.0744263861879442,0.369533055898089,0.392383804167525
22.2812499999996,0,0.0697096723220876,0.0744263861879442,0.369527141200683,0.392383804167525
22.2874999999996,0,0.0697089143725655,0.0744263861879442,0.369521243653476,0.392383804167526
22.2937499999996,0,0.0697081586483433,0.0744263861879442,0.369515363207856,0.392383804167527
22.2999999999996,0,0.0697074051429083,0.0744263861879442,0.36950949981534,0.392383804167528
22.3062499999996,0,0.0697066538497667,0.0744263861879442,0.369503653427575,0.392383804167529
22.3124999999996,0,0.0697059047624437,0.0744263861879442,0.369497823996335,0.39238380416753
22.3187499999996,0,0.0697051578744833,0.0744263861879442,0.369492011473526,0.39238380416753
22.3249999999996,0,0.0697044131794482,0.0744263861879442,0.369486215811178,0.392383804167531
22.3312499999996,0,0.0697036706709199,0.0744263861879442,0.369480436961453,0.392383804167532
22.3374999999996,0,0.0697029303424987,0.0744263861879442,0.369474674876637,0.392383804167533
22.3437499999996,0,0.0697021921878033,0.0744263861879442,0.369468929509149,0.392383804167534
22.3499999999996,0,0.0697014562004711,0.0744263861879442,0.369463200811529,0.392383804167534
22.3562499999996,0,0.0697007223741578,0.0744263861879442,0.369457488736447,0.392383804167535
22.3624999999996,0,0.069699990702538,0.0744263861879442,0.369451793236702,0.392383804167536
22.3687499999996,0,0.0696992611793042,0.0744263861879442,0.369446114265214,0.392383804167537
22.3749999999996,0,0.0696985337981677,0.0744263861879442,0.369440451775035,0.392383804167537
22.3812499999996,0,0.0696978085528578,0.0744263861879442,0.369434805719337,0.392383804167538
22.3874999999996,0,0.0696970854371221,0.0744263861879442,0.369429176051423,0.392383804167539
22.3937499999996,0,0.0696963644447265,0.0744263861879442,0.369423562724718,0.39238380416754
22.3999999999996,0,0.069695645569455,0.0744263861879442,0.369417965692772,0.39238380416754
22.4062499999996,0,0.0696949288051096,0.0744263861879442,0.369412384909261,0.392383804167541
22.4124999999996,0,0.0696942141455105,0.0744263861879442,0.369406820327985,0.392383804167542
22.4187499999996,0,0.0696935015844958,0.0744263861879442,0.36940127190287,0.392383804167542
22.4249999999996,0,0.0696927911159215,0.0744263861879442,0.369395739587961,0.392383804167543
22.4312499999996,0,0.0696920827336615,0.0744263861879442,0.369390223337432,0.392383804167544
22.4374999999996,0,0.0696913764316076,0.0744263861879442,0.369384723105577,0.392383804167544
22.4437499999996,0,0.0696906722036694,0.0744263861879442,0.369379238846814,0.392383804167545
22.4499999999996,0,0.069689970043774,0.0744263861879442,0.369373770515685,0.392383804167546
22.4562499999996,0,0.0696892699458665,0.0744263861879442,0.369368318066853,0.392383804167547
22.4624999999996,0,0.0696885719039094,0.0744263861879442,0.369362881455103,0.392383804167547
22.4687499999996,0,0.0696878759118829,0.0744263861879442,0.369357460635343,0.392383804167548
22.4749999999996,0,0.0696871819637847,0.0744263861879442,0.369352055562603,0.392383804167549
22.4812499999996,0,0.0696864900536299,0.0744263861879442,0.369346666192032,0.392383804167549
22.4874999999996,0,0.069685800175451,0.0744263861879442,0.369341292478904,0.39238380416755
22.4937499999996,0,0.0696851123232982,0.0744263861879442,0.36933593437861,0.39238380416755
22.4999999999996,0,0.0696844264912385,0.0744263861879442,0.369330591846664,0.392383804167551
22.5062499999996,0,0.0696837426733567,0.0744263861879442,0.369325264838699,0.392383804167552
22.5124999999996,0,0.0696830608637544,0.0744263861879442,0.36931995331047,0.392383804167552
22.5187499999996,0,0.0696823810565507,0.0744263861879442,0.369314657217849,0.392383804167553
22.5249999999996,0,0.0696817032458817,0.0744263861879442,0.369309376516829,0.392383804167554
22.5312499999996,0,0.0696810274259004,0.0744263861879442,0.369304111163522,0.392383804167554
22.5374999999996,0,0.0696803535907771,0.0744263861879442,0.36929886111416,0.392383804167555
22.5437499999996,0,0.0696796817346991,0.0744263861879442,0.369293626325091,0.392383804167555
22.5499999999996,0,0.0696790118518703,0.0744263861879442,0.369288406752784,0.392383804167556
22.5562499999996,0,0.0696783439365117,0.0744263861879442,0.369283202353824,0.392383804167557
22.5624999999996,0,0.0696776779828612,0.0744263861879442,0.369278013084917,0.392383804167557
22.5687499999996,0,0.0696770139851735,0.0744263861879442,0.369272838902882,0.392383804167558
22.5749999999996,0,0.0696763519377197,0.0744263861879442,0.36926767976466,0.392383804167558
22.5812499999996,0,0.069675691834788,0.0744263861879442,0.369262535627304,0.392383804167559
22.5874999999996,0,0.069675033670683,0.0744263861879442,0.369257406447989,0.392383804167559
22.5937499999996,0,0.069674377439726,0.0744263861879442,0.369252292184004,0.39238380416756
22.5999999999996,0,0.0696737231362548,0.0744263861879442,0.369247192792752,0.392383804167561
22.6062499999996,0,0.0696730707546236,0.0744263861879442,0.369242108231755,0.392383804167561
22.6124999999996,0,0.0696724202892033,0.0744263861879442,0.36923703845865,0.392383804167562
22.6187499999996,0,0.069671771734381,0.0744263861879442,0.36923198343119,0.392383804167562
22.6249999999996,0,0.0696711250845601,0.0744263861879442,0.369226943107241,0.392383804167563
22.6312499999996,0,0.0696704803341604,0.0744263861879442,0.369221917444784,0.392383804167563
22.6374999999996,0,0.0696698374776181,0.0744263861879442,0.369216906401918,0.392383804167564
22.6437499999996,0,0.0696691965093855,0.0744263861879442,0.369211909936853,0.392383804167564
22.6499999999996,0,0.0696685574239309,0.0744263861879442,0.369206928007913,0.392383804167565
22.6562499999996,0,0.0696679202157389,0.0744263861879442,0.369201960573537,0.392383804167565
22.6624999999996,0,0.0696672848793102,0.0744263861879442,0.369197007592278,0.392383804167566
22.6687499999996,0,0.0696666514091614,0.0744263861879442,0.369192069022801,0.392383804167566
22.6749999999996,0,0.0696660197998252,0.0744263861879442,0.369187144823884,0.392383804167567
22.6812499999996,0,0.0696653900458501,0.0744263861879442,0.369182234954418,0.392383804167567
22.6874999999996,0,0.0696647621418007,0.0744263861879442,0.369177339373406,0.392383804167568
22.6937499999996,0,0.0696641360822572,0.0744263861879442,0.369172458039965,0.392383804167568
22.6999999999996,0,0.0696635118618157,0.0744263861879442,0.369167590913322,0.392383804167569
22.7062499999996,0,0.069662889475088,0.0744263861879442,0.369162737952815,0.392383804167569
22.7124999999996,0,0.0696622689167019,0.0744263861879442,0.369157899117895,0.39238380416757
22.7187499999996,0,0.0696616501813003,0.0744263861879442,0.369153074368123,0.39238380416757
22.7249999999996,0,0.0696610332635423,0.0744263861879442,0.369148263663173,0.392383804167571
22.7312499999996,0,0.0696604181581021,0.0744263861879442,0.369143466962826,0.392383804167571
22.7374999999996,0,0.0696598048596698,0.0744263861879442,0.369138684226975,0.392383804167572
22.7437499999996,0,0.0696591933629507,0.0744263861879442,0.369133915415625,0.392383804167572
22.7499999999996,0,0.0696585836626657,0.0744263861879442,0.369129160488887,0.392383804167573
22.7562499999996,0,0.069657975753551,0.0744263861879442,0.369124419406985,0.392383804167573
22.7624999999996,0,0.0696573696303582,0.0744263861879442,0.369119692130249,0.392383804167574
22.7687499999996,0,0.0696567652878541,0.0744263861879442,0.36911497861912,0.392383804167574
22.7749999999996,0,0.069656162720821,0.0744263861879442,0.369110278834148,0.392383804167574
22.7812499999996,0,0.0696555619240561,0.0744263861879442,0.369105592735989,0.392383804167575
22.7874999999996,0,0.069654962892372,0.0744263861879442,0.369100920285411,0.392383804167575
22.7937499999996,0,0.0696543656205964,0.0744263861879442,0.369096261443286,0.392383804167576
22.7999999999996,0,0.0696537701035719,0.0744263861879442,0.369091616170596,0.392383804167576
22.8062499999996,0,0.0696531763361563,0.0744263861879442,0.36908698442843,0.392383804167577
22.8124999999996,0,0.0696525843132225,0.0744263861879442,0.369082366177983,0.392383804167577
22.8187499999996,0,0.0696519940296581,0.0744263861879442,0.369077761380559,0.392383804167577
22.8249999999996,0,0.0696514054803658,0.0744263861879442,0.369073169997567,0.392383804167578
22.8312499999996,0,0.0696508186602629,0.0744263861879442,0.369068591990521,0.392383804167578
22.8374999999996,0,0.0696502335642819,0.0744263861879442,0.369064027321045,0.392383804167579
22.8437499999996,0,0.0696496501873699,0.0744263861879442,0.369059475950866,0.392383804167579
22.8499999999996,0,0.0696490685244887,0.0744263861879442,0.369054937841816,0.39238380416758
22.8562499999996,0,0.0696484885706148,0.0744263861879442,0.369050412955835,0.39238380416758
22.8624999999996,0,0.0696479103207393,0.0744263861879442,0.369045901254965,0.39238380416758
22.8687499999996,0,0.0696473337698681,0.0744263861879442,0.369041402701356,0.392383804167581
22.8749999999996,0,0.0696467589130216,0.0744263861879442,0.369036917257259,0.392383804167581
22.8812499999996,0,0.0696461857452345,0.0744263861879442,0.369032444885031,0.392383804167581
22.8874999999996,0,0.0696456142615563,0.0744263861879442,0.369027985547135,0.392383804167582
22.8937499999996,0,0.0696450444570508,0.0744263861879442,0.369023539206134,0.392383804167582
22.8999999999996,0,0.0696444763267962,0.0744263861879442,0.369019105824698,0.392383804167583
22.9062499999996,0,0.069643909865885,0.0744263861879442,0.369014685365596,0.392383804167583
22.9124999999996,0,0.0696433450694241,0.0744263861879442,0.369010277791705,0.392383804167583
22.9187499999996,0,0.0696427819325348,0.0744263861879442,0.369005883066002,0.392383804167584
22.9249999999996,0,0.0696422204503522,0.0744263861879442,0.369001501151565,0.392383804167584
22.9312499999996,0,0.0696416606180261,0.0744263861879442,0.368997132011578,0.392383804167584
22.9374999999996,0,0.0696411024307202,0.0744263861879442,0.368992775609323,0.392383804167585
22.9437499999996,0,0.0696405458836124,0.0744263861879442,0.368988431908188,0.392383804167585
22.9499999999996,0,0.0696399909718945,0.0744263861879442,0.368984100871658,0.392383804167586
22.9562499999996,0,0.0696394376907724,0.0744263861879442,0.368979782463323,0.392383804167586
22.9624999999996,0,0.0696388860354661,0.0744263861879442,0.368975476646871,0.392383804167586
22.9687499999996,0,0.0696383360012096,0.0744263861879442,0.368971183386093,0.392383804167587
22.9749999999996,0,0.0696377875832506,0.0744263861879442,0.368966902644879,0.392383804167587
22.9812499999996,0,0.0696372407768506,0.0744263861879442,0.36896263438722,0.392383804167587
22.9874999999996,0,0.0696366955772853,0.0744263861879442,0.368958378577206,0.392383804167588
22.9937499999996,0,0.0696361519798439,0.0744263861879442,0.368954135179028,0.392383804167588
22.9999999999996,0,0.0696356099798295,0.0744263861879442,0.368949904156976,0.392383804167588
23.0062499999996,0,0.0696350695725586,0.0744263861879442,0.368945685475438,0.392383804167589
23.0124999999996,0,0.0696345307533618,0.0744263861879442,0.368941479098903,0.392383804167589
23.0187499999996,0,0.0696339935175831,0.0744263861879442,0.368937284991957,0.392383804167589
23.0249999999996,0,0.0696334578605801,0.0744263861879442,0.368933103119286,0.39238380416759
23.0312499999996,0,0.0696329237777239,0.0744263861879442,0.368928933445672,0.39238380416759
23.0374999999996,0,0.0696323912643992,0.0744263861879442,0.368924775935997,0.39238380416759
23.0437499999996,0,0.0696318603160042,0.0744263861879442,0.368920630555241,0.39238380416759
23.0499999999996,0,0.0696313309279504,0.0744263861879442,0.368916497268479,0.392383804167591
23.0562499999996,0,0.0696308030956628,0.0744263861879442,0.368912376040885,0.392383804167591
23.0624999999996,0,0.0696302768145798,0.0744263861879442,0.36890826683773,0.392383804167591
23.0687499999996,0,0.069629752080153,0.0744263861879442,0.368904169624382,0.392383804167592
23.0749999999996,0,0.0696292288878473,0.0744263861879442,0.368900084366304,0.392383804167592
23.0812499999996,0,0.0696287072331408,0.0744263861879442,0.368896011029056,0.392383804167592
23.0874999999996,0,0.069628187111525,0.0744263861879442,0.368891949578296,0.392383804167593
23.0937499999996,0,0.0696276685185043,0.0744263861879442,0.368887899979774,0.392383804167593
23.0999999999996,0,0.0696271514495965,0.0744263861879442,0.368883862199338,0.392383804167593
23.1062499999996,0,0.0696266359003322,0.0744263861879442,0.368879836202931,0.392383804167593
23.1124999999996,0,0.0696261218662552,0.0744263861879442,0.368875821956591,0.392383804167594
23.1187499999996,0,0.0696256093429224,0.0744263861879442,0.36887181942645,0.392383804167594
23.1249999999996,0,0.0696250983259035,0.0744263861879442,0.368867828578735,0.392383804167594
23.1312499999996,0,0.0696245888107811,0.0744263861879442,0.368863849379768,0.392383804167595
23.1374999999996,0,0.069624080793151,0.0744263861879442,0.368859881795964,0.392383804167595
23.1437499999996,0,0.0696235742686216,0.0744263861879442,0.368855925793833,0.392383804167595
23.1499999999996,0,0.0696230692328141,0.0744263861879442,0.368851981339977,0.392383804167595
23.1562499999996,0,0.0696225656813627,0.0744263861879442,0.368848048401092,0.392383804167596
23.1624999999996,0,0.0696220636099141,0.0744263861879442,0.368844126943968,0.392383804167596
23.1687499999996,0,0.069621563014128,0.0744263861879442,0.368840216935488,0.392383804167596
23.1749999999996,0,0.0696210638896764,0.0744263861879442,0.368836318342625,0.392383804167596
23.1812499999996,0,0.0696205662322444,0.0744263861879442,0.368832431132448,0.392383804167597
23.1874999999996,0,0.0696200700375292,0.0744263861879442,0.368828555272115,0.392383804167597
23.1937499999996,0,0.069619575301241,0.0744263861879442,0.368824690728878,0.392383804167597
23.1999999999996,0,0.0696190820191024,0.0744263861879442,0.36882083747008,0.392383804167598
23.2062499999996,0,0.0696185901868482,0.0744263861879442,0.368816995463154,0.392383804167598
23.2124999999996,0,0.0696180998002262,0.0744263861879442,0.368813164675628,0.392383804167598
23.2187499999996,0,0.0696176108549961,0.0744263861879442,0.368809345075118,0.392383804167598
23.2249999999996,0,0.0696171233469303,0.0744263861879442,0.368805536629331,0.392383804167599
23.2312499999996,0,0.0696166372718133,0.0744263861879442,0.368801739306064,0.392383804167599
23.2374999999996,0,0.0696161526254424,0.0744263861879442,0.368797953073207,0.392383804167599
23.2437499999996,0,0.0696156694036265,0.0744263861879442,0.368794177898736,0.392383804167599
23.2499999999996,0,0.0696151876021874,0.0744263861879442,0.368790413750721,0.392383804167599
23.2562499999996,0,0.0696147072169585,0.0744263861879442,0.368786660597319,0.3923838041676
23.2624999999996,0,0.0696142282437859,0.0744263861879442,0.368782918406777,0.3923838041676
23.2687499999996,0,0.0696137506785275,0.0744263861879442,0.36877918714743,0.3923838041676
23.2749999999996,0,0.0696132745170534,0.0744263861879442,0.368775466787705,0.3923838041676
23.2812499999996,0,0.0696127997552458,0.0744263861879442,0.368771757296113,0.392383804167601
23.2874999999996,0,0.0696123263889988,0.0744263861879442,0.368768058641259,0.392383804167601
23.2937499999996,0,0.0696118544142188,0.0744263861879442,0.368764370791831,0.392383804167601
23.2999999999996,0,0.0696113838268238,0.0744263861879442,0.368760693716608,0.392383804167601
23.3062499999996,0,0.0696109146227439,0.0744263861879442,0.368757027384455,0.392383804167602
23.3124999999996,0,0.0696104467979212,0.0744263861879442,0.368753371764327,0.392383804167602
23.3187499999996,0,0.0696099803483094,0.0744263861879442,0.368749726825264,0.392383804167602
23.3249999999996,0,0.0696095152698741,0.0744263861879442,0.368746092536394,0.392383804167602
23.3312499999996,0,0.0696090515585929,0.0744263861879442,0.368742468866931,0.392383804167602
23.3374999999996,0,0.0696085892104549,0.0744263861879442,0.368738855786177,0.392383804167603
23.3437499999996,0,0.0696081282214611,0.0744263861879442,0.368735253263519,0.392383804167603
23.3499999999996,0,0.0696076685876241,0.0744263861879442,0.368731661268431,0.392383804167603
23.3562499999996,0,0.069607210304968,0.0744263861879442,0.368728079770473,0.392383804167603
23.3624999999996,0,0.0696067533695288,0.0744263861879442,0.368724508739289,0.392383804167603
23.3687499999996,0,0.0696062977773541,0.0744263861879442,0.368720948144611,0.392383804167604
23.3749999999996,0,0.0696058435245026,0.0744263861879442,0.368717397956256,0.392383804167604
23.3812499999996,0,0.0696053906070451,0.0744263861879442,0.368713858144123,0.392383804167604
23.3874999999996,0,0.0696049390210634,0.0744263861879442,0.368710328678199,0.392383804167604
23.3937499999996,0,0.0696044887626512,0.0744263861879442,0.368706809528555,0.392383804167604
23.3999999999996,0,0.0696040398279132,0.0744263861879442,0.368703300665345,0.392383804167605
23.4062499999996,0,0.0696035922129658,0.0744263861879442,0.368699802058808,0.392383804167605
23.4124999999996,0,0.0696031459139365,0.0744263861879442,0.368696313679267,0.392383804167605
23.4187499999996,0,0.0696027009269643,0.0744263861879442,0.36869283549713,0.392383804167605
23.4249999999996,0,0.0696022572481994,0.0744263861879442,0.368689367482886,0.392383804167605
23.4312499999996,0,0.0696018148738033,0.0744263861879442,0.368685909607108,0.392383804167606
23.4374999999996,0,0.0696013737999488,0.0744263861879442,0.368682461840453,0.392383804167606
23.4437499999996,0,0.0696009340228196,0.0744263861879442,0.36867902415366,0.392383804167606
23.4499999999996,0,0.0696004955386108,0.0744263861879442,0.368675596517551,0.392383804167606
23.4562499999996,0,0.0696000583435286,0.0744263861879442,0.368672178903031,0.392383804167606
23.4624999999996,0,0.0695996224337903,0.0744263861879442,0.368668771281085,0.392383804167607
23.4687499999996,0,0.0695991878056241,0.0744263861879442,0.368665373622782,0.392383804167607
23.4749999999996,0,0.0695987544552694,0.0744263861879442,0.368661985899272,0.392383804167607
23.4812499999996,0,0.0695983223789766,0.0744263861879442,0.368658608081787,0.392383804167607
23.4874999999996,0,0.0695978915730069,0.0744263861879442,0.368655240141639,0.392383804167607
23.4937499999996,0,0.0695974620336326,0.0744263861879442,0.368651882050224,0.392383804167607
23.4999999999996,0,0.0695970337571368,0.0744263861879442,0.368648533779014,0.392383804167608
23.5062499999996,0,0.0695966067398135,0.0744263861879442,0.368645195299567,0.392383804167608
23.5124999999996,0,0.0695961809779675,0.0744263861879442,0.368641866583518,0.392383804167608
23.5187499999996,0,0.0695957564679145,0.0744263861879442,0.368638547602584,0.392383804167608
23.5249999999996,0,0.0695953332059809,0.0744263861879442,0.36863523832856,0.392383804167608
23.5312499999996,0,0.0695949111885038,0.0744263861879442,0.368631938733323,0.392383804167608
23.5374999999996,0,0.0695944904118311,0.0744263861879442,0.368628648788828,0.392383804167609
23.5437499999996,0,0.0695940708723213,0.0744263861879442,0.368625368467111,0.392383804167609
23.5499999999996,0,0.0695936525663436,0.0744263861879442,0.368622097740285,0.392383804167609
23.5562499999996,0,0.0695932354902779,0.0744263861879442,0.368618836580544,0.392383804167609
23.5624999999996,0,0.0695928196405145,0.0744263861879442,0.36861558496016,0.392383804167609
23.5687499999996,0,0.0695924050134544,0.0744263861879442,0.368612342851484,0.392383804167609
23.5749999999996,0,0.069591991605509,0.0744263861879442,0.368609110226943,0.39238380416761
23.5812499999996,0,0.0695915794131004,0.0744263861879442,0.368605887059046,0.39238380416761
23.5874999999996,0,0.0695911684326609,0.0744263861879442,0.368602673320376,0.39238380416761
23.5937499999996,0,0.0695907586606334,0.0744263861879442,0.368599468983597,0.39238380416761
23.5999999999996,0,0.0695903500934713,0.0744263861879442,0.368596274021449,0.39238380416761
23.6062499999996,0,0.069589942727638,0.0744263861879442,0.368593088406749,0.39238380416761
23.6124999999996,0,0.0695895365596078,0.0744263861879442,0.368589912112391,0.39238380416761
23.6187499999996,0,0.0695891315858647,0.0744263861879442,0.368586745111347,0.392383804167611
23.6249999999996,0,0.0695887278029035,0.0744263861879442,0.368583587376665,0.392383804167611
23.6312499999996,0,0.0695883252072289,0.0744263861879442,0.36858043888147,0.392383804167611
23.6374999999996,0,0.0695879237953561,0.0744263861879442,0.368577299598962,0.392383804167611
23.6437499999996,0,0.0695875235638102,0.0744263861879442,0.368574169502418,0.392383804167611
23.6499999999996,0,0.0695871245091268,0.0744263861879442,0.368571048565191,0.392383804167611
23.6562499999996,0,0.0695867266278512,0.0744263861879442,0.368567936760709,0.392383804167611
23.6624999999996,0,0.0695863299165393,0.0744263861879442,0.368564834062476,0.392383804167612
23.6687499999996,0,0.0695859343717568,0.0744263861879442,0.368561740444072,0.392383804167612
23.6749999999996,0,0.0695855399900794,0.0744263861879442,0.368558655879149,0.392383804167612
23.6812499999996,0,0.0695851467680929,0.0744263861879442,0.368555580341438,0.392383804167612
23.6874999999996,0,0.0695847547023931,0.0744263861879442,0.368552513804742,0.392383804167612
23.6937499999996,0,0.0695843637895859,0.0744263861879442,0.368549456242939,0.392383804167612
23.6999999999996,0,0.0695839740262867,0.0744263861879442,0.368546407629982,0.392383804167612
23.7062499999996,0,0.0695835854091213,0.0744263861879442,0.368543367939896,0.392383804167613
23.7124999999996,0,0.069583197934725,0.0744263861879442,0.368540337146782,0.392383804167613
23.7187499999996,0,0.0695828115997433,0.0744263861879442,0.368537315224814,0.392383804167613
23.7249999999996,0,0.0695824264008311,0.0744263861879442,0.36853430214824,0.392383804167613
23.7312499999996,0,0.0695820423346533,0.0744263861879442,0.368531297891379,0.392383804167613
23.7374999999996,0,0.0695816593978848,0.0744263861879442,0.368528302428625,0.392383804167613
23.7437499999996,0,0.0695812775872097,0.0744263861879442,0.368525315734446,0.392383804167613
23.7499999999996,0,0.0695808968993223,0.0744263861879442,0.36852233778338,0.392383804167614
23.7562499999996,0,0.0695805173309262,0.0744263861879442,0.368519368550039,0.392383804167614
23.7624999999996,0,0.0695801388787349,0.0744263861879442,0.368516408009107,0.392383804167614
23.7687499999996,0,0.0695797615394714,0.0744263861879442,0.368513456135339,0.392383804167614
23.7749999999996,0,0.0695793853098684,0.0744263861879442,0.368510512903564,0.392383804167614
23.7812499999996,0,0.0695790101866679,0.0744263861879442,0.368507578288682,0.392383804167614
23.7874999999996,0,0.0695786361666217,0.0744263861879442,0.368504652265662,0.392383804167614
23.7937499999996,0,0.0695782632464911,0.0744263861879442,0.368501734809549,0.392383804167614
23.7999999999996,0,0.0695778914230466,0.0744263861879442,0.368498825895454,0.392383804167614
23.8062499999996,0,0.0695775206930685,0.0744263861879442,0.368495925498564,0.392383804167615
23.8124999999996,0,0.0695771510533463,0.0744263861879442,0.368493033594131,0.392383804167615
23.8187499999996,0,0.069576782500679,0.0744263861879442,0.368490150157484,0.392383804167615
23.8249999999996,0,0.0695764150318749,0.0744263861879442,0.368487275164016,0.392383804167615
23.8312499999996,0,0.0695760486437517,0.0744263861879442,0.368484408589196,0.392383804167615
23.8374999999996,0,0.0695756833331363,0.0744263861879442,0.368481550408557,0.392383804167615
23.8437499999996,0,0.0695753190968651,0.0744263861879442,0.368478700597708,0.392383804167615
23.8499999999996,0,0.0695749559317836,0.0744263861879442,0.368475859132322,0.392383804167615
23.8562499999996,0,0.0695745938347465,0.0744263861879442,0.368473025988145,0.392383804167615
23.8624999999996,0,0.0695742328026178,0.0744263861879442,0.368470201140991,0.392383804167616
23.8687499999996,0,0.0695738728322707,0.0744263861879442,0.368467384566742,0.392383804167616
23.8749999999996,0,0.0695735139205874,0.0744263861879442,0.368464576241352,0.392383804167616
23.8812499999996,0,0.0695731560644594,0.0744263861879442,0.36846177614084,0.392383804167616
23.8874999999996,0,0.0695727992607873,0.0744263861879442,0.368458984241295,0.392383804167616
23.8937499999995,0,0.0695724435064806,0.0744263861879442,0.368456200518875,0.392383804167616
23.8999999999996,0,0.069572088798458,0.0744263861879442,0.368453424949805,0.392383804167616
23.9062499999996,0,0.0695717351336472,0.0744263861879442,0.368450657510378,0.392383804167616
23.9124999999996,0,0.0695713825089847,0.0744263861879442,0.368447898176955,0.392383804167616
23.9187499999995,0,0.0695710309214164,0.0744263861879442,0.368445146925965,0.392383804167617
23.9249999999995,0,0.0695706803678966,0.0744263861879442,0.368442403733903,0.392383804167617
23.9312499999996,0,0.0695703308453889,0.0744263861879442,0.368439668577333,0.392383804167617
23.9374999999995,0,0.0695699823508657,0.0744263861879442,0.368436941432884,0.392383804167617
23.9437499999995,0,0.0695696348813083,0.0744263861879442,0.368434222277253,0.392383804167617
23.9499999999995,0,0.0695692884337067,0.0744263861879442,0.368431511087204,0.392383804167617
23.9562499999995,0,0.0695689430050598,0.0744263861879442,0.368428807839566,0.392383804167617
23.9624999999995,0,0.0695685985923752,0.0744263861879442,0.368426112511236,0.392383804167617
23.9687499999995,0,0.0695682551926695,0.0744263861879442,0.368423425079174,0.392383804167617
23.9749999999995,0,0.0695679128029678,0.0744263861879442,0.368420745520411,0.392383804167617
23.9812499999995,0,0.069567571420304,0.0744263861879442,0.368418073812038,0.392383804167617
23.9874999999995,0,0.0695672310417207,0.0744263861879442,0.368415409931215,0.392383804167618
23.9937499999995,0,0.069566891664269,0.0744263861879442,0.368412753855168,0.392383804167618
23.9999999999995,0,0.069566553285009,0.0744263861879442,0.368410105561185,0.392383804167618
24.0062499999995,0,0.0695662159010089,0.0744263861879442,0.368407465026622,0.392383804167618
24.0124999999995,0,0.069565879509346,0.0744263861879442,0.368404832228897,0.392383804167618
24.0187499999995,0,0.0695655441071058,0.0744263861879442,0.368402207145495,0.392383804167618
24.0249999999995,0,0.0695652096913824,0.0744263861879442,0.368399589753965,0.392383804167618
24.0312499999995,0,0.0695648762592786,0.0744263861879442,0.36839698003192,0.392383804167618
24.0374999999995,0,0.0695645438079055,0.0744263861879442,0.368394377957036,0.392383804167618
24.0437499999995,0,0.0695642123343826,0.0744263861879442,0.368391783507055,0.392383804167618
24.0499999999995,0,0.0695638818358381,0.0744263861879442,0.368389196659781,0.392383804167618
24.0562499999995,0,0.0695635523094084,0.0744263861879442,0.368386617393082,0.392383804167619
24.0624999999995,0,0.0695632237522383,0.0744263861879442,0.368384045684891,0.392383804167619
24.0687499999995,0,0.069562896161481,0.0744263861879442,0.368381481513201,0.392383804167619
24.0749999999995,0,0.0695625695342981,0.0744263861879442,0.368378924856071,0.392383804167619
24.0812499999995,0,0.0695622438678594,0.0744263861879442,0.368376375691622,0.392383804167619
24.0874999999995,0,0.069561919159343,0.0744263861879442,0.368373833998038,0.392383804167619
24.0937499999995,0,0.0695615954059354,0.0744263861879442,0.368371299753564,0.392383804167619
24.0999999999995,0,0.0695612726048312,0.0744263861879442,0.368368772936508,0.392383804167619
24.1062499999995,0,0.0695609507532333,0.0744263861879442,0.368366253525242,0.392383804167619
24.1124999999995,0,0.0695606298483527,0.0744263861879442,0.368363741498198,0.392383804167619
24.1187499999995,0,0.0695603098874087,0.0744263861879442,0.36836123683387,0.392383804167619
24.1249999999995,0,0.0695599908676286,0.0744263861879442,0.368358739510815,0.392383804167619
24.1312499999995,0,0.0695596727862479,0.0744263861879442,0.368356249507651,0.392383804167619
24.1374999999995,0,0.0695593556405102,0.0744263861879442,0.368353766803055,0.39238380416762
24.1437499999995,0,0.0695590394276672,0.0744263861879442,0.368351291375769,0.39238380416762
24.1499999999995,0,0.0695587241449786,0.0744263861879442,0.368348823204594,0.39238380416762
24.1562499999995,0,0.0695584097897121,0.0744263861879442,0.368346362268392,0.39238380416762
24.1624999999995,0,0.0695580963591434,0.0744263861879442,0.368343908546085,0.39238380416762
24.1687499999995,0,0.0695577838505564,0.0744263861879442,0.368341462016656,0.39238380416762
24.1749999999995,0,0.0695574722612426,0.0744263861879442,0.36833902265915,0.39238380416762
24.1812499999995,0,0.0695571615885017,0.0744263861879442,0.368336590452669,0.39238380416762
24.1874999999995,0,0.0695568518296412,0.0744263861879442,0.368334165376378,0.39238380416762
24.1937499999995,0,0.0695565429819766,0.0744263861879442,0.368331747409499,0.39238380416762
24.1999999999995,0,0.0695562350428311,0.0744263861879442,0.368329336531317,0.39238380416762
24.2062499999995,0,0.0695559280095358,0.0744263861879442,0.368326932721173,0.39238380416762
24.2124999999995,0,0.0695556218794297,0.0744263861879442,0.36832453595847,0.39238380416762
24.2187499999995,0,0.0695553166498596,0.0744263861879442,0.368322146222669,0.39238380416762
24.2249999999995,0,0.0695550123181798,0.0744263861879442,0.368319763493289,0.392383804167621
24.2312499999995,0,0.0695547088817528,0.0744263861879442,0.368317387749911,0.392383804167621
24.2374999999995,0,0.0695544063379484,0.0744263861879442,0.368315018972172,0.392383804167621
24.2437499999995,0,0.0695541046841444,0.0744263861879442,0.368312657139767,0.392383804167621
24.2499999999995,0,0.0695538039177262,0.0744263861879442,0.368310302232452,0.392383804167621
24.2562499999995,0,0.0695535040360868,0.0744263861879442,0.368307954230039,0.392383804167621
24.2624999999995,0,0.0695532050366268,0.0744263861879442,0.368305613112399,0.392383804167621
24.2687499999995,0,0.0695529069167547,0.0744263861879442,0.368303278859461,0.392383804167621
24.2749999999995,0,0.0695526096738862,0.0744263861879442,0.368300951451211,0.392383804167621
24.2812499999995,0,0.0695523133054448,0.0744263861879442,0.368298630867693,0.392383804167621
24.2874999999995,0,0.0695520178088616,0.0744263861879442,0.368296317089009,0.392383804167621
24.2937499999995,0,0.0695517231815751,0.0744263861879442,0.368294010095316,0.392383804167621
24.2999999999995,0,0.0695514294210313,0.0744263861879442,0.368291709866831,0.392383804167621
24.3062499999995,0,0.0695511365246837,0.0744263861879442,0.368289416383826,0.392383804167621
24.3124999999995,0,0.0695508444899934,0.0744263861879442,0.36828712962663,0.392383804167621
24.3187499999995,0,0.0695505533144288,0.0744263861879442,0.36828484957563,0.392383804167621
24.3249999999995,0,0.0695502629954657,0.0744263861879442,0.368282576211268,0.392383804167622
24.3312499999995,0,0.0695499735305874,0.0744263861879442,0.368280309514041,0.392383804167622
24.3374999999995,0,0.0695496849172845,0.0744263861879442,0.368278049464506,0.392383804167622
24.3437499999995,0,0.069549397153055,0.0744263861879442,0.368275796043272,0.392383804167622
24.3499999999995,0,0.0695491102354042,0.0744263861879442,0.368273549231007,0.392383804167622
24.3562499999995,0,0.0695488241618447,0.0744263861879442,0.368271309008431,0.392383804167622
24.3624999999995,0,0.0695485389298964,0.0744263861879442,0.368269075356325,0.392383804167622
24.3687499999995,0,0.0695482545370866,0.0744263861879442,0.368266848255519,0.392383804167622
24.3749999999995,0,0.0695479709809496,0.0744263861879442,0.368264627686903,0.392383804167622
24.3812499999995,0,0.0695476882590271,0.0744263861879442,0.368262413631419,0.392383804167622
24.3874999999995,0,0.0695474063688679,0.0744263861879442,0.368260206070067,0.392383804167622
24.3937499999995,0,0.0695471253080282,0.0744263861879442,0.368258004983898,0.392383804167622
24.3999999999995,0,0.0695468450740711,0.0744263861879442,0.368255810354021,0.392383804167622
24.4062499999995,0,0.0695465656645669,0.0744263861879442,0.368253622161597,0.392383804167622
24.4124999999995,0,0.0695462870770931,0.0744263861879442,0.368251440387842,0.392383804167622
24.4187499999995,0,0.0695460093092344,0.0744263861879442,0.368249265014028,0.392383804167622
24.4249999999995,0,0.0695457323585823,0.0744263861879442,0.368247096021477,0.392383804167622
24.4312499999995,0,0.0695454562227356,0.0744263861879442,0.368244933391569,0.392383804167622
24.4374999999995,0,0.0695451808993,0.0744263861879442,0.368242777105734,0.392383804167623
24.4437499999995,0,0.0695449063858884,0.0744263861879442,0.368240627145459,0.392383804167623
24.4499999999995,0,0.0695446326801203,0.0744263861879442,0.368238483492283,0.392383804167623
24.4562499999995,0,0.0695443597796227,0.0744263861879442,0.368236346127796,0.392383804167623
24.4624999999995,0,0.0695440876820292,0.0744263861879442,0.368234215033644,0.392383804167623
24.4687499999995,0,0.0695438163849804,0.0744263861879442,0.368232090191526,0.392383804167623
24.4749999999995,0,0.0695435458861239,0.0744263861879442,0.368229971583191,0.392383804167623
24.4812499999995,0,0.0695432761831142,0.0744263861879442,0.368227859190443,0.392383804167623
24.4874999999995,0,0.0695430072736126,0.0744263861879442,0.368225752995138,0.392383804167623
24.4937499999995,0,0.0695427391552872,0.0744263861879442,0.368223652979185,0.392383804167623
24.4999999999995,0,0.0695424718258131,0.0744263861879442,0.368221559124543,0.392383804167623
24.5062499999995,0,0.0695422052828721,0.0744263861879442,0.368219471413224,0.392383804167623
24.5124999999995,0,0.0695419395241528,0.0744263861879442,0.368217389827295,0.392383804167623
24.5187499999995,0,0.0695416745473507,0.0744263861879442,0.368215314348869,0.392383804167623
24.5249999999995,0,0.069541410350168,0.0744263861879442,0.368213244960116,0.392383804167623
24.5312499999995,0,0.0695411469303134,0.0744263861879442,0.368211181643254,0.392383804167623
24.5374999999995,0,0.0695408842855028,0.0744263861879442,0.368209124380553,0.392383804167623
24.5437499999995,0,0.0695406224134582,0.0744263861879442,0.368207073154336,0.392383804167623
24.5499999999995,0,0.0695403613119089,0.0744263861879442,0.368205027946975,0.392383804167623
24.5562499999995,0,0.0695401009785903,0.0744263861879442,0.368202988740893,0.392383804167623
24.5624999999995,0,0.0695398414112449,0.0744263861879442,0.368200955518566,0.392383804167623
24.5687499999995,0,0.0695395826076215,0.0744263861879442,0.368198928262517,0.392383804167624
24.5749999999995,0,0.0695393245654756,0.0744263861879442,0.368196906955323,0.392383804167624
24.5812499999995,0,0.0695390672825693,0.0744263861879442,0.368194891579608,0.392383804167624
24.5874999999995,0,0.0695388107566713,0.0744263861879442,0.36819288211805,0.392383804167624
24.5937499999995,0,0.0695385549855569,0.0744263861879442,0.368190878553374,0.392383804167624
24.5999999999995,0,0.0695382999670076,0.0744263861879442,0.368188880868355,0.392383804167624
24.6062499999995,0,0.0695380456988118,0.0744263861879442,0.368186889045819,0.392383804167624
24.6124999999995,0,0.0695377921787641,0.0744263861879442,0.368184903068642,0.392383804167624
24.6187499999995,0,0.0695375394046658,0.0744263861879442,0.368182922919748,0.392383804167624
24.6249999999995,0,0.0695372873743244,0.0744263861879442,0.368180948582112,0.392383804167624
24.6312499999995,0,0.069537036085554,0.0744263861879442,0.368178980038755,0.392383804167624
24.6374999999995,0,0.0695367855361751,0.0744263861879442,0.368177017272752,0.392383804167624
24.6437499999995,0,0.0695365357240147,0.0744263861879442,0.368175060267223,0.392383804167624
24.6499999999995,0,0.0695362866469057,0.0744263861879442,0.368173109005338,0.392383804167624
24.6562499999995,0,0.069536038302688,0.0744263861879442,0.368171163470315,0.392383804167624
24.6624999999995,0,0.0695357906892073,0.0744263861879442,0.368169223645422,0.392383804167624
24.6687499999995,0,0.069535543804316,0.0744263861879442,0.368167289513975,0.392383804167624
24.6749999999995,0,0.0695352976458726,0.0744263861879442,0.368165361059337,0.392383804167624
24.6812499999995,0,0.0695350522117418,0.0744263861879442,0.36816343826492,0.392383804167624
24.6874999999995,0,0.0695348074997948,0.0744263861879442,0.368161521114184,0.392383804167624
24.6937499999995,0,0.069534563507909,0.0744263861879442,0.368159609590637,0.392383804167624
24.6999999999995,0,0.0695343202339678,0.0744263861879442,0.368157703677834,0.392383804167624
24.7062499999995,0,0.069534077675861,0.0744263861879442,0.368155803359378,0.392383804167624
24.7124999999995,0,0.0695338358314846,0.0744263861879442,0.368153908618919,0.392383804167624
24.7187499999995,0,0.0695335946987406,0.0744263861879442,0.368152019440156,0.392383804167624
24.7249999999995,0,0.0695333542755375,0.0744263861879442,0.368150135806832,0.392383804167624
24.7312499999995,0,0.0695331145597894,0.0744263861879442,0.368148257702741,0.392383804167625
24.7374999999995,0,0.0695328755494171,0.0744263861879442,0.36814638511172,0.392383804167625
24.7437499999995,0,0.0695326372423471,0.0744263861879442,0.368144518017655,0.392383804167625
24.7499999999995,0,0.0695323996365121,0.0744263861879442,0.368142656404479,0.392383804167625
24.7562499999995,0,0.0695321627298508,0.0744263861879442,0.36814080025617,0.392383804167625
24.7624999999995,0,0.0695319265203082,0.0744263861879442,0.368138949556753,0.392383804167625
24.7687499999995,0,0.0695316910058351,0.0744263861879442,0.368137104290299,0.392383804167625
24.7749999999995,0,0.0695314561843882,0.0744263861879442,0.368135264440927,0.392383804167625
24.7812499999995,0,0.0695312220539305,0.0744263861879442,0.368133429992798,0.392383804167625
24.7874999999995,0,0.0695309886124308,0.0744263861879442,0.368131600930123,0.392383804167625
24.7937499999995,0,0.0695307558578638,0.0744263861879442,0.368129777237156,0.392383804167625
24.7999999999995,0,0.0695305237882104,0.0744263861879442,0.368127958898199,0.392383804167625
24.8062499999995,0,0.069530292401457,0.0744263861879442,0.368126145897596,0.392383804167625
24.8124999999995,0,0.0695300616955963,0.0744263861879442,0.368124338219739,0.392383804167625
24.8187499999995,0,0.0695298316686268,0.0744263861879442,0.368122535849066,0.392383804167625
24.8249999999995,0,0.0695296023185527,0.0744263861879442,0.368120738770056,0.392383804167625
24.8312499999995,0,0.0695293736433842,0.0744263861879442,0.368118946967238,0.392383804167625
24.8374999999995,0,0.0695291456411374,0.0744263861879442,0.368117160425181,0.392383804167625
24.8437499999995,0,0.069528918309834,0.0744263861879442,0.368115379128504,0.392383804167625
24.8499999999995,0,0.0695286916475016,0.0744263861879442,0.368113603061865,0.392383804167625
24.8562499999995,0,0.0695284656521738,0.0744263861879442,0.368111832209971,0.392383804167625
24.8624999999995,0,0.0695282403218896,0.0744263861879442,0.36811006655757,0.392383804167625
24.8687499999995,0,0.069528015654694,0.0744263861879442,0.368108306089456,0.392383804167625
24.8749999999995,0,0.0695277916486378,0.0744263861879442,0.368106550790467,0.392383804167625
24.8812499999995,0,0.0695275683017772,0.0744263861879442,0.368104800645484,0.392383804167625
24.8874999999995,0,0.0695273456121744,0.0744263861879442,0.368103055639433,0.392383804167625
24.8937499999995,0,0.0695271235778972,0.0744263861879442,0.368101315757283,0.392383804167625
24.8999999999995,0,0.069526902197019,0.0744263861879442,0.368099580984046,0.392383804167625
24.9062499999995,0,0.0695266814676189,0.0744263861879442,0.368097851304779,0.392383804167625
24.9124999999995,0,0.0695264613877816,0.0744263861879442,0.368096126704581,0.392383804167625
24.9187499999995,0,0.0695262419555976,0.0744263861879442,0.368094407168595,0.392383804167625
24.9249999999995,0,0.0695260231691628,0.0744263861879442,0.368092692682007,0.392383804167625
24.9312499999995,0,0.0695258050265787,0.0744263861879442,0.368090983230044,0.392383804167625
24.9374999999995,0,0.0695255875259525,0.0744263861879442,0.368089278797979,0.392383804167626
24.9437499999995,0,0.0695253706653968,0.0744263861879442,0.368087579371126,0.392383804167626
24.9499999999995,0,0.0695251544430299,0.0744263861879442,0.368085884934841,0.392383804167626
24.9562499999995,0,0.0695249388569754,0.0744263861879442,0.368084195474524,0.392383804167626
24.9624999999995,0,0.0695247239053626,0.0744263861879442,0.368082510975617,0.392383804167626
24.9687499999995,0,0.0695245095863263,0.0744263861879442,0.368080831423603,0.392383804167626
24.9749999999995,0,0.0695242958980066,0.0744263861879442,0.368079156804008,0.392383804167626
24.9812499999995,0,0.0695240828385493,0.0744263861879442,0.368077487102401,0.392383804167626
24.9874999999995,0,0.0695238704061053,0.0744263861879442,0.36807582230439,0.392383804167626
24.9937499999995,0,0.0695236585988313,0.0744263861879442,0.368074162395628,0.392383804167626
24.9999999999995,0,0.0695234474148892,0.0744263861879442,0.368072507361808,0.392383804167626
25.0062499999995,0,0.0695232368524463,0.0744263861879442,0.368070857188664,0.392383804167626
25.0124999999995,0,0.0695230269096752,0.0744263861879442,0.368069211861972,0.392383804167626
25.0187499999995,0,0.0695228175847542,0.0744263861879442,0.368067571367551,0.392383804167626
25.0249999999995,0,0.0695226088758666,0.0744263861879442,0.368065935691258,0.392383804167626
25.0312499999995,0,0.0695224007812011,0.0744263861879442,0.368064304818992,0.392383804167626
25.0374999999995,0,0.0695221932989519,0.0744263861879442,0.368062678736695,0.392383804167626
25.0437499999995,0,0.0695219864273183,0.0744263861879442,0.368061057430348,0.392383804167626
25.0499999999995,0,0.0695217801645048,0.0744263861879442,0.368059440885973,0.392383804167626
25.0562499999995,0,0.0695215745087216,0.0744263861879442,0.368057829089632,0.392383804167626
25.0624999999995,0,0.0695213694581836,0.0744263861879442,0.368056222027428,0.392383804167626
25.0687499999995,0,0.0695211650111114,0.0744263861879442,0.368054619685505,0.392383804167626
25.0749999999995,0,0.0695209611657306,0.0744263861879442,0.368053022050046,0.392383804167626
25.0812499999995,0,0.069520757920272,0.0744263861879442,0.368051429107275,0.392383804167626
25.0874999999995,0,0.0695205552729716,0.0744263861879442,0.368049840843456,0.392383804167626
25.0937499999995,0,0.0695203532220707,0.0744263861879442,0.368048257244892,0.392383804167626
25.0999999999995,0,0.0695201517658156,0.0744263861879442,0.368046678297928,0.392383804167626
25.1062499999995,0,0.0695199509024579,0.0744263861879442,0.368045103988945,0.392383804167626
25.1124999999995,0,0.0695197506302542,0.0744263861879442,0.368043534304366,0.392383804167626
25.1187499999995,0,0.0695195509474662,0.0744263861879442,0.368041969230654,0.392383804167626
25.1249999999995,0,0.0695193518523609,0.0744263861879442,0.36804040875431,0.392383804167626
25.1312499999995,0,0.0695191533432102,0.0744263861879442,0.368038852861875,0.392383804167626
25.1374999999995,0,0.069518955418291,0.0744263861879442,0.368037301539927,0.392383804167626
25.1437499999995,0,0.0695187580758857,0.0744263861879442,0.368035754775087,0.392383804167626
25.1499999999995,0,0.0695185613142811,0.0744263861879442,0.36803421255401,0.392383804167626
25.1562499999995,0,0.0695183651317696,0.0744263861879442,0.368032674863395,0.392383804167626
25.1624999999995,0,0.0695181695266483,0.0744263861879442,0.368031141689975,0.392383804167626
25.1687499999995,0,0.0695179744972193,0.0744263861879442,0.368029613020524,0.392383804167626
25.1749999999995,0,0.0695177800417898,0.0744263861879442,0.368028088841854,0.392383804167626
25.1812499999995,0,0.0695175861586719,0.0744263861879442,0.368026569140816,0.392383804167626
25.1874999999995,0,0.0695173928461827,0.0744263861879442,0.368025053904297,0.392383804167626
25.1937499999995,0,0.0695172001026442,0.0744263861879442,0.368023543119225,0.392383804167626
25.1999999999995,0,0.0695170079263834,0.0744263861879442,0.368022036772565,0.392383804167626
25.2062499999995,0,0.0695168163157321,0.0744263861879442,0.368020534851317,0.392383804167626
25.2124999999995,0,0.069516625269027,0.0744263861879442,0.368019037342524,0.392383804167627
25.2187499999995,0,0.0695164347846099,0.0744263861879442,0.368017544233262,0.392383804167627
25.2249999999995,0,0.0695162448608272,0.0744263861879442,0.368016055510648,0.392383804167627
25.2312499999995,0,0.0695160554960302,0.0744263861879442,0.368014571161834,0.392383804167627
25.2374999999995,0,0.0695158666885752,0.0744263861879442,0.36801309117401,0.392383804167627
25.2437499999995,0,0.0695156784368231,0.0744263861879442,0.368011615534405,0.392383804167627
25.2499999999995,0,0.0695154907391399,0.0744263861879442,0.368010144230283,0.392383804167627
25.2562499999995,0,0.0695153035938961,0.0744263861879442,0.368008677248945,0.392383804167627
25.2624999999995,0,0.0695151169994671,0.0744263861879442,0.36800721457773,0.392383804167627
25.2687499999995,0,0.0695149309542332,0.0744263861879442,0.368005756204015,0.392383804167627
25.2749999999995,0,0.0695147454565793,0.0744263861879442,0.36800430211521,0.392383804167627
25.2812499999995,0,0.069514560504895,0.0744263861879442,0.368002852298766,0.392383804167627
25.2874999999995,0,0.0695143760975749,0.0744263861879442,0.368001406742166,0.392383804167627
25.2937499999995,0,0.0695141922330179,0.0744263861879442,0.367999965432934,0.392383804167627
25.2999999999995,0,0.0695140089096279,0.0744263861879442,0.367998528358626,0.392383804167627
25.3062499999995,0,0.0695138261258134,0.0744263861879442,0.367997095506837,0.392383804167627
25.3124999999995,0,0.0695136438799877,0.0744263861879442,0.367995666865198,0.392383804167627
25.3187499999995,0,0.0695134621705685,0.0744263861879442,0.367994242421375,0.392383804167627
25.3249999999995,0,0.0695132809959784,0.0744263861879442,0.36799282216307,0.392383804167627
25.3312499999995,0,0.0695131003546444,0.0744263861879442,0.367991406078021,0.392383804167627
25.3374999999995,0,0.0695129202449983,0.0744263861879442,0.367989994154001,0.392383804167627
25.3437499999995,0,0.0695127406654765,0.0744263861879442,0.36798858637882,0.392383804167627
25.3499999999995,0,0.0695125616145198,0.0744263861879442,0.367987182740323,0.392383804167627
25.3562499999995,0,0.0695123830905738,0.0744263861879442,0.367985783226389,0.392383804167627
25.3624999999995,0,0.0695122050920886,0.0744263861879442,0.367984387824934,0.392383804167627
25.3687499999995,0,0.0695120276175187,0.0744263861879442,0.367982996523909,0.392383804167627
25.3749999999995,0,0.0695118506653234,0.0744263861879442,0.367981609311299,0.392383804167627
25.3812499999995,0,0.0695116742339663,0.0744263861879442,0.367980226175124,0.392383804167627
25.3874999999995,0,0.0695114983219156,0.0744263861879442,0.36797884710344,0.392383804167627
25.3937499999995,0,0.0695113229276441,0.0744263861879442,0.367977472084338,0.392383804167627
25.3999999999995,0,0.0695111480496289,0.0744263861879442,0.367976101105942,0.392383804167627
25.4062499999995,0,0.0695109736863516,0.0744263861879442,0.367974734156411,0.392383804167627
25.4124999999995,0,0.0695107998362984,0.0744263861879442,0.36797337122394,0.392383804167627
25.4187499999995,0,0.0695106264979599,0.0744263861879442,0.367972012296757,0.392383804167627
25.4249999999995,0,0.069510453669831,0.0744263861879442,0.367970657363124,0.392383804167627
25.4312499999995,0,0.0695102813504111,0.0744263861879442,0.367969306411338,0.392383804167627
25.4374999999995,0,0.0695101095382041,0.0744263861879442,0.36796795942973,0.392383804167627
25.4437499999995,0,0.0695099382317181,0.0744263861879442,0.367966616406665,0.392383804167627
25.4499999999995,0,0.0695097674294658,0.0744263861879442,0.367965277330541,0.392383804167627
25.4562499999995,0,0.0695095971299641,0.0744263861879442,0.367963942189791,0.392383804167627
25.4624999999995,0,0.0695094273317343,0.0744263861879442,0.367962610972881,0.392383804167627
25.4687499999995,0,0.0695092580333021,0.0744263861879442,0.36796128366831,0.392383804167627
25.4749999999995,0,0.0695090892331975,0.0744263861879442,0.367959960264613,0.392383804167627
25.4812499999995,0,0.0695089209299547,0.0744263861879442,0.367958640750356,0.392383804167627
25.4874999999995,0,0.0695087531221125,0.0744263861879442,0.367957325114138,0.392383804167627
25.4937499999995,0,0.0695085858082135,0.0744263861879442,0.367956013344593,0.392383804167627
25.4999999999995,0,0.0695084189868052,0.0744263861879442,0.367954705430387,0.392383804167627
25.5062499999995,0,0.0695082526564389,0.0744263861879442,0.367953401360219,0.392383804167627
25.5124999999995,0,0.0695080868156702,0.0744263861879442,0.367952101122822,0.392383804167627
25.5187499999995,0,0.0695079214630592,0.0744263861879442,0.36795080470696,0.392383804167627
25.5249999999995,0,0.0695077565971701,0.0744263861879442,0.367949512101432,0.392383804167627
25.5312499999995,0,0.0695075922165711,0.0744263861879442,0.367948223295068,0.392383804167627
25.5374999999995,0,0.0695074283198349,0.0744263861879442,0.36794693827673,0.392383804167627
25.5437499999995,0,0.0695072649055383,0.0744263861879442,0.367945657035315,0.392383804167627
25.5499999999995,0,0.0695071019722623,0.0744263861879442,0.36794437955975,0.392383804167627
25.5562499999995,0,0.0695069395185919,0.0744263861879442,0.367943105838994,0.392383804167627
25.5624999999995,0,0.0695067775431165,0.0744263861879442,0.367941835862041,0.392383804167627
25.5687499999995,0,0.0695066160444295,0.0744263861879442,0.367940569617915,0.392383804167627
25.5749999999995,0,0.0695064550211285,0.0744263861879442,0.367939307095671,0.392383804167627
25.5812499999995,0,0.0695062944718151,0.0744263861879442,0.367938048284398,0.392383804167627
25.5874999999995,0,0.0695061343950951,0.0744263861879442,0.367936793173216,0.392383804167627
25.5937499999995,0,0.0695059747895785,0.0744263861879442,0.367935541751278,0.392383804167627
25.5999999999995,0,0.0695058156538792,0.0744263861879442,0.367934294007765,0.392383804167627
25.6062499999995,0,0.0695056569866151,0.0744263861879442,0.367933049931893,0.392383804167627
25.6124999999995,0,0.0695054987864085,0.0744263861879442,0.367931809512908,0.392383804167627
25.6187499999995,0,0.0695053410518855,0.0744263861879442,0.367930572740088,0.392383804167627
25.6249999999995,0,0.0695051837816762,0.0744263861879442,0.367929339602742,0.392383804167627
25.6312499999995,0,0.0695050269744149,0.0744263861879442,0.36792811009021,0.392383804167627
25.6374999999995,0,0.0695048706287398,0.0744263861879442,0.367926884191863,0.392383804167627
25.6437499999995,0,0.069504714743293,0.0744263861879442,0.367925661897104,0.392383804167627
25.6499999999995,0,0.0695045593167208,0.0744263861879442,0.367924443195364,0.392383804167627
25.6562499999995,0,0.0695044043476734,0.0744263861879442,0.367923228076109,0.392383804167628
25.6624999999995,0,0.0695042498348049,0.0744263861879442,0.367922016528833,0.392383804167628
25.6687499999994,0,0.0695040957767735,0.0744263861879442,0.367920808543061,0.392383804167628
25.6749999999995,0,0.0695039421722411,0.0744263861879442,0.367919604108348,0.392383804167628
25.6812499999995,0,0.0695037890198737,0.0744263861879442,0.367918403214282,0.392383804167628
25.6874999999994,0,0.0695036363183412,0.0744263861879442,0.367917205850478,0.392383804167628
25.6937499999994,0,0.0695034840663175,0.0744263861879442,0.367916012006584,0.392383804167628
25.6999999999994,0,0.0695033322624802,0.0744263861879442,0.367914821672277,0.392383804167628
25.7062499999995,0,0.0695031809055109,0.0744263861879442,0.367913634837264,0.392383804167628
25.7124999999994,0,0.069503029994095,0.0744263861879442,0.367912451491282,0.392383804167628
25.7187499999994,0,0.0695028795269219,0.0744263861879442,0.367911271624098,0.392383804167628
25.7249999999994,0,0.0695027295026848,0.0744263861879442,0.36791009522551,0.392383804167628
25.7312499999994,0,0.0695025799200805,0.0744263861879442,0.367908922285344,0.392383804167628
25.7374999999994,0,0.06950243077781,0.0744263861879442,0.367907752793457,0.392383804167628
25.7437499999994,0,0.0695022820745779,0.0744263861879442,0.367906586739735,0.392383804167628
25.7499999999994,0,0.0695021338090927,0.0744263861879442,0.367905424114093,0.392383804167628
25.7562499999994,0,0.0695019859800666,0.0744263861879442,0.367904264906476,0.392383804167628
25.7624999999994,0,0.0695018385862156,0.0744263861879442,0.367903109106859,0.392383804167628
25.7687499999994,0,0.0695016916262596,0.0744263861879442,0.367901956705246,0.392383804167628
25.7749999999994,0,0.069501545098922,0.0744263861879442,0.367900807691669,0.392383804167628
25.7812499999994,0,0.0695013990029303,0.0744263861879442,0.367899662056189,0.392383804167628
25.7874999999994,0,0.0695012533370154,0.0744263861879442,0.367898519788899,0.392383804167628
25.7937499999994,0,0.0695011080999123,0.0744263861879442,0.367897380879917,0.392383804167628
25.7999999999994,0,0.0695009632903592,0.0744263861879442,0.367896245319393,0.392383804167628
25.8062499999994,0,0.0695008189070985,0.0744263861879442,0.367895113097503,0.392383804167628
25.8124999999994,0,0.0695006749488761,0.0744263861879442,0.367893984204454,0.392383804167628
25.8187499999994,0,0.0695005314144415,0.0744263861879442,0.36789285863048,0.392383804167628
25.8249999999994,0,0.069500388302548,0.0744263861879442,0.367891736365844,0.392383804167628
25.8312499999994,0,0.0695002456119525,0.0744263861879442,0.367890617400839,0.392383804167628
25.8374999999994,0,0.0695001033414156,0.0744263861879442,0.367889501725783,0.392383804167628
25.8437499999994,0,0.0694999614897015,0.0744263861879442,0.367888389331026,0.392383804167628
25.8499999999994,0,0.0694998200555781,0.0744263861879442,0.367887280206943,0.392383804167628
25.8562499999994,0,0.0694996790378168,0.0744263861879442,0.367886174343938,0.392383804167628
25.8624999999994,0,0.0694995384351927,0.0744263861879442,0.367885071732445,0.392383804167628
25.8687499999994,0,0.0694993982464845,0.0744263861879442,0.367883972362924,0.392383804167628
25.8749999999994,0,0.0694992584704744,0.0744263861879442,0.367882876225862,0.392383804167628
25.8812499999994,0,0.0694991191059483,0.0744263861879442,0.367881783311776,0.392383804167628
25.8874999999994,0,0.0694989801516955,0.0744263861879442,0.36788069361121,0.392383804167628
25.8937499999994,0,0.0694988416065092,0.0744263861879442,0.367879607114735,0.392383804167628
25.8999999999994,0,0.0694987034691857,0.0744263861879442,0.367878523812949,0.392383804167628
25.9062499999994,0,0.0694985657385251,0.0744263861879442,0.367877443696479,0.392383804167628
25.9124999999994,0,0.069498428413331,0.0744263861879442,0.367876366755979,0.392383804167628
25.9187499999994,0,0.0694982914924105,0.0744263861879442,0.367875292982129,0.392383804167628
25.9249999999994,0,0.0694981549745742,0.0744263861879442,0.367874222365638,0.392383804167628
25.9312499999994,0,0.0694980188586362,0.0744263861879442,0.367873154897242,0.392383804167628
25.9374999999994,0,0.069497883143414,0.0744263861879442,0.367872090567701,0.392383804167628
25.9437499999994,0,0.0694977478277287,0.0744263861879442,0.367871029367807,0.392383804167628
25.9499999999994,0,0.0694976129104048,0.0744263861879442,0.367869971288374,0.392383804167628
25.9562499999994,0,0.0694974783902704,0.0744263861879442,0.367868916320247,0.392383804167628
25.9624999999994,0,0.0694973442661567,0.0744263861879442,0.367867864454294,0.392383804167628
25.9687499999994,0,0.0694972105368986,0.0744263861879442,0.367866815681413,0.392383804167628
25.9749999999994,0,0.0694970772013345,0.0744263861879442,0.367865769992526,0.392383804167628
25.9812499999994,0,0.069496944258306,0.0744263861879442,0.367864727378584,0.392383804167628
25.9874999999994,0,0.0694968117066581,0.0744263861879442,0.367863687830562,0.392383804167628
25.9937499999994,0,0.0694966795452395,0.0744263861879442,0.367862651339462,0.392383804167628
25.9999999999994,0,0.0694965477729019,0.0744263861879442,0.367861617896314,0.392383804167628
26.0062499999994,0,0.0694964163885005,0.0744263861879442,0.367860587492171,0.392383804167628
26.0124999999994,0,0.0694962853908941,0.0744263861879442,0.367859560118116,0.392383804167628
26.0187499999994,0,0.0694961547789445,0.0744263861879442,0.367858535765256,0.392383804167628
26.0249999999994,0,0.069496024551517,0.0744263861879442,0.367857514424722,0.392383804167628
26.0312499999994,0,0.0694958947074803,0.0744263861879442,0.367856496087675,0.392383804167628
26.0374999999994,0,0.0694957652457064,0.0744263861879442,0.3678554807453,0.392383804167628
26.0437499999994,0,0.0694956361650705,0.0744263861879442,0.367854468388806,0.392383804167628
26.0499999999994,0,0.0694955074644513,0.0744263861879442,0.36785345900943,0.392383804167628
26.0562499999994,0,0.0694953791427305,0.0744263861879442,0.367852452598434,0.392383804167628
26.0624999999994,0,0.0694952511987933,0.0744263861879442,0.367851449147106,0.392383804167628
26.0687499999994,0,0.0694951236315283,0.0744263861879442,0.367850448646758,0.392383804167628
26.0749999999994,0,0.0694949964398271,0.0744263861879442,0.367849451088728,0.392383804167628
26.0812499999994,0,0.0694948696225846,0.0744263861879442,0.367848456464381,0.392383804167628
26.0874999999994,0,0.0694947431786991,0.0744263861879442,0.367847464765104,0.392383804167628
26.0937499999994,0,0.0694946171070721,0.0744263861879442,0.367846475982313,0.392383804167628
26.0999999999994,0,0.0694944914066082,0.0744263861879442,0.367845490107446,0.392383804167628
26.1062499999994,0,0.0694943660762152,0.0744263861879442,0.367844507131966,0.392383804167628
26.1124999999994,0,0.0694942411148045,0.0744263861879442,0.367843527047364,0.392383804167628
26.1187499999994,0,0.0694941165212901,0.0744263861879442,0.367842549845153,0.392383804167628
26.1249999999994,0,0.0694939922945897,0.0744263861879442,0.367841575516873,0.392383804167628
26.1312499999994,0,0.0694938684336239,0.0744263861879442,0.367840604054085,0.392383804167628
26.1374999999994,0,0.0694937449373165,0.0744263861879442,0.367839635448379,0.392383804167628
26.1437499999994,0,0.0694936218045947,0.0744263861879442,0.367838669691368,0.392383804167628
26.1499999999994,0,0.0694934990343885,0.0744263861879442,0.367837706774688,0.392383804167628
26.1562499999994,0,0.0694933766256312,0.0744263861879442,0.367836746690001,0.392383804167628
26.1624999999994,0,0.0694932545772594,0.0744263861879442,0.367835789428994,0.392383804167628
26.1687499999994,0,0.0694931328882126,0.0744263861879442,0.367834834983377,0.392383804167628
26.1749999999994,0,0.0694930115574334,0.0744263861879442,0.367833883344884,0.392383804167628
26.1812499999994,0,0.0694928905838678,0.0744263861879442,0.367832934505274,0.392383804167628
26.1874999999994,0,0.0694927699664645,0.0744263861879442,0.367831988456331,0.392383804167628
26.1937499999994,0,0.0694926497041757,0.0744263861879442,0.367831045189861,0.392383804167628
26.1999999999994,0,0.0694925297959562,0.0744263861879442,0.367830104697695,0.392383804167628
26.2062499999994,0,0.0694924102407644,0.0744263861879442,0.367829166971687,0.392383804167628
26.2124999999994,0,0.0694922910375613,0.0744263861879442,0.367828232003717,0.392383804167628
26.2187499999994,0,0.0694921721853113,0.0744263861879442,0.367827299785687,0.392383804167628
26.2249999999994,0,0.0694920536829816,0.0744263861879442,0.367826370309522,0.392383804167628
26.2312499999994,0,0.0694919355295426,0.0744263861879442,0.367825443567173,0.392383804167628
26.2374999999994,0,0.0694918177239676,0.0744263861879442,0.367824519550613,0.392383804167628
26.2437499999994,0,0.0694917002652331,0.0744263861879442,0.367823598251838,0.392383804167628
26.2499999999994,0,0.0694915831523184,0.0744263861879442,0.367822679662868,0.392383804167628
26.2562499999994,0,0.0694914663842059,0.0744263861879442,0.367821763775747,0.392383804167628
26.2624999999994,0,0.0694913499598809,0.0744263861879442,0.367820850582542,0.392383804167628
26.2687499999994,0,0.0694912338783319,0.0744263861879442,0.367819940075342,0.392383804167628
26.2749999999994,0,0.0694911181385503,0.0744263861879442,0.36781903224626,0.392383804167628
26.2812499999994,0,0.0694910027395301,0.0744263861879442,0.367818127087433,0.392383804167628
26.2874999999994,0,0.0694908876802688,0.0744263861879442,0.36781722459102,0.392383804167628
26.2937499999994,0,0.0694907729597666,0.0744263861879442,0.367816324749203,0.392383804167628
26.2999999999994,0,0.0694906585770266,0.0744263861879442,0.367815427554186,0.392383804167628
26.3062499999994,0,0.0694905445310548,0.0744263861879442,0.367814532998197,0.392383804167628
26.3124999999994,0,0.0694904308208603,0.0744263861879442,0.367813641073487,0.392383804167628
26.3187499999994,0,0.069490317445455,0.0744263861879442,0.367812751772329,0.392383804167628
26.3249999999994,0,0.0694902044038536,0.0744263861879442,0.367811865087019,0.392383804167628
26.3312499999994,0,0.0694900916950739,0.0744263861879442,0.367810981009875,0.392383804167628
26.3374999999994,0,0.0694899793181366,0.0744263861879442,0.367810099533238,0.392383804167628
26.3437499999994,0,0.069489867272065,0.0744263861879442,0.36780922064947,0.392383804167628
26.3499999999994,0,0.0694897555558856,0.0744263861879442,0.367808344350958,0.392383804167628
26.3562499999994,0,0.0694896441686275,0.0744263861879442,0.367807470630109,0.392383804167628
26.3624999999994,0,0.0694895331093227,0.0744263861879442,0.367806599479354,0.392383804167628
26.3687499999994,0,0.0694894223770063,0.0744263861879442,0.367805730891143,0.392383804167628
26.3749999999994,0,0.069489311970716,0.0744263861879442,0.367804864857953,0.392383804167628
26.3812499999994,0,0.0694892018894922,0.0744263861879442,0.367804001372278,0.392383804167628
26.3874999999994,0,0.0694890921323786,0.0744263861879442,0.367803140426638,0.392383804167628
26.3937499999994,0,0.0694889826984211,0.0744263861879442,0.367802282013572,0.392383804167628
26.3999999999994,0,0.0694888735866689,0.0744263861879442,0.367801426125642,0.392383804167628
26.4062499999994,0,0.0694887647961737,0.0744263861879442,0.367800572755432,0.392383804167628
26.4124999999994,0,0.0694886563259902,0.0744263861879442,0.367799721895547,0.392383804167628
26.4187499999994,0,0.0694885481751758,0.0744263861879442,0.367798873538615,0.392383804167628
26.4249999999994,0,0.0694884403427905,0.0744263861879442,0.367798027677285,0.392383804167628
26.4312499999994,0,0.0694883328278973,0.0744263861879442,0.367797184304225,0.392383804167628
26.4374999999994,0,0.0694882256295618,0.0744263861879442,0.367796343412129,0.392383804167628
26.4437499999994,0,0.0694881187468526,0.0744263861879442,0.367795504993708,0.392383804167628
26.4499999999994,0,0.0694880121788406,0.0744263861879442,0.367794669041698,0.392383804167628
26.4562499999994,0,0.0694879059245998,0.0744263861879442,0.367793835548853,0.392383804167628
26.4624999999994,0,0.0694877999832068,0.0744263861879442,0.367793004507952,0.392383804167628
26.4687499999994,0,0.069487694353741,0.0744263861879442,0.367792175911791,0.392383804167628
26.4749999999994,0,0.0694875890352843,0.0744263861879442,0.36779134975319,0.392383804167628
26.4812499999994,0,0.0694874840269214,0.0744263861879442,0.367790526024989,0.392383804167628
26.4874999999994,0,0.0694873793277399,0.0744263861879442,0.367789704720049,0.392383804167628
26.4937499999994,0,0.0694872749368297,0.0744263861879442,0.367788885831251,0.392383804167628
26.4999999999994,0,0.0694871708532837,0.0744263861879442,0.3677880693515,0.392383804167628
26.5062499999994,0,0.0694870670761973,0.0744263861879442,0.367787255273717,0.392383804167628
26.5124999999994,0,0.0694869636046686,0.0744263861879442,0.367786443590848,0.392383804167628
26.5187499999994,0,0.0694868604377984,0.0744263861879442,0.367785634295857,0.392383804167628
26.5249999999994,0,0.06948675757469,0.0744263861879442,0.36778482738173,0.392383804167628
26.5312499999994,0,0.0694866550144495,0.0744263861879442,0.367784022841473,0.392383804167628
26.5374999999994,0,0.0694865527561856,0.0744263861879442,0.367783220668112,0.392383804167628
26.5437499999994,0,0.0694864507990095,0.0744263861879442,0.367782420854695,0.392383804167628
26.5499999999994,0,0.0694863491420351,0.0744263861879442,0.367781623394289,0.392383804167628
26.5562499999994,0,0.069486247784379,0.0744263861879442,0.367780828279981,0.392383804167628
26.5624999999994,0,0.0694861467251602,0.0744263861879442,0.36778003550488,0.392383804167628
26.5687499999994,0,0.0694860459635004,0.0744263861879442,0.367779245062113,0.392383804167628
26.5749999999994,0,0.0694859454985239,0.0744263861879442,0.367778456944828,0.392383804167628
26.5812499999994,0,0.0694858453293575,0.0744263861879442,0.367777671146194,0.392383804167628
26.5874999999994,0,0.0694857454551306,0.0744263861879442,0.367776887659399,0.392383804167628
26.5937499999994,0,0.0694856458749753,0.0744263861879442,0.367776106477651,0.392383804167628
26.5999999999994,0,0.0694855465880261,0.0744263861879442,0.367775327594178,0.392383804167628
26.6062499999994,0,0.0694854475934199,0.0744263861879442,0.367774551002229,0.392383804167628
26.6124999999994,0,0.0694853488902965,0.0744263861879442,0.36777377669507,0.392383804167628
26.6187499999994,0,0.069485250477798,0.0744263861879442,0.36777300466599,0.392383804167628
26.6249999999994,0,0.069485152355069,0.0744263861879442,0.367772234908295,0.392383804167628
26.6312499999994,0,0.0694850545212566,0.0744263861879442,0.367771467415312,0.392383804167628
26.6374999999994,0,0.0694849569755107,0.0744263861879442,0.367770702180387,0.392383804167628
26.6437499999994,0,0.0694848597169833,0.0744263861879442,0.367769939196886,0.392383804167628
26.6499999999994,0,0.0694847627448292,0.0744263861879442,0.367769178458194,0.392383804167628
26.6562499999994,0,0.0694846660582055,0.0744263861879442,0.367768419957716,0.392383804167628
26.6624999999994,0,0.0694845696562719,0.0744263861879442,0.367767663688875,0.392383804167628
26.6687499999994,0,0.0694844735381903,0.0744263861879442,0.367766909645115,0.392383804167628
26.6749999999994,0,0.0694843777031256,0.0744263861879442,0.367766157819897,0.392383804167628
26.6812499999994,0,0.0694842821502446,0.0744263861879442,0.367765408206704,0.392383804167628
26.6874999999994,0,0.0694841868787169,0.0744263861879442,0.367764660799036,0.392383804167628
26.6937499999994,0,0.0694840918877143,0.0744263861879442,0.367763915590412,0.392383804167628
26.6999999999994,0,0.0694839971764113,0.0744263861879442,0.367763172574371,0.392383804167628
26.7062499999994,0,0.0694839027439845,0.0744263861879442,0.367762431744471,0.392383804167628
26.7124999999994,0,0.0694838085896134,0.0744263861879442,0.367761693094288,0.392383804167629
26.7187499999994,0,0.0694837147124793,0.0744263861879442,0.367760956617417,0.392383804167629
26.7249999999994,0,0.0694836211117665,0.0744263861879442,0.367760222307472,0.392383804167629
26.7312499999994,0,0.0694835277866612,0.0744263861879442,0.367759490158085,0.392383804167629
26.7374999999994,0,0.0694834347363524,0.0744263861879442,0.367758760162909,0.392383804167629
26.7437499999994,0,0.0694833419600313,0.0744263861879442,0.367758032315613,0.392383804167629
26.7499999999994,0,0.0694832494568913,0.0744263861879442,0.367757306609886,0.392383804167629
26.7562499999994,0,0.0694831572261285,0.0744263861879442,0.367756583039434,0.392383804167629
26.7624999999994,0,0.0694830652669412,0.0744263861879442,0.367755861597983,0.392383804167629
26.7687499999994,0,0.0694829735785301,0.0744263861879442,0.367755142279277,0.392383804167629
26.7749999999994,0,0.0694828821600982,0.0744263861879442,0.367754425077078,0.392383804167629
26.7812499999994,0,0.0694827910108508,0.0744263861879442,0.367753709985166,0.392383804167629
26.7874999999994,0,0.0694827001299958,0.0744263861879442,0.36775299699734,0.392383804167629
26.7937499999994,0,0.069482609516743,0.0744263861879442,0.367752286107417,0.392383804167629
26.7999999999994,0,0.069482519170305,0.0744263861879442,0.367751577309231,0.392383804167629
26.8062499999994,0,0.0694824290898963,0.0744263861879442,0.367750870596636,0.392383804167629
26.8124999999994,0,0.0694823392747339,0.0744263861879442,0.367750165963503,0.392383804167629
26.8187499999994,0,0.0694822497240372,0.0744263861879442,0.367749463403721,0.392383804167629
26.8249999999994,0,0.0694821604370278,0.0744263861879442,0.367748762911196,0.392383804167629
26.8312499999994,0,0.0694820714129294,0.0744263861879442,0.367748064479854,0.392383804167629
26.8374999999994,0,0.0694819826509683,0.0744263861879442,0.367747368103637,0.392383804167629
26.8437499999994,0,0.0694818941503729,0.0744263861879442,0.367746673776504,0.392383804167629
26.8499999999994,0,0.0694818059103739,0.0744263861879442,0.367745981492435,0.392383804167629
26.8562499999994,0,0.0694817179302042,0.0744263861879442,0.367745291245425,0.392383804167629
26.8624999999994,0,0.0694816302090992,0.0744263861879442,0.367744603029487,0.392383804167629
26.8687499999994,0,0.0694815427462962,0.0744263861879442,0.367743916838652,0.392383804167629
26.8749999999994,0,0.069481455541035,0.0744263861879442,0.367743232666968,0.392383804167629
26.8812499999994,0,0.0694813685925575,0.0744263861879442,0.367742550508501,0.392383804167629
26.8874999999994,0,0.0694812819001079,0.0744263861879442,0.367741870357334,0.392383804167629
26.8937499999994,0,0.0694811954629326,0.0744263861879442,0.367741192207568,0.392383804167629
26.8999999999994,0,0.0694811092802803,0.0744263861879442,0.36774051605332,0.392383804167629
26.9062499999994,0,0.0694810233514017,0.0744263861879442,0.367739841888726,0.392383804167629
26.9124999999994,0,0.0694809376755499,0.0744263861879442,0.367739169707937,0.392383804167629
26.9187499999994,0,0.0694808522519801,0.0744263861879442,0.367738499505123,0.392383804167629
26.9249999999994,0,0.0694807670799497,0.0744263861879442,0.367737831274471,0.392383804167629
26.9312499999994,0,0.0694806821587184,0.0744263861879442,0.367737165010183,0.392383804167629
26.9374999999994,0,0.0694805974875479,0.0744263861879442,0.367736500706481,0.392383804167629
26.9437499999994,0,0.0694805130657022,0.0744263861879442,0.367735838357601,0.392383804167629
26.9499999999994,0,0.0694804288924473,0.0744263861879442,0.367735177957799,0.392383804167629
26.9562499999994,0,0.0694803449670517,0.0744263861879442,0.367734519501345,0.392383804167629
26.9624999999994,0,0.0694802612887856,0.0744263861879442,0.367733862982527,0.392383804167629
26.9687499999994,0,0.0694801778569217,0.0744263861879442,0.367733208395651,0.392383804167629
26.9749999999994,0,0.0694800946707347,0.0744263861879442,0.367732555735036,0.392383804167629
26.9812499999994,0,0.0694800117295014,0.0744263861879442,0.367731904995023,0.392383804167629
26.9874999999994,0,0.0694799290325008,0.0744263861879442,0.367731256169964,0.392383804167629
26.9937499999994,0,0.069479846579014,0.0744263861879442,0.367730609254231,0.392383804167629
26.9999999999994,0,0.0694797643683242,0.0744263861879442,0.367729964242213,0.392383804167629
27.0062499999994,0,0.0694796823997167,0.0744263861879442,0.367729321128313,0.392383804167629
27.0124999999994,0,0.069479600672479,0.0744263861879442,0.367728679906951,0.392383804167629
27.0187499999994,0,0.0694795191859005,0.0744263861879442,0.367728040572566,0.392383804167629
27.0249999999994,0,0.0694794379392729,0.0744263861879442,0.367727403119609,0.392383804167629
27.0312499999994,0,0.0694793569318899,0.0744263861879442,0.367726767542551,0.392383804167629
27.0374999999994,0,0.0694792761630471,0.0744263861879442,0.367726133835876,0.392383804167629
27.0437499999994,0,0.0694791956320425,0.0744263861879442,0.367725501994089,0.392383804167629
27.0499999999994,0,0.069479115338176,0.0744263861879442,0.367724872011705,0.392383804167629
27.0562499999994,0,0.0694790352807495,0.0744263861879442,0.367724243883259,0.392383804167629
27.0624999999994,0,0.069478955459067,0.0744263861879442,0.367723617603302,0.392383804167629
27.0687499999994,0,0.0694788758724346,0.0744263861879442,0.3677229931664,0.392383804167629
27.0749999999994,0,0.0694787965201605,0.0744263861879442,0.367722370567134,0.392383804167629
27.0812499999994,0,0.0694787174015546,0.0744263861879442,0.367721749800102,0.392383804167629
27.0874999999994,0,0.0694786385159293,0.0744263861879442,0.367721130859919,0.392383804167629
27.0937499999994,0,0.0694785598625987,0.0744263861879442,0.367720513741214,0.392383804167629
27.0999999999994,0,0.069478481440879,0.0744263861879442,0.367719898438632,0.392383804167629
27.1062499999994,0,0.0694784032500884,0.0744263861879442,0.367719284946834,0.392383804167629
27.1124999999994,0,0.0694783252895472,0.0744263861879442,0.367718673260497,0.392383804167629
27.1187499999994,0,0.0694782475585775,0.0744263861879442,0.367718063374314,0.392383804167629
27.1249999999994,0,0.0694781700565037,0.0744263861879442,0.367717455282991,0.392383804167629
27.1312499999994,0,0.0694780927826519,0.0744263861879442,0.367716848981253,0.392383804167629
27.1374999999994,0,0.0694780157363502,0.0744263861879442,0.367716244463839,0.392383804167629
27.1437499999994,0,0.0694779389169289,0.0744263861879442,0.367715641725502,0.392383804167629
27.1499999999994,0,0.0694778623237202,0.0744263861879442,0.367715040761012,0.392383804167629
27.1562499999994,0,0.069477785956058,0.0744263861879442,0.367714441565155,0.392383804167629
27.1624999999994,0,0.0694777098132785,0.0744263861879442,0.367713844132731,0.392383804167629
27.1687499999994,0,0.0694776338947196,0.0744263861879442,0.367713248458555,0.392383804167629
27.1749999999994,0,0.0694775581997214,0.0744263861879442,0.367712654537458,0.392383804167629
27.1812499999994,0,0.0694774827276257,0.0744263861879442,0.367712062364287,0.392383804167629
27.1874999999994,0,0.0694774074777763,0.0744263861879442,0.367711471933901,0.392383804167629
27.1937499999994,0,0.0694773324495191,0.0744263861879442,0.367710883241178,0.392383804167629
27.1999999999994,0,0.0694772576422018,0.0744263861879442,0.367710296281009,0.392383804167629
27.2062499999994,0,0.0694771830551738,0.0744263861879442,0.367709711048299,0.392383804167629
27.2124999999994,0,0.0694771086877868,0.0744263861879442,0.36770912753797,0.392383804167629
27.2187499999994,0,0.0694770345393942,0.0744263861879442,0.367708545744958,0.392383804167629
27.2249999999994,0,0.0694769606093514,0.0744263861879442,0.367707965664213,0.392383804167629
27.2312499999994,0,0.0694768868970154,0.0744263861879442,0.367707387290702,0.392383804167629
27.2374999999994,0,0.0694768134017456,0.0744263861879442,0.367706810619404,0.392383804167629
27.2437499999994,0,0.0694767401229028,0.0744263861879442,0.367706235645316,0.392383804167629
27.2499999999994,0,0.06947666705985,0.0744263861879442,0.367705662363446,0.392383804167629
27.2562499999994,0,0.069476594211952,0.0744263861879442,0.36770509076882,0.392383804167629
27.2624999999994,0,0.0694765215785753,0.0744263861879442,0.367704520856476,0.392383804167629
27.2687499999994,0,0.0694764491590884,0.0744263861879442,0.367703952621469,0.392383804167629
27.2749999999994,0,0.0694763769528618,0.0744263861879442,0.367703386058865,0.392383804167629
27.2812499999994,0,0.0694763049592675,0.0744263861879442,0.367702821163749,0.392383804167629
27.2874999999994,0,0.0694762331776797,0.0744263861879442,0.367702257931217,0.392383804167629
27.2937499999994,0,0.0694761616074742,0.0744263861879442,0.36770169635638,0.392383804167629
27.2999999999994,0,0.0694760902480288,0.0744263861879442,0.367701136434364,0.392383804167629
27.3062499999994,0,0.069476019098723,0.0744263861879442,0.367700578160309,0.392383804167629
27.3124999999994,0,0.0694759481589383,0.0744263861879442,0.367700021529371,0.392383804167629
27.3187499999994,0,0.0694758774280577,0.0744263861879442,0.367699466536716,0.392383804167629
27.3249999999994,0,0.0694758069054664,0.0744263861879442,0.367698913177529,0.392383804167629
27.3312499999994,0,0.0694757365905511,0.0744263861879442,0.367698361447005,0.392383804167629
27.3374999999994,0,0.0694756664827006,0.0744263861879442,0.367697811340357,0.392383804167629
27.3437499999994,0,0.0694755965813051,0.0744263861879442,0.367697262852808,0.392383804167629
27.3499999999994,0,0.069475526885757,0.0744263861879442,0.367696715979599,0.392383804167629
27.3562499999994,0,0.0694754573954502,0.0744263861879442,0.367696170715981,0.392383804167629
27.3624999999994,0,0.0694753881097805,0.0744263861879442,0.367695627057222,0.392383804167629
27.3687499999994,0,0.0694753190281456,0.0744263861879442,0.367695084998604,0.392383804167629
27.3749999999994,0,0.0694752501499447,0.0744263861879442,0.367694544535419,0.392383804167629
27.3812499999994,0,0.069475181474579,0.0744263861879442,0.367694005662978,0.392383804167629
27.3874999999994,0,0.0694751130014514,0.0744263861879442,0.367693468376602,0.392383804167629
27.3937499999994,0,0.0694750447299664,0.0744263861879442,0.367692932671627,0.392383804167629
27.3999999999994,0,0.0694749766595304,0.0744263861879442,0.367692398543403,0.392383804167629
27.4062499999994,0,0.0694749087895516,0.0744263861879442,0.367691865987294,0.392383804167629
27.4124999999994,0,0.0694748411194399,0.0744263861879442,0.367691334998676,0.392383804167629
27.4187499999993,0,0.0694747736486068,0.0744263861879442,0.367690805572939,0.392383804167629
27.4249999999994,0,0.0694747063764657,0.0744263861879442,0.367690277705489,0.392383804167629
27.4312499999994,0,0.0694746393024317,0.0744263861879442,0.367689751391741,0.392383804167629
27.4374999999993,0,0.0694745724259214,0.0744263861879442,0.367689226627128,0.392383804167629
27.4437499999993,0,0.0694745057463536,0.0744263861879442,0.367688703407094,0.392383804167629
27.4499999999993,0,0.0694744392631482,0.0744263861879442,0.367688181727096,0.392383804167629
27.4562499999994,0,0.0694743729757273,0.0744263861879442,0.367687661582605,0.392383804167629
27.4624999999993,0,0.0694743068835145,0.0744263861879442,0.367687142969107,0.392383804167629
27.4687499999993,0,0.069474240985935,0.0744263861879442,0.367686625882098,0.392383804167629
27.4749999999993,0,0.069474175282416,0.0744263861879442,0.367686110317089,0.392383804167629
27.4812499999993,0,0.069474109772386,0.0744263861879442,0.367685596269605,0.392383804167629
27.4874999999993,0,0.0694740444552755,0.0744263861879442,0.367685083735182,0.392383804167629
27.4937499999993,0,0.0694739793305164,0.0744263861879442,0.367684572709372,0.392383804167629
27.4999999999993,0,0.0694739143975426,0.0744263861879442,0.367684063187736,0.392383804167629
27.5062499999993,0,0.0694738496557893,0.0744263861879442,0.367683555165853,0.392383804167629
27.5124999999993,0,0.0694737851046937,0.0744263861879442,0.36768304863931,0.392383804167629
27.5187499999993,0,0.0694737207436944,0.0744263861879442,0.36768254360371,0.392383804167629
27.5249999999993,0,0.0694736565722318,0.0744263861879442,0.367682040054669,0.392383804167629
27.5312499999993,0,0.0694735925897479,0.0744263861879442,0.367681537987814,0.392383804167629
27.5374999999993,0,0.0694735287956863,0.0744263861879442,0.367681037398786,0.392383804167629
27.5437499999993,0,0.0694734651894924,0.0744263861879442,0.36768053828324,0.392383804167629
27.5499999999993,0,0.0694734017706129,0.0744263861879442,0.367680040636841,0.392383804167629
27.5562499999993,0,0.0694733385384965,0.0744263861879442,0.367679544455269,0.392383804167629
27.5624999999993,0,0.0694732754925933,0.0744263861879442,0.367679049734215,0.392383804167629
27.5687499999993,0,0.0694732126323551,0.0744263861879442,0.367678556469385,0.392383804167629
27.5749999999993,0,0.0694731499572353,0.0744263861879442,0.367678064656495,0.392383804167629
27.5812499999993,0,0.0694730874666888,0.0744263861879442,0.367677574291274,0.392383804167629
27.5874999999993,0,0.0694730251601724,0.0744263861879442,0.367677085369466,0.392383804167629
27.5937499999993,0,0.0694729630371441,0.0744263861879442,0.367676597886825,0.392383804167629
27.5999999999993,0,0.0694729010970638,0.0744263861879442,0.367676111839118,0.392383804167629
27.6062499999993,0,0.0694728393393928,0.0744263861879442,0.367675627222124,0.392383804167629
27.6124999999993,0,0.0694727777635942,0.0744263861879442,0.367675144031637,0.392383804167629
27.6187499999993,0,0.0694727163691325,0.0744263861879442,0.367674662263459,0.392383804167629
27.6249999999993,0,0.0694726551554738,0.0744263861879442,0.367674181913409,0.392383804167629
27.6312499999993,0,0.0694725941220857,0.0744263861879442,0.367673702977314,0.392383804167629
27.6374999999993,0,0.0694725332684377,0.0744263861879442,0.367673225451016,0.392383804167629
27.6437499999993,0,0.0694724725940004,0.0744263861879442,0.367672749330369,0.392383804167629
27.6499999999993,0,0.0694724120982463,0.0744263861879442,0.367672274611238,0.392383804167629
27.6562499999993,0,0.0694723517806494,0.0744263861879442,0.3676718012895,0.392383804167629
27.6624999999993,0,0.069472291640685,0.0744263861879442,0.367671329361047,0.392383804167629
27.6687499999993,0,0.0694722316778302,0.0744263861879442,0.367670858821778,0.392383804167629
27.6749999999993,0,0.0694721718915636,0.0744263861879442,0.36767038966761,0.392383804167629
27.6812499999993,0,0.0694721122813653,0.0744263861879442,0.367669921894467,0.392383804167629
27.6874999999993,0,0.0694720528467169,0.0744263861879442,0.367669455498287,0.392383804167629
27.6937499999993,0,0.0694719935871015,0.0744263861879442,0.367668990475021,0.392383804167629
27.6999999999993,0,0.0694719345020039,0.0744263861879442,0.367668526820629,0.392383804167629
27.7062499999993,0,0.0694718755909102,0.0744263861879442,0.367668064531087,0.392383804167629
27.7124999999993,0,0.0694718168533082,0.0744263861879442,0.367667603602378,0.392383804167629
27.7187499999993,0,0.069471758288687,0.0744263861879442,0.367667144030501,0.392383804167629
27.7249999999993,0,0.0694716998965373,0.0744263861879442,0.367666685811463,0.392383804167629
27.7312499999993,0,0.0694716416763514,0.0744263861879442,0.367666228941287,0.392383804167629
27.7374999999993,0,0.0694715836276229,0.0744263861879442,0.367665773416004,0.392383804167629
27.7437499999993,0,0.0694715257498472,0.0744263861879442,0.367665319231658,0.392383804167629
27.7499999999993,0,0.0694714680425208,0.0744263861879442,0.367664866384305,0.392383804167629
27.7562499999993,0,0.0694714105051418,0.0744263861879442,0.367664414870012,0.392383804167629
27.7624999999993,0,0.0694713531372101,0.0744263861879442,0.367663964684859,0.392383804167629
27.7687499999993,0,0.0694712959382266,0.0744263861879442,0.367663515824934,0.392383804167629
27.7749999999993,0,0.0694712389076939,0.0744263861879442,0.36766306828634,0.392383804167629
27.7812499999993,0,0.0694711820451162,0.0744263861879442,0.367662622065191,0.392383804167629
27.7874999999993,0,0.0694711253499988,0.0744263861879442,0.36766217715761,0.392383804167629
27.7937499999993,0,0.0694710688218487,0.0744263861879442,0.367661733559735,0.392383804167629
27.7999999999993,0,0.0694710124601745,0.0744263861879442,0.367661291267711,0.392383804167629
27.8062499999993,0,0.0694709562644858,0.0744263861879442,0.367660850277698,0.392383804167629
27.8124999999993,0,0.069470900234294,0.0744263861879442,0.367660410585867,0.392383804167629
27.8187499999993,0,0.0694708443691119,0.0744263861879442,0.367659972188397,0.392383804167629
27.8249999999993,0,0.0694707886684536,0.0744263861879442,0.367659535081482,0.392383804167629
27.8312499999993,0,0.0694707331318347,0.0744263861879442,0.367659099261324,0.392383804167629
27.8374999999993,0,0.0694706777587722,0.0744263861879442,0.36765866472414,0.392383804167629
27.8437499999993,0,0.0694706225487847,0.0744263861879442,0.367658231466155,0.392383804167629
27.8499999999993,0,0.0694705675013918,0.0744263861879442,0.367657799483605,0.392383804167629
27.8562499999993,0,0.069470512616115,0.0744263861879442,0.367657368772739,0.392383804167629
27.8624999999993,0,0.069470457892477,0.0744263861879442,0.367656939329816,0.392383804167629
27.8687499999993,0,0.0694704033300017,0.0744263861879442,0.367656511151105,0.392383804167629
27.8749999999993,0,0.0694703489282147,0.0744263861879442,0.367656084232889,0.392383804167629
27.8812499999993,0,0.0694702946866429,0.0744263861879442,0.367655658571457,0.392383804167629
27.8874999999993,0,0.0694702406048145,0.0744263861879442,0.367655234163115,0.392383804167629
27.8937499999993,0,0.0694701866822593,0.0744263861879442,0.367654811004175,0.392383804167629
27.8999999999993,0,0.0694701329185082,0.0744263861879442,0.367654389090961,0.392383804167629
27.9062499999993,0,0.0694700793130938,0.0744263861879442,0.367653968419809,0.392383804167629
27.9124999999993,0,0.0694700258655497,0.0744263861879442,0.367653548987065,0.392383804167629
27.9187499999993,0,0.0694699725754113,0.0744263861879442,0.367653130789086,0.392383804167629
27.9249999999993,0,0.069469919442215,0.0744263861879442,0.367652713822239,0.392383804167629
27.9312499999993,0,0.0694698664654987,0.0744263861879442,0.367652298082903,0.392383804167629
27.9374999999993,0,0.0694698136448018,0.0744263861879442,0.367651883567465,0.392383804167629
27.9437499999993,0,0.0694697609796648,0.0744263861879442,0.367651470272327,0.392383804167629
27.9499999999993,0,0.0694697084696297,0.0744263861879442,0.367651058193896,0.392383804167629
27.9562499999993,0,0.0694696561142399,0.0744263861879442,0.367650647328595,0.392383804167629
27.9624999999993,0,0.06946960391304,0.0744263861879442,0.367650237672854,0.392383804167629
27.9687499999993,0,0.0694695518655761,0.0744263861879442,0.367649829223115,0.392383804167629
27.9749999999993,0,0.0694694999713954,0.0744263861879442,0.367649421975829,0.392383804167629
27.9812499999993,0,0.0694694482300467,0.0744263861879442,0.36764901592746,0.392383804167629
27.9874999999993,0,0.06946939664108,0.0744263861879442,0.367648611074479,0.392383804167629
27.9937499999993,0,0.0694693452040465,0.0744263861879442,0.36764820741337,0.392383804167629
27.9999999999993,0,0.0694692939184991,0.0744263861879442,0.367647804940627,0.392383804167629
28.0062499999993,0,0.0694692427839915,0.0744263861879442,0.367647403652753,0.392383804167629
28.0124999999993,0,0.0694691918000791,0.0744263861879442,0.367647003546262,0.392383804167629
28.0187499999993,0,0.0694691409663186,0.0744263861879442,0.367646604617679,0.392383804167629
28.0249999999993,0,0.0694690902822677,0.0744263861879442,0.367646206863538,0.392383804167629
28.0312499999993,0,0.0694690397474856,0.0744263861879442,0.367645810280384,0.392383804167629
28.0374999999993,0,0.069468989361533,0.0744263861879442,0.367645414864772,0.392383804167629
28.0437499999993,0,0.0694689391239715,0.0744263861879442,0.367645020613266,0.392383804167629
28.0499999999993,0,0.0694688890343643,0.0744263861879442,0.367644627522443,0.392383804167629
28.0562499999993,0,0.0694688390922756,0.0744263861879442,0.367644235588886,0.392383804167629
28.0624999999993,0,0.0694687892972712,0.0744263861879442,0.367643844809191,0.392383804167629
28.0687499999993,0,0.069468739648918,0.0744263861879442,0.367643455179963,0.392383804167629
28.0749999999993,0,0.0694686901467841,0.0744263861879442,0.367643066697818,0.392383804167629
28.0812499999993,0,0.0694686407904391,0.0744263861879442,0.36764267935938,0.392383804167629
28.0874999999993,0,0.0694685915794536,0.0744263861879442,0.367642293161285,0.392383804167629
28.0937499999993,0,0.0694685425133997,0.0744263861879442,0.367641908100176,0.392383804167629
28.0999999999993,0,0.0694684935918506,0.0744263861879442,0.367641524172711,0.392383804167629
28.1062499999993,0,0.0694684448143808,0.0744263861879442,0.367641141375551,0.392383804167629
28.1124999999993,0,0.0694683961805662,0.0744263861879442,0.367640759705373,0.392383804167629
28.1187499999993,0,0.0694683476899837,0.0744263861879442,0.36764037915886,0.392383804167629
28.1249999999993,0,0.0694682993422115,0.0744263861879442,0.367639999732706,0.392383804167629
28.1312499999993,0,0.0694682511368292,0.0744263861879442,0.367639621423614,0.392383804167629
28.1374999999993,0,0.0694682030734176,0.0744263861879442,0.367639244228299,0.392383804167629
28.1437499999993,0,0.0694681551515585,0.0744263861879442,0.367638868143482,0.392383804167629
28.1499999999993,0,0.0694681073708352,0.0744263861879442,0.367638493165897,0.392383804167629
28.1562499999993,0,0.0694680597308322,0.0744263861879442,0.367638119292286,0.392383804167629
28.1624999999993,0,0.069468012231135,0.0744263861879442,0.3676377465194,0.392383804167629
28.1687499999993,0,0.0694679648713305,0.0744263861879442,0.367637374844001,0.392383804167629
28.1749999999993,0,0.0694679176510069,0.0744263861879442,0.367637004262859,0.392383804167629
28.1812499999993,0,0.0694678705697535,0.0744263861879442,0.367636634772756,0.392383804167629
28.1874999999993,0,0.0694678236271607,0.0744263861879442,0.36763626637048,0.392383804167629
28.1937499999993,0,0.0694677768228202,0.0744263861879442,0.36763589905283,0.392383804167629
28.1999999999993,0,0.069467730156325,0.0744263861879442,0.367635532816616,0.392383804167629
28.2062499999993,0,0.0694676836272692,0.0744263861879442,0.367635167658656,0.392383804167629
28.2124999999993,0,0.0694676372352481,0.0744263861879442,0.367634803575776,0.392383804167629
28.2187499999993,0,0.0694675909798582,0.0744263861879442,0.367634440564814,0.392383804167629
28.2249999999993,0,0.0694675448606972,0.0744263861879442,0.367634078622615,0.392383804167629
28.2312499999993,0,0.0694674988773639,0.0744263861879442,0.367633717746035,0.392383804167629
28.2374999999993,0,0.0694674530294585,0.0744263861879442,0.367633357931938,0.392383804167629
28.2437499999993,0,0.0694674073165821,0.0744263861879442,0.367632999177198,0.392383804167629
28.2499999999993,0,0.0694673617383371,0.0744263861879442,0.367632641478697,0.392383804167629
28.2562499999993,0,0.0694673162943272,0.0744263861879442,0.367632284833328,0.392383804167629
28.2624999999993,0,0.069467270984157,0.0744263861879442,0.367631929237991,0.392383804167629
28.2687499999993,0,0.0694672258074325,0.0744263861879442,0.367631574689598,0.392383804167629
28.2749999999993,0,0.0694671807637607,0.0744263861879442,0.367631221185067,0.392383804167629
28.2812499999993,0,0.0694671358527498,0.0744263861879442,0.367630868721327,0.392383804167629
28.2874999999993,0,0.0694670910740092,0.0744263861879442,0.367630517295316,0.392383804167629
28.2937499999993,0,0.0694670464271495,0.0744263861879442,0.367630166903979,0.392383804167629
28.2999999999993,0,0.0694670019117823,0.0744263861879442,0.367629817544272,0.392383804167629
28.3062499999993,0,0.0694669575275205,0.0744263861879442,0.36762946921316,0.392383804167629
28.3124999999993,0,0.0694669132739779,0.0744263861879442,0.367629121907616,0.392383804167629
28.3187499999993,0,0.0694668691507696,0.0744263861879442,0.367628775624621,0.392383804167629
28.3249999999993,0,0.069466825157512,0.0744263861879442,0.367628430361167,0.392383804167629
28.3312499999993,0,0.0694667812938222,0.0744263861879442,0.367628086114255,0.392383804167629
28.3374999999993,0,0.0694667375593189,0.0744263861879442,0.367627742880892,0.392383804167629
28.3437499999993,0,0.0694666939536216,0.0744263861879442,0.367627400658096,0.392383804167629
28.3499999999993,0,0.069466650476351,0.0744263861879442,0.367627059442893,0.392383804167629
28.3562499999993,0,0.069466607127129,0.0744263861879442,0.367626719232319,0.392383804167629
28.3624999999993,0,0.0694665639055785,0.0744263861879442,0.367626380023417,0.392383804167629
28.3687499999993,0,0.0694665208113236,0.0744263861879442,0.367626041813239,0.392383804167629
28.3749999999993,0,0.0694664778439894,0.0744263861879442,0.367625704598847,0.392383804167629
28.3812499999993,0,0.0694664350032023,0.0744263861879442,0.36762536837731,0.392383804167629
28.3874999999993,0,0.0694663922885895,0.0744263861879442,0.367625033145707,0.392383804167629
28.3937499999993,0,0.0694663496997795,0.0744263861879442,0.367624698901124,0.392383804167629
28.3999999999993,0,0.069466307236402,0.0744263861879442,0.367624365640657,0.392383804167629
28.4062499999993,0,0.0694662648980875,0.0744263861879442,0.367624033361411,0.392383804167629
28.4124999999993,0,0.0694662226844678,0.0744263861879442,0.367623702060497,0.392383804167629
28.4187499999993,0,0.0694661805951757,0.0744263861879442,0.367623371735036,0.392383804167629
28.4249999999993,0,0.0694661386298451,0.0744263861879442,0.367623042382158,0.392383804167629
28.4312499999993,0,0.069466096788111,0.0744263861879442,0.367622713999002,0.392383804167629
28.4374999999993,0,0.0694660550696094,0.0744263861879442,0.367622386582712,0.392383804167629
28.4437499999993,0,0.0694660134739776,0.0744263861879442,0.367622060130445,0.392383804167629
28.4499999999993,0,0.0694659720008535,0.0744263861879442,0.367621734639362,0.392383804167629
28.4562499999993,0,0.0694659306498766,0.0744263861879442,0.367621410106637,0.392383804167629
28.4624999999993,0,0.0694658894206872,0.0744263861879442,0.367621086529447,0.392383804167629
28.4687499999993,0,0.0694658483129265,0.0744263861879442,0.367620763904981,0.392383804167629
28.4749999999993,0,0.0694658073262371,0.0744263861879442,0.367620442230436,0.392383804167629
28.4812499999993,0,0.0694657664602625,0.0744263861879442,0.367620121503017,0.392383804167629
28.4874999999993,0,0.0694657257146471,0.0744263861879442,0.367619801719935,0.392383804167629
28.4937499999993,0,0.0694656850890366,0.0744263861879442,0.367619482878411,0.392383804167629
28.4999999999993,0,0.0694656445830776,0.0744263861879442,0.367619164975676,0.392383804167629
28.5062499999993,0,0.0694656041964177,0.0744263861879442,0.367618848008966,0.392383804167629
28.5124999999993,0,0.0694655639287056,0.0744263861879442,0.367618531975526,0.392383804167629
28.5187499999993,0,0.0694655237795912,0.0744263861879442,0.36761821687261,0.392383804167629
28.5249999999993,0,0.0694654837487251,0.0744263861879442,0.36761790269748,0.392383804167629
28.5312499999993,0,0.0694654438357592,0.0744263861879442,0.367617589447405,0.392383804167629
28.5374999999993,0,0.0694654040403462,0.0744263861879442,0.367617277119662,0.392383804167629
28.5437499999993,0,0.0694653643621401,0.0744263861879442,0.367616965711538,0.392383804167629
28.5499999999993,0,0.0694653248007956,0.0744263861879442,0.367616655220326,0.392383804167629
28.5562499999993,0,0.0694652853559687,0.0744263861879442,0.367616345643328,0.392383804167629
28.5624999999993,0,0.0694652460273163,0.0744263861879442,0.367616036977853,0.392383804167629
28.5687499999993,0,0.0694652068144962,0.0744263861879442,0.367615729221218,0.392383804167629
28.5749999999993,0,0.0694651677171673,0.0744263861879442,0.367615422370749,0.392383804167629
28.5812499999993,0,0.0694651287349896,0.0744263861879442,0.367615116423779,0.392383804167629
28.5874999999993,0,0.069465089867624,0.0744263861879442,0.367614811377649,0.392383804167629
28.5937499999993,0,0.0694650511147324,0.0744263861879442,0.367614507229708,0.392383804167629
28.5999999999993,0,0.0694650124759777,0.0744263861879442,0.367614203977312,0.392383804167629
28.6062499999993,0,0.0694649739510238,0.0744263861879442,0.367613901617826,0.392383804167629
28.6124999999993,0,0.0694649355395356,0.0744263861879442,0.367613600148622,0.392383804167629
28.6187499999993,0,0.0694648972411789,0.0744263861879442,0.367613299567079,0.392383804167629
28.6249999999993,0,0.0694648590556207,0.0744263861879442,0.367612999870586,0.392383804167629
28.6312499999993,0,0.0694648209825287,0.0744263861879442,0.367612701056538,0.392383804167629
28.6374999999993,0,0.0694647830215718,0.0744263861879442,0.367612403122337,0.392383804167629
28.6437499999993,0,0.0694647451724198,0.0744263861879442,0.367612106065394,0.392383804167629
28.6499999999993,0,0.0694647074347434,0.0744263861879442,0.367611809883128,0.392383804167629
28.6562499999993,0,0.0694646698082143,0.0744263861879442,0.367611514572963,0.392383804167629
28.6624999999993,0,0.0694646322925053,0.0744263861879442,0.367611220132334,0.392383804167629
28.6687499999993,0,0.0694645948872901,0.0744263861879442,0.36761092655868,0.392383804167629
28.6749999999993,0,0.0694645575922431,0.0744263861879442,0.367610633849452,0.392383804167629
28.6812499999993,0,0.0694645204070402,0.0744263861879442,0.367610342002103,0.392383804167629
28.6874999999993,0,0.0694644833313576,0.0744263861879442,0.367610051014099,0.392383804167629
28.6937499999993,0,0.069464446364873,0.0744263861879442,0.367609760882909,0.392383804167629
28.6999999999993,0,0.0694644095072649,0.0744263861879442,0.367609471606012,0.392383804167629
28.7062499999993,0,0.0694643727582124,0.0744263861879442,0.367609183180893,0.392383804167629
28.7124999999993,0,0.0694643361173961,0.0744263861879442,0.367608895605046,0.392383804167629
28.7187499999993,0,0.0694642995844972,0.0744263861879442,0.367608608875971,0.392383804167629
28.7249999999993,0,0.0694642631591978,0.0744263861879442,0.367608322991176,0.392383804167629
28.7312499999993,0,0.0694642268411812,0.0744263861879442,0.367608037948176,0.392383804167629
28.7374999999993,0,0.0694641906301313,0.0744263861879442,0.367607753744493,0.392383804167629
28.7437499999993,0,0.0694641545257332,0.0744263861879442,0.367607470377657,0.392383804167629
28.7499999999993,0,0.0694641185276729,0.0744263861879442,0.367607187845205,0.392383804167629
28.7562499999993,0,0.0694640826356372,0.0744263861879442,0.367606906144682,0.392383804167629
28.7624999999993,0,0.0694640468493138,0.0744263861879442,0.367606625273638,0.392383804167629
28.7687499999993,0,0.0694640111683916,0.0744263861879442,0.367606345229633,0.392383804167629
28.7749999999993,0,0.06946397559256,0.0744263861879442,0.367606066010232,0.392383804167629
28.7812499999993,0,0.0694639401215096,0.0744263861879442,0.367605787613008,0.392383804167629
28.7874999999993,0,0.0694639047549318,0.0744263861879442,0.367605510035541,0.392383804167629
28.7937499999993,0,0.0694638694925191,0.0744263861879442,0.367605233275419,0.392383804167629
28.7999999999993,0,0.0694638343339646,0.0744263861879442,0.367604957330236,0.392383804167629
28.8062499999993,0,0.0694637992789625,0.0744263861879442,0.367604682197592,0.392383804167629
28.8124999999993,0,0.0694637643272079,0.0744263861879442,0.367604407875098,0.392383804167629
28.8187499999993,0,0.0694637294783967,0.0744263861879442,0.367604134360368,0.392383804167629
28.8249999999993,0,0.0694636947322258,0.0744263861879442,0.367603861651024,0.392383804167629
28.8312499999993,0,0.0694636600883929,0.0744263861879442,0.367603589744696,0.392383804167629
28.8374999999993,0,0.0694636255465967,0.0744263861879442,0.367603318639021,0.392383804167629
28.8437499999993,0,0.0694635911065366,0.0744263861879442,0.367603048331642,0.392383804167629
28.8499999999993,0,0.069463556767913,0.0744263861879442,0.36760277882021,0.392383804167629
28.8562499999993,0,0.0694635225304274,0.0744263861879442,0.36760251010238,0.392383804167629
28.8624999999993,0,0.0694634883937817,0.0744263861879442,0.367602242175819,0.392383804167629
28.8687499999993,0,0.0694634543576791,0.0744263861879442,0.367601975038197,0.392383804167629
28.8749999999993,0,0.0694634204218235,0.0744263861879442,0.36760170868719,0.392383804167629
28.8812499999993,0,0.0694633865859197,0.0744263861879442,0.367601443120486,0.392383804167629
28.8874999999993,0,0.0694633528496732,0.0744263861879442,0.367601178335774,0.392383804167629
28.8937499999993,0,0.0694633192127908,0.0744263861879442,0.367600914330753,0.392383804167629
28.8999999999993,0,0.0694632856749796,0.0744263861879442,0.367600651103128,0.392383804167629
28.9062499999993,0,0.069463252235948,0.0744263861879442,0.367600388650611,0.392383804167629
28.9124999999993,0,0.0694632188954051,0.0744263861879442,0.36760012697092,0.392383804167629
28.9187499999993,0,0.0694631856530609,0.0744263861879442,0.367599866061782,0.392383804167629
28.9249999999993,0,0.0694631525086262,0.0744263861879442,0.367599605920926,0.392383804167629
28.9312499999993,0,0.0694631194618126,0.0744263861879442,0.367599346546093,0.392383804167629
28.9374999999993,0,0.0694630865123326,0.0744263861879442,0.367599087935027,0.392383804167629
28.9437499999993,0,0.0694630536598997,0.0744263861879442,0.367598830085481,0.392383804167629
28.9499999999993,0,0.069463020904228,0.0744263861879442,0.367598572995213,0.392383804167629
28.9562499999993,0,0.0694629882450325,0.0744263861879442,0.367598316661987,0.392383804167629
28.9624999999993,0,0.0694629556820293,0.0744263861879442,0.367598061083576,0.392383804167629
28.9687499999993,0,0.0694629232149349,0.0744263861879442,0.367597806257758,0.392383804167629
28.9749999999993,0,0.069462890843467,0.0744263861879442,0.367597552182317,0.392383804167629
28.9812499999993,0,0.069462858567344,0.0744263861879442,0.367597298855045,0.392383804167629
28.9874999999993,0,0.0694628263862849,0.0744263861879442,0.36759704627374,0.392383804167629
28.9937499999993,0,0.0694627943000101,0.0744263861879442,0.367596794436205,0.392383804167629
28.9999999999993,0,0.0694627623082401,0.0744263861879442,0.367596543340252,0.392383804167629
29.0062499999993,0,0.0694627304106969,0.0744263861879442,0.367596292983698,0.392383804167629
29.0124999999993,0,0.0694626986071028,0.0744263861879442,0.367596043364365,0.392383804167629
29.0187499999993,0,0.0694626668971813,0.0744263861879442,0.367595794480085,0.392383804167629
29.0249999999993,0,0.0694626352806564,0.0744263861879442,0.367595546328693,0.392383804167629
29.0312499999993,0,0.0694626037572531,0.0744263861879442,0.367595298908033,0.392383804167629
29.0374999999993,0,0.0694625723266972,0.0744263861879442,0.367595052215952,0.392383804167629
29.0437499999993,0,0.0694625409887153,0.0744263861879442,0.367594806250307,0.392383804167629
29.0499999999993,0,0.0694625097430346,0.0744263861879442,0.36759456100896,0.392383804167629
29.0562499999993,0,0.0694624785893835,0.0744263861879442,0.367594316489777,0.392383804167629
29.0624999999993,0,0.0694624475274908,0.0744263861879442,0.367594072690634,0.392383804167629
29.0687499999993,0,0.0694624165570864,0.0744263861879442,0.367593829609411,0.392383804167629
29.0749999999993,0,0.0694623856779009,0.0744263861879442,0.367593587243994,0.392383804167629
29.0812499999993,0,0.0694623548896655,0.0744263861879442,0.367593345592278,0.392383804167629
29.0874999999993,0,0.0694623241921125,0.0744263861879442,0.36759310465216,0.392383804167629
29.0937499999993,0,0.0694622935849748,0.0744263861879442,0.367592864421545,0.392383804167629
29.0999999999993,0,0.0694622630679862,0.0744263861879442,0.367592624898347,0.392383804167629
29.1062499999993,0,0.0694622326408811,0.0744263861879442,0.367592386080482,0.392383804167629
29.1124999999993,0,0.0694622023033948,0.0744263861879442,0.367592147965873,0.392383804167629
29.1187499999993,0,0.0694621720552635,0.0744263861879442,0.367591910552451,0.392383804167629
29.1249999999993,0,0.069462141896224,0.0744263861879442,0.367591673838152,0.392383804167629
29.1312499999993,0,0.0694621118260138,0.0744263861879442,0.367591437820918,0.392383804167629
29.1374999999993,0,0.0694620818443715,0.0744263861879442,0.367591202498697,0.392383804167629
29.1437499999993,0,0.0694620519510362,0.0744263861879442,0.367590967869442,0.392383804167629
29.1499999999993,0,0.0694620221457478,0.0744263861879442,0.367590733931115,0.392383804167629
29.1562499999993,0,0.069461992428247,0.0744263861879442,0.36759050068168,0.392383804167629
29.1624999999993,0,0.0694619627982753,0.0744263861879442,0.367590268119111,0.392383804167629
29.1687499999992,0,0.069461933255575,0.0744263861879442,0.367590036241385,0.392383804167629
29.1749999999993,0,0.069461903799889,0.0744263861879442,0.367589805046486,0.392383804167629
29.1812499999993,0,0.069461874430961,0.0744263861879442,0.367589574532405,0.392383804167629
29.1874999999993,0,0.0694618451485356,0.0744263861879442,0.367589344697137,0.392383804167629
29.1937499999992,0,0.069461815952358,0.0744263861879442,0.367589115538683,0.392383804167629
29.1999999999992,0,0.0694617868421742,0.0744263861879442,0.367588887055053,0.392383804167629
29.2062499999993,0,0.069461757817731,0.0744263861879442,0.367588659244258,0.392383804167629
29.2124999999992,0,0.0694617288787758,0.0744263861879442,0.367588432104318,0.392383804167629
29.2187499999992,0,0.069461700025057,0.0744263861879442,0.367588205633259,0.392383804167629
29.2249999999992,0,0.0694616712563234,0.0744263861879442,0.367587979829112,0.392383804167629
29.2312499999992,0,0.0694616425723248,0.0744263861879442,0.367587754689913,0.392383804167629
29.2374999999992,0,0.0694616139728117,0.0744263861879442,0.367587530213704,0.392383804167629
29.2437499999992,0,0.0694615854575352,0.0744263861879442,0.367587306398535,0.392383804167629
29.2499999999992,0,0.0694615570262473,0.0744263861879442,0.367587083242458,0.392383804167629
29.2562499999992,0,0.0694615286787006,0.0744263861879442,0.367586860743535,0.392383804167629
29.2624999999992,0,0.0694615004146485,0.0744263861879442,0.36758663889983,0.392383804167629
29.2687499999992,0,0.0694614722338452,0.0744263861879442,0.367586417709415,0.392383804167629
29.2749999999992,0,0.0694614441360453,0.0744263861879442,0.367586197170365,0.392383804167629
29.2812499999992,0,0.0694614161210046,0.0744263861879442,0.367585977280765,0.392383804167629
29.2874999999992,0,0.0694613881884793,0.0744263861879442,0.367585758038702,0.392383804167629
29.2937499999992,0,0.0694613603382263,0.0744263861879442,0.367585539442269,0.392383804167629
29.2999999999992,0,0.0694613325700034,0.0744263861879442,0.367585321489567,0.392383804167629
29.3062499999992,0,0.0694613048835689,0.0744263861879442,0.367585104178699,0.392383804167629
29.3124999999992,0,0.0694612772786821,0.0744263861879442,0.367584887507777,0.392383804167629
29.3187499999992,0,0.0694612497551028,0.0744263861879442,0.367584671474917,0.392383804167629
29.3249999999992,0,0.0694612223125915,0.0744263861879442,0.36758445607824,0.392383804167629
29.3312499999992,0,0.0694611949509094,0.0744263861879442,0.367584241315874,0.392383804167629
29.3374999999992,0,0.0694611676698185,0.0744263861879442,0.367584027185951,0.392383804167629
29.3437499999992,0,0.0694611404690815,0.0744263861879442,0.367583813686609,0.392383804167629
29.3499999999992,0,0.0694611133484618,0.0744263861879442,0.367583600815992,0.392383804167629
29.3562499999992,0,0.0694610863077233,0.0744263861879442,0.367583388572249,0.392383804167629
29.3624999999992,0,0.0694610593466309,0.0744263861879442,0.367583176953535,0.392383804167629
29.3687499999992,0,0.0694610324649499,0.0744263861879442,0.367582965958009,0.392383804167629
29.3749999999992,0,0.0694610056624465,0.0744263861879442,0.367582755583837,0.392383804167629
29.3812499999992,0,0.0694609789388876,0.0744263861879442,0.36758254582919,0.392383804167629
29.3874999999992,0,0.0694609522940405,0.0744263861879442,0.367582336692244,0.392383804167629
29.3937499999992,0,0.0694609257276736,0.0744263861879442,0.36758212817118,0.392383804167629
29.3999999999992,0,0.0694608992395556,0.0744263861879442,0.367581920264186,0.392383804167629
29.4062499999992,0,0.0694608728294562,0.0744263861879442,0.367581712969453,0.392383804167629
29.4124999999992,0,0.0694608464971456,0.0744263861879442,0.367581506285179,0.392383804167629
29.4187499999992,0,0.0694608202423946,0.0744263861879442,0.367581300209567,0.392383804167629
29.4249999999992,0,0.0694607940649749,0.0744263861879442,0.367581094740825,0.392383804167629
29.4312499999992,0,0.0694607679646586,0.0744263861879442,0.367580889877167,0.392383804167629
29.4374999999992,0,0.0694607419412189,0.0744263861879442,0.36758068561681,0.392383804167629
29.4437499999992,0,0.0694607159944291,0.0744263861879442,0.36758048195798,0.392383804167629
29.4499999999992,0,0.0694606901240637,0.0744263861879442,0.367580278898904,0.392383804167629
29.4562499999992,0,0.0694606643298974,0.0744263861879442,0.367580076437819,0.392383804167629
29.4624999999992,0,0.069460638611706,0.0744263861879442,0.367579874572962,0.392383804167629
29.4687499999992,0,0.0694606129692656,0.0744263861879442,0.367579673302578,0.392383804167629
29.4749999999992,0,0.0694605874023532,0.0744263861879442,0.367579472624919,0.392383804167629
29.4812499999992,0,0.0694605619107462,0.0744263861879442,0.367579272538237,0.392383804167629
29.4874999999992,0,0.0694605364942231,0.0744263861879442,0.367579073040795,0.392383804167629
29.4937499999992,0,0.0694605111525625,0.0744263861879442,0.367578874130856,0.392383804167629
29.4999999999992,0,0.0694604858855441,0.0744263861879442,0.367578675806692,0.392383804167629
29.5062499999992,0,0.069460460692948,0.0744263861879442,0.367578478066577,0.392383804167629
29.5124999999992,0,0.0694604355745551,0.0744263861879442,0.367578280908793,0.392383804167629
29.5187499999992,0,0.0694604105301467,0.0744263861879442,0.367578084331625,0.392383804167629
29.5249999999992,0,0.069460385559505,0.0744263861879442,0.367577888333363,0.392383804167629
29.5312499999992,0,0.0694603606624128,0.0744263861879442,0.367577692912304,0.392383804167629
29.5374999999992,0,0.0694603358386534,0.0744263861879442,0.367577498066747,0.392383804167629
29.5437499999992,0,0.0694603110880109,0.0744263861879442,0.367577303794999,0.392383804167629
29.5499999999992,0,0.06946028641027,0.0744263861879442,0.367577110095371,0.392383804167629
29.5562499999992,0,0.0694602618052158,0.0744263861879442,0.367576916966177,0.392383804167629
29.5624999999992,0,0.0694602372726345,0.0744263861879442,0.367576724405739,0.392383804167629
29.5687499999992,0,0.0694602128123124,0.0744263861879442,0.367576532412381,0.392383804167629
29.5749999999992,0,0.0694601884240369,0.0744263861879442,0.367576340984436,0.392383804167629
29.5812499999992,0,0.0694601641075957,0.0744263861879442,0.367576150120237,0.392383804167629
29.5874999999992,0,0.0694601398627772,0.0744263861879442,0.367575959818125,0.392383804167629
29.5937499999992,0,0.0694601156893706,0.0744263861879442,0.367575770076445,0.392383804167629
29.5999999999992,0,0.0694600915871655,0.0744263861879442,0.367575580893548,0.392383804167629
29.6062499999992,0,0.0694600675559522,0.0744263861879442,0.367575392267788,0.392383804167629
29.6124999999992,0,0.0694600435955217,0.0744263861879442,0.367575204197525,0.392383804167629
29.6187499999992,0,0.0694600197056654,0.0744263861879442,0.367575016681124,0.392383804167629
29.6249999999992,0,0.0694599958861755,0.0744263861879442,0.367574829716953,0.392383804167629
29.6312499999992,0,0.0694599721368448,0.0744263861879442,0.367574643303388,0.392383804167629
29.6374999999992,0,0.0694599484574667,0.0744263861879442,0.367574457438806,0.392383804167629
29.6437499999992,0,0.0694599248478352,0.0744263861879442,0.367574272121592,0.392383804167629
29.6499999999992,0,0.0694599013077447,0.0744263861879442,0.367574087350134,0.392383804167629
29.6562499999992,0,0.0694598778369906,0.0744263861879442,0.367573903122825,0.392383804167629
29.6624999999992,0,0.0694598544353685,0.0744263861879442,0.367573719438063,0.392383804167629
29.6687499999992,0,0.069459831102675,0.0744263861879442,0.367573536294252,0.392383804167629
29.6749999999992,0,0.069459807838707,0.0744263861879442,0.367573353689798,0.392383804167629
29.6812499999992,0,0.0694597846432621,0.0744263861879442,0.367573171623113,0.392383804167629
29.6874999999992,0,0.0694597615161385,0.0744263861879442,0.367572990092614,0.392383804167629
29.6937499999992,0,0.0694597384571349,0.0744263861879442,0.367572809096722,0.392383804167629
29.6999999999992,0,0.0694597154660508,0.0744263861879442,0.367572628633864,0.392383804167629
29.7062499999992,0,0.0694596925426861,0.0744263861879442,0.36757244870247,0.392383804167629
29.7124999999992,0,0.0694596696868414,0.0744263861879442,0.367572269300975,0.392383804167629
29.7187499999992,0,0.0694596468983178,0.0744263861879442,0.367572090427819,0.392383804167629
29.7249999999992,0,0.069459624176917,0.0744263861879442,0.367571912081447,0.392383804167629
29.7312499999992,0,0.0694596015224414,0.0744263861879442,0.367571734260307,0.392383804167629
29.7374999999992,0,0.0694595789346939,0.0744263861879442,0.367571556962854,0.392383804167629
29.7437499999992,0,0.0694595564134778,0.0744263861879442,0.367571380187545,0.392383804167629
29.7499999999992,0,0.0694595339585974,0.0744263861879442,0.367571203932843,0.392383804167629
29.7562499999992,0,0.0694595115698571,0.0744263861879442,0.367571028197215,0.392383804167629
29.7624999999992,0,0.0694594892470623,0.0744263861879442,0.367570852979134,0.392383804167629
29.7687499999992,0,0.0694594669900187,0.0744263861879442,0.367570678277075,0.392383804167629
29.7749999999992,0,0.0694594447985327,0.0744263861879442,0.367570504089518,0.392383804167629
29.7812499999992,0,0.0694594226724111,0.0744263861879442,0.36757033041495,0.392383804167629
29.7874999999992,0,0.0694594006114614,0.0744263861879442,0.36757015725186,0.392383804167629
29.7937499999992,0,0.0694593786154918,0.0744263861879442,0.367569984598741,0.392383804167629
29.7999999999992,0,0.0694593566843108,0.0744263861879442,0.367569812454093,0.392383804167629
29.8062499999992,0,0.0694593348177277,0.0744263861879442,0.367569640816417,0.392383804167629
29.8124999999992,0,0.0694593130155521,0.0744263861879442,0.367569469684223,0.392383804167629
29.8187499999992,0,0.0694592912775944,0.0744263861879442,0.367569299056021,0.392383804167629
29.8249999999992,0,0.0694592696036655,0.0744263861879442,0.367569128930327,0.392383804167629
29.8312499999992,0,0.0694592479935767,0.0744263861879442,0.367568959305662,0.392383804167629
29.8374999999992,0,0.0694592264471401,0.0744263861879442,0.36756879018055,0.392383804167629
29.8437499999992,0,0.0694592049641681,0.0744263861879442,0.367568621553522,0.392383804167629
29.8499999999992,0,0.069459183544474,0.0744263861879442,0.36756845342311,0.392383804167629
29.8562499999992,0,0.0694591621878712,0.0744263861879442,0.367568285787852,0.392383804167629
29.8624999999992,0,0.069459140894174,0.0744263861879442,0.36756811864629,0.392383804167629
29.8687499999992,0,0.0694591196631972,0.0744263861879442,0.367567951996971,0.392383804167629
29.8749999999992,0,0.0694590984947559,0.0744263861879442,0.367567785838445,0.392383804167629
29.8812499999992,0,0.0694590773886661,0.0744263861879442,0.367567620169267,0.392383804167629
29.8874999999992,0,0.069459056344744,0.0744263861879442,0.367567454987997,0.392383804167629
29.8937499999992,0,0.0694590353628066,0.0744263861879442,0.367567290293198,0.392383804167629
29.8999999999992,0,0.0694590144426714,0.0744263861879442,0.367567126083438,0.392383804167629
29.9062499999992,0,0.0694589935841562,0.0744263861879442,0.367566962357288,0.392383804167629
29.9124999999992,0,0.0694589727870797,0.0744263861879442,0.367566799113324,0.392383804167629
29.9187499999992,0,0.0694589520512608,0.0744263861879442,0.367566636350127,0.392383804167629
29.9249999999992,0,0.0694589313765192,0.0744263861879442,0.367566474066282,0.392383804167629
29.9312499999992,0,0.0694589107626749,0.0744263861879442,0.367566312260376,0.392383804167629
29.9374999999992,0,0.0694588902095487,0.0744263861879442,0.367566150931003,0.392383804167629
29.9437499999992,0,0.0694588697169616,0.0744263861879442,0.36756599007676,0.392383804167629
29.9499999999992,0,0.0694588492847355,0.0744263861879442,0.367565829696247,0.392383804167629
29.9562499999992,0,0.0694588289126924,0.0744263861879442,0.36756566978807,0.392383804167629
29.9624999999992,0,0.0694588086006552,0.0744263861879442,0.367565510350837,0.392383804167629
29.9687499999992,0,0.0694587883484471,0.0744263861879442,0.367565351383164,0.392383804167629
29.9749999999992,0,0.069458768155892,0.0744263861879442,0.367565192883666,0.392383804167629
29.9812499999992,0,0.069458748022814,0.0744263861879442,0.367565034850965,0.392383804167629
29.9874999999992,0,0.0694587279490381,0.0744263861879442,0.367564877283687,0.392383804167629
29.9937499999992,0,0.0694587079343896,0.0744263861879442,0.367564720180462,0.392383804167629
29.9999999999992,0,0.0694586879786944,0.0744263861879442,0.367564563539923,0.392383804167629
30.0062499999992,0,0.0694586680817787,0.0744263861879442,0.367564407360707,0.392383804167629
30.0124999999992,0,0.0694586482434696,0.0744263861879442,0.367564251641457,0.392383804167629
30.0187499999992,0,0.0694586284635943,0.0744263861879442,0.367564096380818,0.392383804167629
30.0249999999992,0,0.0694586087419808,0.0744263861879442,0.36756394157744,0.392383804167629
30.0312499999992,0,0.0694585890784575,0.0744263861879442,0.367563787229976,0.392383804167629
30.0374999999992,0,0.0694585694728534,0.0744263861879442,0.367563633337084,0.392383804167629
30.0437499999992,0,0.0694585499249977,0.0744263861879442,0.367563479897426,0.392383804167629
30.0499999999992,0,0.0694585304347205,0.0744263861879442,0.367563326909666,0.392383804167629
30.0562499999992,0,0.0694585110018521,0.0744263861879442,0.367563174372475,0.392383804167629
30.0624999999992,0,0.0694584916262235,0.0744263861879442,0.367563022284526,0.392383804167629
30.0687499999992,0,0.069458472307666,0.0744263861879442,0.367562870644496,0.392383804167629
30.0749999999992,0,0.0694584530460117,0.0744263861879442,0.367562719451065,0.392383804167629
30.0812499999992,0,0.0694584338410928,0.0744263861879442,0.36756256870292,0.392383804167629
30.0874999999992,0,0.0694584146927424,0.0744263861879442,0.367562418398749,0.392383804167629
30.0937499999992,0,0.0694583956007937,0.0744263861879442,0.367562268537244,0.392383804167629
30.0999999999992,0,0.0694583765650807,0.0744263861879442,0.367562119117103,0.392383804167629
30.1062499999992,0,0.0694583575854378,0.0744263861879442,0.367561970137025,0.392383804167629
30.1124999999992,0,0.0694583386616997,0.0744263861879442,0.367561821595715,0.392383804167629
30.1187499999992,0,0.0694583197937019,0.0744263861879442,0.367561673491881,0.392383804167629
30.1249999999992,0,0.0694583009812802,0.0744263861879442,0.367561525824235,0.392383804167629
30.1312499999992,0,0.0694582822242709,0.0744263861879442,0.367561378591492,0.392383804167629
30.1374999999992,0,0.0694582635225108,0.0744263861879442,0.367561231792373,0.392383804167629
30.1437499999992,0,0.0694582448758371,0.0744263861879442,0.367561085425599,0.392383804167629
30.1499999999992,0,0.0694582262840876,0.0744263861879442,0.367560939489898,0.392383804167629
30.1562499999992,0,0.0694582077471006,0.0744263861879442,0.367560793984001,0.392383804167629
30.1624999999992,0,0.0694581892647148,0.0744263861879442,0.367560648906642,0.392383804167629
30.1687499999992,0,0.0694581708367693,0.0744263861879442,0.36756050425656,0.392383804167629
30.1749999999992,0,0.0694581524631039,0.0744263861879442,0.367560360032495,0.392383804167629
30.1812499999992,0,0.0694581341435585,0.0744263861879442,0.367560216233195,0.392383804167629
30.1874999999992,0,0.0694581158779739,0.0744263861879442,0.367560072857407,0.392383804167629
30.1937499999992,0,0.0694580976661911,0.0744263861879442,0.367559929903886,0.392383804167629
30.1999999999992,0,0.0694580795080517,0.0744263861879442,0.367559787371387,0.392383804167629
30.2062499999992,0,0.0694580614033976,0.0744263861879442,0.367559645258671,0.392383804167629
30.2124999999992,0,0.0694580433520713,0.0744263861879442,0.367559503564502,0.392383804167629
30.2187499999992,0,0.0694580253539158,0.0744263861879442,0.367559362287647,0.392383804167629
30.2249999999992,0,0.0694580074087744,0.0744263861879442,0.367559221426878,0.392383804167629
30.2312499999992,0,0.0694579895164911,0.0744263861879442,0.367559080980969,0.392383804167629
30.2374999999992,0,0.0694579716769101,0.0744263861879442,0.367558940948699,0.392383804167629
30.2437499999992,0,0.0694579538898762,0.0744263861879442,0.367558801328849,0.392383804167629
30.2499999999992,0,0.0694579361552346,0.0744263861879442,0.367558662120207,0.392383804167629
30.2562499999992,0,0.0694579184728311,0.0744263861879442,0.367558523321559,0.392383804167629
30.2624999999992,0,0.0694579008425117,0.0744263861879442,0.3675583849317,0.392383804167629
30.2687499999992,0,0.0694578832641231,0.0744263861879442,0.367558246949426,0.392383804167629
30.2749999999992,0,0.0694578657375123,0.0744263861879442,0.367558109373536,0.392383804167629
30.2812499999992,0,0.0694578482625269,0.0744263861879442,0.367557972202834,0.392383804167629
30.2874999999992,0,0.0694578308390147,0.0744263861879442,0.367557835436127,0.392383804167629
30.2937499999992,0,0.0694578134668242,0.0744263861879442,0.367557699072225,0.392383804167629
30.2999999999992,0,0.0694577961458041,0.0744263861879442,0.367557563109941,0.392383804167629
30.3062499999992,0,0.0694577788758039,0.0744263861879442,0.367557427548095,0.392383804167629
30.3124999999992,0,0.0694577616566732,0.0744263861879442,0.367557292385505,0.392383804167629
30.3187499999992,0,0.0694577444882622,0.0744263861879442,0.367557157620997,0.392383804167629
30.3249999999992,0,0.0694577273704215,0.0744263861879442,0.367557023253399,0.392383804167629
30.3312499999992,0,0.0694577103030021,0.0744263861879442,0.367556889281541,0.392383804167629
30.3374999999992,0,0.0694576932858556,0.0744263861879442,0.367556755704258,0.392383804167629
30.3437499999992,0,0.069457676318834,0.0744263861879442,0.367556622520389,0.392383804167629
30.3499999999992,0,0.0694576594017894,0.0744263861879442,0.367556489728775,0.392383804167629
30.3562499999992,0,0.0694576425345749,0.0744263861879442,0.367556357328261,0.392383804167629
30.3624999999992,0,0.0694576257170435,0.0744263861879442,0.367556225317695,0.392383804167629
30.3687499999992,0,0.0694576089490489,0.0744263861879442,0.367556093695929,0.392383804167629
30.3749999999992,0,0.0694575922304454,0.0744263861879442,0.367555962461819,0.392383804167629
30.3812499999992,0,0.0694575755610873,0.0744263861879442,0.367555831614222,0.392383804167629
30.3874999999992,0,0.0694575589408297,0.0744263861879442,0.367555701152001,0.392383804167629
30.3937499999992,0,0.0694575423695278,0.0744263861879442,0.36755557107402,0.392383804167629
30.3999999999992,0,0.0694575258470377,0.0744263861879442,0.367555441379149,0.392383804167629
30.4062499999992,0,0.0694575093732154,0.0744263861879442,0.367555312066259,0.392383804167629
30.4124999999992,0,0.0694574929479176,0.0744263861879442,0.367555183134225,0.392383804167629
30.4187499999992,0,0.0694574765710014,0.0744263861879442,0.367555054581926,0.392383804167629
30.4249999999992,0,0.0694574602423244,0.0744263861879442,0.367554926408244,0.392383804167629
30.4312499999992,0,0.0694574439617443,0.0744263861879442,0.367554798612064,0.392383804167629
30.4374999999992,0,0.0694574277291196,0.0744263861879442,0.367554671192273,0.392383804167629
30.4437499999992,0,0.0694574115443091,0.0744263861879442,0.367554544147765,0.392383804167629
30.4499999999992,0,0.0694573954071718,0.0744263861879442,0.367554417477433,0.392383804167629
30.4562499999992,0,0.0694573793175674,0.0744263861879442,0.367554291180176,0.392383804167629
30.4624999999992,0,0.0694573632753559,0.0744263861879442,0.367554165254895,0.392383804167629
30.4687499999992,0,0.0694573472803977,0.0744263861879442,0.367554039700495,0.392383804167629
30.4749999999992,0,0.0694573313325536,0.0744263861879442,0.367553914515884,0.392383804167629
30.4812499999992,0,0.0694573154316848,0.0744263861879442,0.367553789699973,0.392383804167629
30.4874999999992,0,0.069457299577653,0.0744263861879442,0.367553665251676,0.392383804167629
30.4937499999992,0,0.0694572837703202,0.0744263861879442,0.367553541169911,0.392383804167629
30.4999999999992,0,0.069457268009549,0.0744263861879442,0.367553417453598,0.392383804167629
30.5062499999992,0,0.0694572522952021,0.0744263861879442,0.367553294101661,0.392383804167629
30.5124999999992,0,0.0694572366271428,0.0744263861879442,0.367553171113028,0.392383804167629
30.5187499999992,0,0.0694572210052348,0.0744263861879442,0.367553048486627,0.392383804167629
30.5249999999992,0,0.0694572054293421,0.0744263861879442,0.367552926221394,0.392383804167629
30.5312499999992,0,0.0694571898993293,0.0744263861879442,0.367552804316263,0.392383804167629
30.5374999999992,0,0.0694571744150611,0.0744263861879442,0.367552682770175,0.392383804167629
30.5437499999992,0,0.0694571589764029,0.0744263861879442,0.367552561582073,0.392383804167629
30.5499999999992,0,0.0694571435832203,0.0744263861879442,0.367552440750902,0.392383804167629
30.5562499999992,0,0.0694571282353794,0.0744263861879442,0.367552320275611,0.392383804167629
30.5624999999992,0,0.0694571129327466,0.0744263861879442,0.367552200155153,0.392383804167629
30.5687499999992,0,0.0694570976751887,0.0744263861879442,0.367552080388482,0.392383804167629
30.5749999999992,0,0.0694570824625731,0.0744263861879442,0.367551960974556,0.392383804167629
30.5812499999992,0,0.0694570672947673,0.0744263861879442,0.367551841912337,0.392383804167629
30.5874999999992,0,0.0694570521716394,0.0744263861879442,0.367551723200789,0.392383804167629
30.5937499999992,0,0.0694570370930577,0.0744263861879442,0.367551604838879,0.392383804167629
30.5999999999992,0,0.0694570220588911,0.0744263861879442,0.367551486825579,0.392383804167629
30.6062499999992,0,0.0694570070690088,0.0744263861879442,0.367551369159861,0.392383804167629
30.6124999999992,0,0.0694569921232802,0.0744263861879442,0.367551251840701,0.392383804167629
30.6187499999992,0,0.0694569772215754,0.0744263861879442,0.367551134867079,0.392383804167629
30.6249999999992,0,0.0694569623637647,0.0744263861879442,0.367551018237979,0.392383804167629
30.6312499999992,0,0.0694569475497188,0.0744263861879442,0.367550901952384,0.392383804167629
30.6374999999992,0,0.0694569327793088,0.0744263861879442,0.367550786009284,0.392383804167629
30.6437499999992,0,0.0694569180524062,0.0744263861879442,0.36755067040767,0.392383804167629
30.6499999999992,0,0.0694569033688828,0.0744263861879442,0.367550555146536,0.392383804167629
30.6562499999992,0,0.0694568887286109,0.0744263861879442,0.36755044022488,0.392383804167629
30.6624999999992,0,0.0694568741314631,0.0744263861879442,0.367550325641702,0.392383804167629
30.6687499999992,0,0.0694568595773123,0.0744263861879442,0.367550211396006,0.392383804167629
30.6749999999992,0,0.0694568450660319,0.0744263861879442,0.367550097486796,0.392383804167629
30.6812499999992,0,0.0694568305974956,0.0744263861879442,0.367549983913084,0.392383804167629
30.6874999999992,0,0.0694568161715777,0.0744263861879442,0.36754987067388,0.392383804167629
30.6937499999992,0,0.0694568017881524,0.0744263861879442,0.3675497577682,0.392383804167629
30.6999999999992,0,0.0694567874470947,0.0744263861879442,0.367549645195061,0.392383804167629
30.7062499999992,0,0.0694567731482798,0.0744263861879442,0.367549532953484,0.392383804167629
30.7124999999992,0,0.0694567588915832,0.0744263861879442,0.367549421042493,0.392383804167629
30.7187499999992,0,0.0694567446768809,0.0744263861879442,0.367549309461114,0.392383804167629
30.7249999999992,0,0.0694567305040493,0.0744263861879442,0.367549198208377,0.392383804167629
30.7312499999992,0,0.0694567163729649,0.0744263861879442,0.367549087283313,0.392383804167629
30.7374999999992,0,0.0694567022835048,0.0744263861879442,0.367548976684959,0.392383804167629
30.7437499999992,0,0.0694566882355464,0.0744263861879442,0.367548866412351,0.392383804167629
30.7499999999992,0,0.0694566742289676,0.0744263861879442,0.36754875646453,0.392383804167629
30.7562499999992,0,0.0694566602636463,0.0744263861879442,0.367548646840541,0.392383804167629
30.7624999999992,0,0.0694566463394612,0.0744263861879442,0.367548537539429,0.392383804167629
30.7687499999992,0,0.0694566324562909,0.0744263861879442,0.367548428560243,0.392383804167629
30.7749999999992,0,0.0694566186140147,0.0744263861879442,0.367548319902037,0.392383804167629
30.7812499999992,0,0.0694566048125123,0.0744263861879442,0.367548211563863,0.392383804167629
30.7874999999992,0,0.0694565910516634,0.0744263861879442,0.36754810354478,0.392383804167629
30.7937499999992,0,0.0694565773313483,0.0744263861879442,0.367547995843849,0.392383804167629
30.7999999999992,0,0.0694565636514476,0.0744263861879442,0.367547888460131,0.392383804167629
30.8062499999992,0,0.0694565500118424,0.0744263861879442,0.367547781392694,0.392383804167629
30.8124999999992,0,0.0694565364124139,0.0744263861879442,0.367547674640606,0.392383804167629
30.8187499999992,0,0.0694565228530438,0.0744263861879442,0.367547568202937,0.392383804167629
30.8249999999992,0,0.069456509333614,0.0744263861879442,0.367547462078763,0.392383804167629
30.8312499999992,0,0.0694564958540071,0.0744263861879442,0.36754735626716,0.392383804167629
30.8374999999992,0,0.0694564824141055,0.0744263861879442,0.367547250767207,0.392383804167629
30.8437499999992,0,0.0694564690137925,0.0744263861879442,0.367547145577987,0.392383804167629
30.8499999999992,0,0.0694564556529514,0.0744263861879442,0.367547040698584,0.392383804167629
30.8562499999992,0,0.0694564423314659,0.0744263861879442,0.367546936128087,0.392383804167629
30.8624999999992,0,0.0694564290492202,0.0744263861879442,0.367546831865585,0.392383804167629
30.8687499999992,0,0.0694564158060986,0.0744263861879442,0.367546727910172,0.392383804167629
30.8749999999992,0,0.0694564026019859,0.0744263861879442,0.367546624260943,0.392383804167629
30.8812499999992,0,0.0694563894367673,0.0744263861879442,0.367546520916996,0.392383804167629
30.8874999999992,0,0.069456376310328,0.0744263861879442,0.367546417877433,0.392383804167629
30.8937499999992,0,0.0694563632225541,0.0744263861879442,0.367546315141357,0.392383804167629
30.8999999999992,0,0.0694563501733314,0.0744263861879442,0.367546212707875,0.392383804167629
30.9062499999992,0,0.0694563371625466,0.0744263861879442,0.367546110576095,0.392383804167629
30.9124999999992,0,0.0694563241900863,0.0744263861879442,0.367546008745128,0.392383804167629
30.9187499999992,0,0.0694563112558378,0.0744263861879442,0.367545907214089,0.392383804167629
30.9249999999992,0,0.0694562983596884,0.0744263861879442,0.367545805982095,0.392383804167629
30.9312499999992,0,0.0694562855015259,0.0744263861879442,0.367545705048265,0.392383804167629
30.9374999999992,0,0.0694562726812385,0.0744263861879442,0.367545604411721,0.392383804167629
30.9437499999991,0,0.0694562598987146,0.0744263861879442,0.367545504071588,0.392383804167629
30.9499999999992,0,0.0694562471538429,0.0744263861879442,0.367545404026992,0.392383804167629
30.9562499999992,0,0.0694562344465125,0.0744263861879442,0.367545304277063,0.392383804167629
30.9624999999991,0,0.069456221776613,0.0744263861879442,0.367545204820933,0.392383804167629
30.9687499999991,0,0.069456209144034,0.0744263861879442,0.367545105657738,0.392383804167629
30.9749999999991,0,0.0694561965486656,0.0744263861879442,0.367545006786614,0.392383804167629
30.9812499999992,0,0.0694561839903982,0.0744263861879442,0.367544908206702,0.392383804167629
30.9874999999991,0,0.0694561714691225,0.0744263861879442,0.367544809917143,0.392383804167629
30.9937499999991,0,0.0694561589847296,0.0744263861879442,0.367544711917083,0.392383804167629
30.9999999999991,0,0.0694561465371108,0.0744263861879442,0.367544614205669,0.392383804167629
31.0062499999991,0,0.0694561341261578,0.0744263861879442,0.367544516782052,0.392383804167629
31.0124999999991,0,0.0694561217517626,0.0744263861879442,0.367544419645383,0.392383804167629
31.0187499999991,0,0.0694561094138176,0.0744263861879442,0.367544322794817,0.392383804167629
31.0249999999991,0,0.0694560971122154,0.0744263861879442,0.367544226229513,0.392383804167629
31.0312499999991,0,0.0694560848468489,0.0744263861879442,0.367544129948629,0.392383804167629
31.0374999999991,0,0.0694560726176114,0.0744263861879442,0.367544033951329,0.392383804167629
31.0437499999991,0,0.0694560604243965,0.0744263861879442,0.367543938236777,0.392383804167629
31.0499999999991,0,0.0694560482670981,0.0744263861879442,0.36754384280414,0.392383804167629
31.0562499999991,0,0.0694560361456103,0.0744263861879442,0.367543747652588,0.392383804167629
31.0624999999991,0,0.0694560240598278,0.0744263861879442,0.367543652781294,0.392383804167629
31.0687499999991,0,0.0694560120096453,0.0744263861879442,0.367543558189432,0.392383804167629
31.0749999999991,0,0.0694559999949581,0.0744263861879442,0.367543463876179,0.392383804167629
31.0812499999991,0,0.0694559880156614,0.0744263861879442,0.367543369840715,0.392383804167629
31.0874999999991,0,0.0694559760716512,0.0744263861879442,0.367543276082221,0.392383804167629
31.0937499999991,0,0.0694559641628234,0.0744263861879442,0.367543182599882,0.392383804167629
31.0999999999991,0,0.0694559522890745,0.0744263861879442,0.367543089392885,0.392383804167629
31.1062499999991,0,0.069455940450301,0.0744263861879442,0.367542996460419,0.392383804167629
31.1124999999991,0,0.0694559286464001,0.0744263861879442,0.367542903801675,0.392383804167629
31.1187499999991,0,0.069455916877269,0.0744263861879442,0.367542811415847,0.392383804167629
31.1249999999991,0,0.0694559051428052,0.0744263861879442,0.367542719302131,0.392383804167629
31.1312499999991,0,0.0694558934429066,0.0744263861879442,0.367542627459727,0.392383804167629
31.1374999999991,0,0.0694558817774716,0.0744263861879442,0.367542535887834,0.392383804167629
31.1437499999991,0,0.0694558701463984,0.0744263861879442,0.367542444585657,0.392383804167629
31.1499999999991,0,0.069455858549586,0.0744263861879442,0.367542353552402,0.392383804167629
31.1562499999991,0,0.0694558469869334,0.0744263861879442,0.367542262787275,0.392383804167629
31.1624999999991,0,0.0694558354583399,0.0744263861879442,0.367542172289487,0.392383804167629
31.1687499999991,0,0.0694558239637054,0.0744263861879442,0.367542082058252,0.392383804167629
31.1749999999991,0,0.0694558125029297,0.0744263861879442,0.367541992092784,0.392383804167629
31.1812499999991,0,0.0694558010759131,0.0744263861879442,0.3675419023923,0.392383804167629
31.1874999999991,0,0.0694557896825562,0.0744263861879442,0.367541812956021,0.392383804167629
31.1937499999991,0,0.0694557783227598,0.0744263861879442,0.367541723783167,0.392383804167629
31.1999999999991,0,0.0694557669964251,0.0744263861879442,0.367541634872964,0.392383804167629
31.2062499999991,0,0.0694557557034536,0.0744263861879442,0.367541546224637,0.392383804167629
31.2124999999991,0,0.0694557444437469,0.0744263861879442,0.367541457837416,0.392383804167629
31.2187499999991,0,0.069455733217207,0.0744263861879442,0.367541369710531,0.392383804167629
31.2249999999991,0,0.0694557220237364,0.0744263861879442,0.367541281843216,0.392383804167629
31.2312499999991,0,0.0694557108632375,0.0744263861879442,0.367541194234707,0.392383804167629
31.2374999999991,0,0.0694556997356133,0.0744263861879442,0.36754110688424,0.392383804167629
31.2437499999991,0,0.069455688640767,0.0744263861879442,0.367541019791057,0.392383804167629
31.2499999999991,0,0.0694556775786019,0.0744263861879442,0.367540932954399,0.392383804167629
31.2562499999991,0,0.0694556665490218,0.0744263861879442,0.367540846373511,0.392383804167629
31.2624999999991,0,0.0694556555519308,0.0744263861879442,0.36754076004764,0.392383804167629
31.2687499999991,0,0.0694556445872331,0.0744263861879442,0.367540673976035,0.392383804167629
31.2749999999991,0,0.0694556336548334,0.0744263861879442,0.367540588157947,0.392383804167629
31.2812499999991,0,0.0694556227546364,0.0744263861879442,0.367540502592629,0.392383804167629
31.2874999999991,0,0.0694556118865474,0.0744263861879442,0.367540417279336,0.392383804167629
31.2937499999991,0,0.0694556010504718,0.0744263861879442,0.367540332217328,0.392383804167629
31.2999999999991,0,0.0694555902463153,0.0744263861879442,0.367540247405863,0.392383804167629
31.3062499999991,0,0.0694555794739838,0.0744263861879442,0.367540162844203,0.392383804167629
31.3124999999991,0,0.0694555687333836,0.0744263861879442,0.367540078531614,0.392383804167629
31.3187499999991,0,0.0694555580244213,0.0744263861879442,0.367539994467362,0.392383804167629
31.3249999999991,0,0.0694555473470037,0.0744263861879442,0.367539910650714,0.392383804167629
31.3312499999991,0,0.0694555367010379,0.0744263861879442,0.367539827080942,0.392383804167629
31.3374999999991,0,0.0694555260864311,0.0744263861879442,0.367539743757319,0.392383804167629
31.3437499999991,0,0.0694555155030911,0.0744263861879442,0.367539660679121,0.392383804167629
31.3499999999991,0,0.0694555049509257,0.0744263861879442,0.367539577845623,0.392383804167629
31.3562499999991,0,0.0694554944298432,0.0744263861879442,0.367539495256106,0.392383804167629
31.3624999999991,0,0.0694554839397519,0.0744263861879442,0.36753941290985,0.392383804167629
31.3687499999991,0,0.0694554734805607,0.0744263861879442,0.36753933080614,0.392383804167629
31.3749999999991,0,0.0694554630521784,0.0744263861879442,0.367539248944262,0.392383804167629
31.3812499999991,0,0.0694554526545143,0.0744263861879442,0.367539167323502,0.392383804167629
31.3874999999991,0,0.069455442287478,0.0744263861879442,0.367539085943151,0.392383804167629
31.3937499999991,0,0.0694554319509792,0.0744263861879442,0.367539004802501,0.392383804167629
31.3999999999991,0,0.0694554216449279,0.0744263861879442,0.367538923900846,0.392383804167629
31.4062499999991,0,0.0694554113692346,0.0744263861879442,0.367538843237482,0.392383804167629
31.4124999999991,0,0.0694554011238098,0.0744263861879442,0.367538762811707,0.392383804167629
31.4187499999991,0,0.0694553909085643,0.0744263861879442,0.367538682622822,0.392383804167629
31.4249999999991,0,0.0694553807234092,0.0744263861879442,0.367538602670129,0.392383804167629
31.4312499999991,0,0.0694553705682559,0.0744263861879442,0.367538522952931,0.392383804167629
31.4374999999991,0,0.069455360443016,0.0744263861879442,0.367538443470537,0.392383804167629
31.4437499999991,0,0.0694553503476015,0.0744263861879442,0.367538364222254,0.392383804167629
31.4499999999991,0,0.0694553402819244,0.0744263861879442,0.367538285207392,0.392383804167629
31.4562499999991,0,0.0694553302458972,0.0744263861879442,0.367538206425265,0.392383804167629
31.4624999999991,0,0.0694553202394326,0.0744263861879442,0.367538127875186,0.392383804167629
31.4687499999991,0,0.0694553102624434,0.0744263861879442,0.367538049556473,0.392383804167629
31.4749999999991,0,0.0694553003148429,0.0744263861879442,0.367537971468444,0.392383804167629
31.4812499999991,0,0.0694552903965444,0.0744263861879442,0.367537893610419,0.392383804167629
31.4874999999991,0,0.0694552805074617,0.0744263861879442,0.367537815981721,0.392383804167629
31.4937499999991,0,0.0694552706475088,0.0744263861879442,0.367537738581676,0.392383804167629
31.4999999999991,0,0.0694552608165997,0.0744263861879442,0.367537661409609,0.392383804167629
31.5062499999991,0,0.069455251014649,0.0744263861879442,0.367537584464848,0.392383804167629
31.5124999999991,0,0.0694552412415714,0.0744263861879442,0.367537507746726,0.392383804167629
31.5187499999991,0,0.0694552314972818,0.0744263861879442,0.367537431254573,0.392383804167629
31.5249999999991,0,0.0694552217816955,0.0744263861879442,0.367537354987725,0.392383804167629
31.5312499999991,0,0.0694552120947278,0.0744263861879442,0.367537278945518,0.392383804167629
31.5374999999991,0,0.0694552024362945,0.0744263861879442,0.36753720312729,0.392383804167629
31.5437499999991,0,0.0694551928063115,0.0744263861879442,0.367537127532382,0.392383804167629
31.5499999999991,0,0.0694551832046951,0.0744263861879442,0.367537052160137,0.392383804167629
31.5562499999991,0,0.0694551736313617,0.0744263861879442,0.367536977009897,0.392383804167629
31.5624999999991,0,0.0694551640862279,0.0744263861879442,0.36753690208101,0.392383804167629
31.5687499999991,0,0.0694551545692107,0.0744263861879442,0.367536827372823,0.392383804167629
31.5749999999991,0,0.0694551450802274,0.0744263861879442,0.367536752884687,0.392383804167629
31.5812499999991,0,0.0694551356191952,0.0744263861879442,0.367536678615953,0.392383804167629
31.5874999999991,0,0.069455126186032,0.0744263861879442,0.367536604565976,0.392383804167629
31.5937499999991,0,0.0694551167806555,0.0744263861879442,0.36753653073411,0.392383804167629
31.5999999999991,0,0.069455107402984,0.0744263861879442,0.367536457119714,0.392383804167629
31.6062499999991,0,0.0694550980529358,0.0744263861879442,0.367536383722148,0.392383804167629
31.6124999999991,0,0.0694550887304297,0.0744263861879442,0.367536310540771,0.392383804167629
31.6187499999991,0,0.0694550794353843,0.0744263861879442,0.367536237574949,0.392383804167629
31.6249999999991,0,0.069455070167719,0.0744263861879442,0.367536164824046,0.392383804167629
31.6312499999991,0,0.069455060927353,0.0744263861879442,0.367536092287428,0.392383804167629
31.6374999999991,0,0.0694550517142059,0.0744263861879442,0.367536019964466,0.392383804167629
31.6437499999991,0,0.0694550425281975,0.0744263861879442,0.367535947854529,0.392383804167629
31.6499999999991,0,0.0694550333692479,0.0744263861879442,0.36753587595699,0.392383804167629
31.6562499999991,0,0.0694550242372774,0.0744263861879442,0.367535804271225,0.392383804167629
31.6624999999991,0,0.0694550151322066,0.0744263861879442,0.367535732796608,0.392383804167629
31.6687499999991,0,0.0694550060539561,0.0744263861879442,0.367535661532518,0.392383804167629
31.6749999999991,0,0.069454997002447,0.0744263861879442,0.367535590478335,0.392383804167629
31.6812499999991,0,0.0694549879776006,0.0744263861879442,0.367535519633442,0.392383804167629
31.6874999999991,0,0.0694549789793382,0.0744263861879442,0.36753544899722,0.392383804167629
31.6937499999991,0,0.0694549700075817,0.0744263861879442,0.367535378569057,0.392383804167629
31.6999999999991,0,0.0694549610622529,0.0744263861879442,0.367535308348339,0.392383804167629
31.7062499999991,0,0.0694549521432739,0.0744263861879442,0.367535238334455,0.392383804167629
31.7124999999991,0,0.0694549432505672,0.0744263861879442,0.367535168526796,0.392383804167629
31.7187499999991,0,0.0694549343840553,0.0744263861879442,0.367535098924754,0.392383804167629
31.7249999999991,0,0.0694549255436612,0.0744263861879442,0.367535029527725,0.392383804167629
31.7312499999991,0,0.0694549167293078,0.0744263861879442,0.367534960335104,0.392383804167629
31.7374999999991,0,0.0694549079409186,0.0744263861879442,0.367534891346289,0.392383804167629
31.7437499999991,0,0.0694548991784169,0.0744263861879442,0.36753482256068,0.392383804167629
31.7499999999991,0,0.0694548904417265,0.0744263861879442,0.367534753977678,0.392383804167629
31.7562499999991,0,0.0694548817307715,0.0744263861879442,0.367534685596688,0.392383804167629
31.7624999999991,0,0.069454873045476,0.0744263861879442,0.367534617417113,0.392383804167629
31.7687499999991,0,0.0694548643857645,0.0744263861879442,0.367534549438361,0.392383804167629
31.7749999999991,0,0.0694548557515615,0.0744263861879442,0.367534481659839,0.392383804167629
31.7812499999991,0,0.0694548471427919,0.0744263861879442,0.36753441408096,0.392383804167629
31.7874999999991,0,0.0694548385593809,0.0744263861879442,0.367534346701134,0.392383804167629
31.7937499999991,0,0.0694548300012537,0.0744263861879442,0.367534279519774,0.392383804167629
31.7999999999991,0,0.0694548214683358,0.0744263861879442,0.367534212536298,0.392383804167629
31.8062499999991,0,0.0694548129605531,0.0744263861879442,0.367534145750121,0.392383804167629
31.8124999999991,0,0.0694548044778314,0.0744263861879442,0.367534079160664,0.392383804167629
31.8187499999991,0,0.0694547960200969,0.0744263861879442,0.367534012767345,0.392383804167629
31.8249999999991,0,0.0694547875872761,0.0744263861879442,0.367533946569588,0.392383804167629
31.8312499999991,0,0.0694547791792955,0.0744263861879442,0.367533880566817,0.392383804167629
31.8374999999991,0,0.0694547707960821,0.0744263861879442,0.367533814758458,0.392383804167629
31.8437499999991,0,0.0694547624375627,0.0744263861879442,0.367533749143937,0.392383804167629
31.8499999999991,0,0.0694547541036648,0.0744263861879442,0.367533683722684,0.392383804167629
31.8562499999991,0,0.0694547457943158,0.0744263861879442,0.36753361849413,0.392383804167629
31.8624999999991,0,0.0694547375094433,0.0744263861879442,0.367533553457707,0.392383804167629
31.8687499999991,0,0.0694547292489752,0.0744263861879442,0.36753348861285,0.392383804167629
31.8749999999991,0,0.0694547210128398,0.0744263861879442,0.367533423958993,0.392383804167629
31.8812499999991,0,0.0694547128009652,0.0744263861879442,0.367533359495576,0.392383804167629
31.8874999999991,0,0.0694547046132802,0.0744263861879442,0.367533295222035,0.392383804167629
31.8937499999991,0,0.0694546964497133,0.0744263861879442,0.367533231137814,0.392383804167629
31.8999999999991,0,0.0694546883101935,0.0744263861879442,0.367533167242353,0.392383804167629
31.9062499999991,0,0.0694546801946501,0.0744263861879442,0.367533103535097,0.392383804167629
31.9124999999991,0,0.0694546721030124,0.0744263861879442,0.367533040015492,0.392383804167629
31.9187499999991,0,0.06945466403521,0.0744263861879442,0.367532976682985,0.392383804167629
31.9249999999991,0,0.0694546559911726,0.0744263861879442,0.367532913537024,0.392383804167629
31.9312499999991,0,0.0694546479708303,0.0744263861879442,0.367532850577062,0.392383804167629
31.9374999999991,0,0.0694546399741133,0.0744263861879442,0.367532787802548,0.392383804167629
31.9437499999991,0,0.069454632000952,0.0744263861879442,0.367532725212939,0.392383804167629
31.9499999999991,0,0.069454624051277,0.0744263861879442,0.367532662807688,0.392383804167629
31.9562499999991,0,0.0694546161250191,0.0744263861879442,0.367532600586253,0.392383804167629
31.9624999999991,0,0.0694546082221094,0.0744263861879442,0.367532538548092,0.392383804167629
31.9687499999991,0,0.0694546003424791,0.0744263861879442,0.367532476692666,0.392383804167629
31.9749999999991,0,0.0694545924860595,0.0744263861879442,0.367532415019437,0.392383804167629
31.9812499999993,0,0.0694545846527824,0.0744263861879442,0.367532353527868,0.392383804167629
31.9874999999995,0,0.0694545768425795,0.0744263861879442,0.367532292217423,0.392383804167629
31.9937499999998,0,0.069454569055383,0.0744263861879442,0.36753223108757,0.392383804167629
32,0,0.069454561291125,0.0744263861879442,0.367532170137777,0.392383804167629
