time,nominal_speed,true_speed_upper,uncertainty_scale,dynamic_r,global_r,dynamic_s,global_s
0,0,0.369372324149984,0.258527244615498,0.105717761840721,0.105717761840721,0,0
4.44263207378984e-05,0,0.369482017374912,0.258532310072715,0.105717460102977,0.105717761840721,3.16969492158329e-05,3.16969927818291e-05
8.88526414757968e-05,0,0.369591704240325,0.258537376740204,0.105717158374279,0.105717761840721,6.33920692336534e-05,6.33922434926981e-05
0.000133278962213695,0,0.369701384746584,0.258542444617721,0.105716856654627,0.105717761840721,9.50853601566068e-05,9.50857522282672e-05
0.000177705282951594,0,0.369811058894051,0.258547513705021,0.105716554944023,0.105717761840721,0.000126776822087833,0.000126777519084452
0.000399836886641085,0,0.370359334262147,0.258572877279694,0.105715046526711,0.105717761840721,0.000285206700477546,0.000285210228523306
0.000621968490330577,0,0.370907450714627,0.258598271062226,0.105713538335612,0.105717761840721,0.000443590869541805,0.000443599405332801
0.000844100094020069,0,0.371455408296638,0.258623695022051,0.105712030370761,0.105717761840721,0.00060192934216678,0.000601945061474429
0.00106623169770956,0,0.372003207053314,0.258649149128622,0.105710522632192,0.105717761840721,0.000760222131235153,0.000760247208906414
0.00217688971615702,0,0.374739820035513,0.258776870795016,0.105702987334815,0.105717761840721,0.00155100127387879,0.00155110573372801
0.00328754773460448,0,0.377472469147356,0.258905341560263,0.105695457699745,0.105717761840721,0.00234064025800376,0.00234087833264877
0.00439820575305194,0,0.380201160016674,0.259034557629877,0.105687933731307,0.105717761840721,0.00312914069002338,0.00312956649675076
0.0055088637714994,0,0.382925898263565,0.25916451522256,0.105680415433783,0.105717761840721,0.0039165041741788,0.00391717171506889
0.010157020674101,0,0.394286298187151,0.259716355308633,0.105649012621893,0.105717761840721,0.0071993580965456,0.00720162064683345
0.0148051775767027,0,0.405577977439113,0.260280843486475,0.105617709510459,0.105717761840721,0.0104624438291818,0.0104672367925627
0.0194533344793043,0,0.416801343578678,0.260857710000562,0.10558650639046,0.105717761840721,0.013705877728311,0.013714128138052
0.024101491381906,0,0.427956801833181,0.261446689014705,0.10555540354078,0.105717761840721,0.016929775494848,0.016942402049914
0.029101491381906,0,0.4398813227798,0.262093473633157,0.105522058602951,0.105717761840721,0.0203760281766465,0.0203943782792021
0.034101491381906,0,0.451728230781343,0.262753649655303,0.105488830315753,0.105717761840721,0.0237999506679595,0.0238250674989865
0.039101491381906,0,0.463498021231703,0.263426900980357,0.105455718981009,0.105717761840721,0.0272016844532617,0.0272346009780659
0.044101491381906,0,0.475191186473013,0.264112916481352,0.105422724885399,0.105717761840721,0.0305813701587256,0.030623109175755
0.049101491381906,0,0.486808215797079,0.264811389935471,0.105389848300655,0.105717761840721,0.033939147552442,0.0339907217468764
0.054101491381906,0,0.498349595436593,0.265522019954489,0.105357089483927,0.105717761840721,0.0372751555415361,0.0373375675467208
0.059101491381906,0,0.509815808620179,0.26624450991994,0.105324448678093,0.105717761840721,0.0405895321876142,0.0406637746359782
0.064101491381906,0,0.521207335595099,0.266978567917384,0.105291926111926,0.105717761840721,0.0438824147130936,0.0439694702856377
0.069101491381906,0,0.532524653628691,0.267723906670147,0.105259522000277,0.105717761840721,0.0471539395014319,0.0472547809818567
0.074101491381906,0,0.543768236999843,0.26848024347312,0.105227236544428,0.105717761840721,0.0504042420943345,0.0505198324308016
0.079101491381906,0,0.55493855705286,0.269247300131494,0.105195069932373,0.105717761840721,0.0536334572068876,0.0537647495634569
0.084101491381906,0,0.566036082219707,0.270024802898415,0.105163022338986,0.105717761840721,0.056841718733763,0.0569896565404061
0.089101491381906,0,0.577061278021438,0.270812482411983,0.105131093926185,0.105717761840721,0.060029159749456,0.0601946767565818
0.094101491381906,0,0.588014607059917,0.271610073632239,0.105099284843271,0.105717761840721,0.0631959125055799,0.0633799328459878
0.099101491381906,0,0.598896529070539,0.272417315783296,0.105067595227195,0.105717761840721,0.0663421084456904,0.0665455466863908
0.104101491381906,0,0.609707500944002,0.273233952294211,0.105036025202704,0.105717761840721,0.0694678782113657,0.0696916394039847
0.109101491381906,0,0.620447976727735,0.274059730739096,0.105004574882509,0.105717761840721,0.0725733516424524,0.0728183313780244
0.114101491381906,0,0.631118407617854,0.274894402777131,0.1049732443676,0.105717761840721,0.0756586577744442,0.0759257422454324
0.119101491381906,0,0.641719242010754,0.275737724097929,0.104942033747498,0.105717761840721,0.0787239248530006,0.0790139909053762
0.124101491381906,0,0.652250925524419,0.276589454365466,0.10491094310039,0.105717761840721,0.0817692803399054,0.0820831955238179
0.129101491381906,0,0.662713900999845,0.277449357161152,0.10487997249329,0.105717761840721,0.0847948509133179,0.0851334735380358
0.134101491381906,0,0.673108608493223,0.27831719992673,0.104849121982338,0.105717761840721,0.0878007624652342,0.0881649416611172
0.139101491381906,0,0.683435485326426,0.27919275391271,0.104818391613032,0.105717761840721,0.0907871401157039,0.0911777158864251
0.144101491381906,0,0.693694966107857,0.280075794125211,0.10478778142036,0.105717761840721,0.0937541082186677,0.0941719114920361
0.149101491381906,0,0.703887482733866,0.280966099271839,0.104757291428948,0.105717761840721,0.0967017903622143,0.0971476430451508
0.154101491381906,0,0.71401346438116,0.281863451707349,0.104726921653346,0.105717761840721,0.0996303093661204,0.100105024406478
0.159101491381906,0,0.72407333755619,0.282767637384985,0.104696672098245,0.105717761840721,0.10253978729577,0.103044168734592
0.164101491381906,0,0.734067526115556,0.283678445806088,0.104666542758599,0.105717761840721,0.105430345467874,0.105965188490262
0.169101491381906,0,0.743996451267411,0.284595669968656,0.104636533619764,0.105717761840721,0.108302104450728,0.108868195440752
0.174101491381906,0,0.753860531564091,0.285519106315631,0.104606644657775,0.105717761840721,0.111155184061832,0.111753300664104
0.179101491381906,0,0.763660182950423,0.286448554688992,0.104576875839542,0.105717761840721,0.113989703381517,0.114620614553383
0.184101491381906,0,0.773395818783688,0.287383818282006,0.104547227122968,0.105717761840721,0.116805780758542,0.117470246820901
0.189101491381906,0,0.783067849835018,0.288324703590327,0.104517698457081,0.105717761840721,0.119603533810363,0.120302306502419
0.194101491381906,0,0.792676684282235,0.289271020362792,0.104488289782291,0.105717761840721,0.122383079420819,0.123116901961314
0.199101491381906,0,0.802222727757096,0.290222581558127,0.104459001030581,0.105717761840721,0.125144533753474,0.125914140892729
0.204101491381906,0,0.811706383364829,0.291179203299701,0.104429832125614,0.105717761840721,0.127888012257097,0.128694130327693
0.209101491381906,0,0.821128051685513,0.292140704829053,0.104400782982851,0.105717761840721,0.130613629665932,0.131456976637214
0.214101491381906,0,0.830488130767122,0.293106908459067,0.104371853509811,0.105717761840721,0.133321499997459,0.134202785536353
0.219101491381906,0,0.83978701617173,0.294077639533164,0.104343043606232,0.105717761840721,0.13601173656545,0.136931662088266
0.224101491381906,0,0.849025100994619,0.295052726382433,0.104314353164178,0.105717761840721,0.138684451985331,0.139643710708224
0.229101491381906,0,0.858202775865647,0.296032000281469,0.104285782068157,0.105717761840721,0.141339758174458,0.14233903516761
0.234101491381906,0,0.867320428942489,0.297015295403811,0.104257330195354,0.105717761840721,0.143977766349948,0.145017738597889
0.239101491381906,0,0.87637844595582,0.298002448783496,0.104228997415794,0.105717761840721,0.146598587041449,0.147679923494555
0.244101491381906,0,0.885377210228001,0.298993300274445,0.104200783592434,0.105717761840721,0.149202330096396,0.150325691721049
0.249101491381906,0,0.894317102674435,0.2999876925085,0.104172688581274,0.105717761840721,0.151789104680285,0.152955144512661
0.254101491381906,0,0.903198501797,0.300985470853022,0.104144712231585,0.105717761840721,0.154359019274568,0.155568382480402
0.259101491381906,0,0.912021783728225,0.301986483374676,0.104116854386054,0.105717761840721,0.156912181689155,0.158165505614853
0.264101491381906,0,0.920787322249565,0.30299058080097,0.104089114880873,0.105717761840721,0.159448699067549,0.160746613289992
0.269101491381906,0,0.929495488792739,0.303997616480378,0.104061493545843,0.105717761840721,0.161968677887128,0.163311804266996
0.274101491381906,0,0.938146652433356,0.305007446341994,0.104033990204591,0.105717761840721,0.164472223957106,0.165861176698019
0.279101491381906,0,0.946741179934095,0.306019928861438,0.104006604674703,0.105717761840721,0.166959442430752,0.16839482812995
0.284101491381906,0,0.955279435762579,0.307034925024429,0.103979336767808,0.105717761840721,0.169430437810429,0.170912855508143
0.289101491381906,0,0.963761782092699,0.308052298288906,0.103952186289677,0.105717761840721,0.171885313947871,0.173415355180125
0.294101491381906,0,0.972188578798415,0.30907191454663,0.103925153040427,0.105717761840721,0.174324174042202,0.175902422899289
0.299101491381906,0,0.980560183495973,0.310093642091104,0.103898236814648,0.105717761840721,0.176747120651898,0.178374153828552
0.304101491381906,0,0.988876951561375,0.311117351583082,0.103871437401475,0.105717761840721,0.179154255699706,0.180830642543996
0.309101491381906,0,0.997139236131688,0.31214291601458,0.103844754584689,0.105717761840721,0.181545680472931,0.183271983038491
0.314101491381906,0,1.00534738809902,0.313170210672345,0.103818188142904,0.105717761840721,0.183921495621511,0.185698268725289
0.319101491381906,0,1.0135017561518,0.314199113107674,0.103791737849688,0.105717761840721,0.186281801169715,0.188109592441597
0.324101491381906,0,1.02160268679181,0.315229503103765,0.103765403473632,0.105717761840721,0.188626696520961,0.190506046452131
0.329101491381906,0,1.02965052433554,0.316261262641529,0.103739184778437,0.105717761840721,0.190956280458095,0.192887722452648
0.334101491381906,0,1.03764561090831,0.317294275864829,0.103713081523102,0.105717761840721,0.193270651141532,0.195254711573449
0.339101491381906,0,1.04558828648455,0.318328429052107,0.103687093462032,0.105717761840721,0.195569906120692,0.197607104382874
0.344101491381906,0,1.05347888890459,0.319363610585479,0.103661220345095,0.105717761840721,0.197854142338712,0.199944990890758
0.349101491381906,0,1.06131775387586,0.320399710918257,0.103635461917717,0.105717761840721,0.200123456132728,0.202268460551883
0.354101491381906,0,1.06910521496723,0.321436622541883,0.103609817921051,0.105717761840721,0.202377943232069,0.204577602269398
0.359101491381906,0,1.07684160364841,0.322474239959255,0.103584288092079,0.105717761840721,0.204617698769442,0.206872504398219
0.364101491381906,0,1.08452724930629,0.323512459655492,0.103558872163666,0.105717761840721,0.20684281728554,0.209153254748412
0.369101491381906,0,1.09216247924617,0.324551180067072,0.103533569864647,0.105717761840721,0.209053392729321,0.211419940588551
0.374101491381906,0,1.09974761868626,0.325590301550381,0.103508380919994,0.105717761840721,0.211249518456261,0.213672648649061
0.379101491381906,0,1.10728299079616,0.326629726356656,0.103483305050899,0.105717761840721,0.213431287239285,0.21591146512553
0.384101491381906,0,1.11476891671284,0.32766935860432,0.103458341974837,0.105717761840721,0.215598791273276,0.218136475682014
0.389101491381906,0,1.12220571554185,0.328709104249675,0.103433491405636,0.105717761840721,0.217752122175355,0.22034776545431
0.394101491381906,0,1.12959370435198,0.329748871056976,0.103408753053643,0.105717761840721,0.219891370983182,0.222545419053218
0.399101491381906,0,1.13693319821284,0.330788568574905,0.103384126625798,0.105717761840721,0.222016628165645,0.224729520567771
0.404101491381906,0,1.14422451021051,0.331828108110405,0.103359611825693,0.105717761840721,0.224127983627269,0.226900153568462
0.409101491381906,0,1.15146795144869,0.33286740270084,0.103335208353635,0.105717761840721,0.226225526708494,0.229057401110434
0.414101491381906,0,1.15866383104355,0.333906367085532,0.103310915906808,0.105717761840721,0.228309346184028,0.231201345736662
0.419101491381906,0,1.16581245616042,0.334944917683675,0.103286734179341,0.105717761840721,0.230379530273295,0.233332069481111
0.424101491381906,0,1.17291413202908,0.335982972569596,0.103262662862353,0.105717761840721,0.232436166644746,0.235449653871871
0.429101491381906,0,1.17996916194493,0.337020451446314,0.103238701644028,0.105717761840721,0.234479342416136,0.237554179934284
0.434101491381906,0,1.18697784726392,0.338057275618456,0.103214850209754,0.105717761840721,0.236509144152925,0.239645728194036
0.439101491381906,0,1.19394048743847,0.33909336797155,0.103191108242195,0.105717761840721,0.23852565787849,0.241724378680245
0.444101491381906,0,1.20085738003232,0.34012865294863,0.103167475421328,0.105717761840721,0.240528969078341,0.243790210928518
0.449101491381906,0,1.20772882072177,0.341163056525125,0.103143951424513,0.105717761840721,0.242519162700396,0.245843303983998
0.454101491381906,0,1.2145551032907,0.342196506183092,0.103120535926629,0.105717761840721,0.244496323153428,0.247883736404386
0.459101491381906,0,1.22133651966566,0.343228930891814,0.103097228600135,0.105717761840721,0.246460534317049,0.249911586262949
0.464101491381906,0,1.22807335993042,0.344260261085674,0.103074029115107,0.105717761840721,0.248411879545827,0.251926931151505
0.469101491381906,0,1.23476591232712,0.345290428640314,0.103050937139304,0.105717761840721,0.25035044166956,0.253929848183393
0.474101491381906,0,1.24141446325149,0.346319366848123,0.103027952338296,0.105717761840721,0.252276302991774,0.255920413996426
0.479101491381906,0,1.24801929728709,0.34734701040006,0.103005074375518,0.105717761840721,0.254189545299471,0.257898704755818
0.484101491381906,0,1.25458069721954,0.348373295364741,0.102982302912308,0.105717761840721,0.256090249867162,0.259864796157104
0.489101491381906,0,1.26109894403764,0.349398159165803,0.102959637607964,0.105717761840721,0.257978497457134,0.261818763429032
0.494101491381906,0,1.26757431692874,0.350421540558585,0.102937078119871,0.105717761840721,0.259854368317989,0.263760681336443
0.499101491381906,0,1.27400709331216,0.351443379613107,0.102914624103547,0.105717761840721,0.26171794219418,0.265690624183134
0.504101491381906,0,1.28039754885312,0.352463617694317,0.102892275212676,0.105717761840721,0.26356929832994,0.267608665814698
0.509101491381906,0,1.28674595746379,0.353482197440588,0.102870031099166,0.105717761840721,0.265408515469557,0.26951487962135
0.514101491381906,0,1.29305259129884,0.354499062741541,0.102847891413265,0.105717761840721,0.267235671855952,0.271409338540736
0.519101491381906,0,1.29931772078808,0.35551415872212,0.102825855803605,0.105717761840721,0.269050845239993,0.273292115060724
0.524101491381906,0,1.30554161464999,0.356527431723931,0.102803923917233,0.105717761840721,0.270854112884341,0.275163281222178
0.529101491381906,0,1.31172453989286,0.357538829284822,0.102782095399664,0.105717761840721,0.272645551563716,0.277022908621713
0.534101491381906,0,1.31786676181041,0.35854830011779,0.10276036989499,0.105717761840721,0.274425237563523,0.278871068414434
0.539101491381906,0,1.32396854401361,0.359555794096095,0.102738747045925,0.105717761840721,0.276193246688947,0.28070783131666
0.544101491381906,0,1.33003014844402,0.360561262235626,0.102717226493824,0.105717761840721,0.277949654268713,0.282533267608633
0.549101491381906,0,1.33605183537481,0.361564656675524,0.10269580787874,0.105717761840721,0.27969453515535,0.2843474471372
0.554101491381906,0,1.3420338634065,0.362565930658111,0.102674490839529,0.105717761840721,0.281427963723856,0.28615043931849
0.559101491381906,0,1.34797648949813,0.363565038514982,0.10265327501388,0.105717761840721,0.283150013880581,0.287942313140572
0.564101491381906,0,1.35387996898018,0.36456193565036,0.102632160038345,0.105717761840721,0.284860759066907,0.289723137166088
0.569101491381906,0,1.3597445555556,0.365556578522693,0.102611145548385,0.105717761840721,0.286560272259502,0.291492979534884
0.574101491381906,0,1.36557050129572,0.366548924625565,0.102590231178469,0.105717761840721,0.288248625969029,0.293251907966613
0.579101491381906,0,1.37135805667062,0.367538932474714,0.102569416562108,0.105717761840721,0.289925892248821,0.294999989763326
0.584101491381906,0,1.37710747056176,0.368526561592314,0.102548701331871,0.105717761840721,0.291592142698478,0.296737291812049
0.589101491381906,0,1.38281899026306,0.369511772489509,0.102528085119437,0.105717761840721,0.293247448464114,0.29846388058734
0.594101491381906,0,1.3884928614768,0.370494526648252,0.102507567555687,0.105717761840721,0.294891880237109,0.300179822153837
0.599101491381906,0,1.39412932834338,0.371474786509198,0.102487148270732,0.105717761840721,0.296525508262583,0.301885182168779
0.604101491381906,0,1.3997286334536,0.372452515456867,0.102466826893929,0.105717761840721,0.298148402342898,0.303580025884525
0.609101491381906,0,1.40529101784972,0.373427677803069,0.102446603053928,0.105717761840721,0.299760631837921,0.305264418151046
0.614101491381906,0,1.41081672102152,0.374400238769619,0.102426476378765,0.105717761840721,0.301362265663797,0.30693842341841
0.619101491381906,0,1.41630598093528,0.375370164477065,0.102406446495877,0.105717761840721,0.302953372301231,0.308602105739244
0.624101491381906,0,1.42175903404582,0.376337421930682,0.102386513032126,0.105717761840721,0.304534019798911,0.310255528771189
0.629101491381906,0,1.42717611529756,0.377301979004739,0.102366675613836,0.105717761840721,0.306104275773763,0.311898755779333
0.634101491381906,0,1.4325574581206,0.37826380442606,0.102346933866882,0.105717761840721,0.307664207409765,0.313531849638632
0.639101491381906,0,1.43790329445912,0.379222867763525,0.10232728741671,0.105717761840721,0.309213881466027,0.315154872836317
0.644101491381906,0,1.44321385478308,0.380179139414864,0.102307735888348,0.105717761840721,0.310753364280146,0.316767887474285
0.649101491381906,0,1.4484893680892,0.381132590591715,0.102288278906447,0.105717761840721,0.312282721768448,0.318370955271473
0.654101491381906,0,1.4537300618973,0.382083193303995,0.102268916095366,0.105717761840721,0.313802019424836,0.319964137566223
0.659101491381906,0,1.45893616227787,0.38303092035013,0.102249647079183,0.105717761840721,0.315311322328692,0.321547495318623
0.664101491381906,0,1.46410789386358,0.383975745304603,0.102230471481713,0.105717761840721,0.31681069514814,0.32312108911285
0.669101491381906,0,1.46924547985023,0.384917642503771,0.102211388926539,0.105717761840721,0.318300202140291,0.324684979159475
0.674101491381906,0,1.47434914199315,0.385856587030997,0.102192399037098,0.105717761840721,0.319779907150126,0.326239225297778
0.679101491381906,0,1.47941910063417,0.386792554707577,0.102173501436686,0.105717761840721,0.32124987361821,0.327783886998032
0.684101491381906,0,1.4844555747128,0.387725522080994,0.102154695748475,0.105717761840721,0.322710164583874,0.329319023363778
0.689101491381906,0,1.48945878176719,0.388655466411463,0.102135981595544,0.105717761840721,0.324160842685467,0.330844693134092
0.694101491381906,0,1.49442893793065,0.389582365657784,0.102117358600958,0.105717761840721,0.325601970159264,0.332360954685825
0.699101491381906,0,1.49936625795793,0.390506198468923,0.102098826387773,0.105717761840721,0.327033608846996,0.333867866035843
0.704101491381906,0,1.50427095523615,0.391426944172942,0.10208038457905,0.105717761840721,0.328455820198965,0.335365484843241
0.709101491381906,0,1.50914324178577,0.392344582764228,0.102062032797882,0.105717761840721,0.329868665274284,0.336853868411557
0.714101491381906,0,1.51398332825715,0.393259094890037,0.102043770667475,0.105717761840721,0.331272204739824,0.338333073690956
0.719101491381906,0,1.51879142395624,0.39417046184269,0.102025597811144,0.105717761840721,0.332666498877559,0.339803157280416
0.724101491381906,0,1.52356773685527,0.395078665549143,0.102007513852329,0.105717761840721,0.334051607587613,0.34126417542989
0.729101491381906,0,1.52831247359362,0.395983688558866,0.101989518414623,0.105717761840721,0.335427590388494,0.342716184042459
0.734101491381906,0,1.53302583947456,0.396885514031043,0.101971611121841,0.105717761840721,0.33679450641607,0.344159238676472
0.739101491381906,0,1.53770803849028,0.397784125727351,0.101953791598023,0.105717761840721,0.338152414430743,0.345593394547668
0.744101491381906,0,1.54235927333228,0.398679508002131,0.101936059467442,0.105717761840721,0.339501372820423,0.347018706531297
0.749101491381906,0,1.54697974539237,0.399571645790889,0.101918414354632,0.105717761840721,0.340841439600756,0.34843522916421
0.754101491381906,0,1.5515696547593,0.400460524598118,0.101900855884458,0.105717761840721,0.342172672414131,0.349843016646952
0.759101491381906,0,1.55612920024335,0.401346130490625,0.101883383682109,0.105717761840721,0.343495128536685,0.351242122845833
0.764101491381906,0,1.56065857938641,0.402228450088275,0.10186599737311,0.105717761840721,0.344808864881204,0.352632601294993
0.769101491381906,0,1.5651579884629,0.403107470553078,0.10184869658335,0.105717761840721,0.34611393799735,0.354014505198445
0.774101491381906,0,1.56962762247664,0.403983179577605,0.101831480939141,0.105717761840721,0.347410404070694,0.355387887432113
0.779101491381906,0,1.57406767518467,0.40485556537883,0.101814350067218,0.105717761840721,0.348698318929555,0.356752800545857
0.784101491381906,0,1.57847833910723,0.40572461668942,0.101797303594746,0.105717761840721,0.349977738047832,0.358109296765482
0.789101491381906,0,1.58285980552858,0.406590322747373,0.101780341149341,0.105717761840721,0.351248716545228,0.359457427994735
0.794101491381906,0,1.58721226449397,0.407452673285004,0.101763462359136,0.105717761840721,0.352511309186311,0.360797245817296
0.799101491381906,0,1.59153590483293,0.408311658523272,0.101746666852774,0.105717761840721,0.353765570387188,0.362128801498744
0.804101491381906,0,1.59583091416892,0.409167269163576,0.101729954259411,0.105717761840721,0.355011554218269,0.363452145988526
0.809101491381906,0,1.60009747892026,0.410019496377935,0.101713324208744,0.105717761840721,0.35624931440449,0.364767329921902
0.814101491381906,0,1.60433578429703,0.410868331798498,0.101696776331064,0.105717761840721,0.3574789043244,0.366074403621884
0.819101491381906,0,1.60854601432393,0.411713767512337,0.101680310257254,0.105717761840721,0.358700377016674,0.367373417101162
0.824101491381906,0,1.61272835184962,0.412555796053724,0.101663925618788,0.105717761840721,0.359913785182812,0.368664420064017
0.829101491381906,0,1.61688297854762,0.413394410394815,0.10164762204776,0.105717761840721,0.361119181187357,0.369947461908221
0.834101491381906,0,1.62101007491341,0.414229603935674,0.101631399176932,0.105717761840721,0.362316617057008,0.37122259172693
0.839101491381906,0,1.62510982028655,0.415061370499487,0.101615256639732,0.105717761840721,0.363506144486981,0.372489858310563
0.844101491381906,0,1.62918239285998,0.41588970432531,0.101599194070251,0.105717761840721,0.364687814843636,0.373749310148666
0.849101491381906,0,1.63322796968076,0.41671460005922,0.101583211103271,0.105717761840721,0.365861679164699,0.375000995431767
0.854101491381906,0,1.6372467266473,0.417536052744831,0.101567307374311,0.105717761840721,0.367027788158395,0.376244962053225
0.859101491381906,0,1.641238838531,0.418354057818911,0.101551482519621,0.105717761840721,0.368186192209654,0.377481257611055
0.864101491381906,0,1.6452044789852,0.419168611104561,0.101535736176184,0.105717761840721,0.369336941382684,0.378709929409757
0.869101491381906,0,1.64914382054604,0.419979708802824,0.101520067981733,0.105717761840721,0.37048008542118,0.37993102446212
0.874101491381906,0,1.65305703462966,0.420787347483663,0.101504477574805,0.105717761840721,0.371615673747487,0.381144589491025
0.879101491381906,0,1.65694429155336,0.421591524081954,0.101488964594729,0.105717761840721,0.372743755468653,0.38235067093123
0.884101491381906,0,1.66080576054433,0.422392235891077,0.101473528681623,0.105717761840721,0.373864379378944,0.383549314931146
0.889101491381906,0,1.66464160974047,0.42318948055496,0.101458169476419,0.105717761840721,0.374977593960043,0.384740567354608
0.894101491381906,0,1.66845200618772,0.423983256059489,0.101442886620907,0.105717761840721,0.376083447380243,0.385924473782624
0.899101491381906,0,1.67223711586061,0.424773560728863,0.101427679757722,0.105717761840721,0.377181987500354,0.387101079515123
0.904101491381906,0,1.67599710367089,0.425560393219575,0.101412548530349,0.105717761840721,0.378273261876149,0.388270429572684
0.909101491381906,0,1.67973213346824,0.42634375251286,0.101397492583135,0.105717761840721,0.379357317758572,0.389432568698264
0.914101491381906,0,1.6834423680377,0.427123637906524,0.101382511561338,0.105717761840721,0.380434202092943,0.390587541358908
0.919101491381906,0,1.68712796911977,0.427900049011638,0.101367605111112,0.105717761840721,0.381503961524726,0.391735391747446
0.924101491381906,0,1.69078909741874,0.42867298574688,0.101352772879508,0.105717761840721,0.382566642401918,0.392876163784192
0.929101491381906,0,1.69442591260345,0.429442448331377,0.10133801451449,0.105717761840721,0.383622290775251,0.394009901118619
0.934101491381906,0,1.69803857330477,0.43020843727693,0.101323329664978,0.105717761840721,0.38467095239742,0.395136647131029
0.939101491381906,0,1.70162723713518,0.43097095338502,0.101308717980833,0.105717761840721,0.38571267272871,0.396256444934215
0.944101491381906,0,1.70519206069697,0.431729997741498,0.101294179112859,0.105717761840721,0.386747496939329,0.397369337375112
0.949101491381906,0,1.70873319958289,0.432485571709799,0.101279712712813,0.105717761840721,0.387775469909605,0.398475367036432
0.954101491381906,0,1.71225080837378,0.433237676923542,0.101265318433454,0.105717761840721,0.388796636229235,0.399574576238297
0.959101491381906,0,1.71574504065763,0.433986315283828,0.101250995928521,0.105717761840721,0.389811040202779,0.400667007039856
0.964101491381906,0,1.71921604903754,0.434731488954266,0.101236744852732,0.105717761840721,0.390818725851932,0.401752701240897
0.969101491381906,0,1.72266398513247,0.435473200354531,0.101222564861805,0.105717761840721,0.39181973691572,0.402831700383444
0.974101491381906,0,1.72608899957481,0.436211452153324,0.101208455612489,0.105717761840721,0.39281411684977,0.403904045753347
0.979101491381906,0,1.72949124202905,0.436946247265948,0.101194416762554,0.105717761840721,0.393801908831666,0.404969778381862
0.984101491381907,0,1.73287086119951,0.437677588849645,0.101180447970785,0.105717761840721,0.394783155763175,0.406028939047222
0.989101491381907,0,1.73622800483108,0.438405480297483,0.101166548896997,0.105717761840721,0.395757900270429,0.407081568276196
0.994101491381906,0,1.73956281970689,0.439129925231661,0.101152719202076,0.105717761840721,0.39672618470322,0.408127706345638
0.999101491381906,0,1.74287545166644,0.439850927501345,0.101138958547955,0.105717761840721,0.397688051140232,0.409167393284033
1.00410149138191,0,1.74616604561325,0.440568491178289,0.101125266597616,0.105717761840721,0.398643541391198,0.410200668873025
1.00910149138191,0,1.74943474551549,0.441282620551053,0.101111643015105,0.105717761840721,0.399592696997092,0.411227572648939
1.01410149138191,0,1.75268169440372,0.441993320118619,0.101098087465561,0.105717761840721,0.400535559229439,0.412248143904294
1.01910149138191,0,1.75590703438867,0.442700594588475,0.101084599615205,0.105717761840721,0.401472169095415,0.413262421689311
1.02410149138191,0,1.75911090666856,0.443404448872517,0.101071179131333,0.105717761840721,0.40240256733996,0.414270444813398
1.02910149138191,0,1.76229345152983,0.444104888081557,0.10105782568233,0.105717761840721,0.403326794445958,0.415272251846644
1.03410149138191,0,1.76545480834489,0.444801917519256,0.101044538937702,0.105717761840721,0.404244890633572,0.41626788112129
1.03910149138191,0,1.76859511558947,0.445495542680433,0.10103131856806,0.105717761840721,0.405156895865217,0.417257370733196
1.04410149138191,0,1.77171451084977,0.446185769247226,0.101018164245117,0.105717761840721,0.40606284984762,0.418240758543302
1.04910149138191,0,1.77481313082313,0.446872603083888,0.101005075641696,0.105717761840721,0.406962792032,0.419218082179071
1.05410149138191,0,1.77789111131593,0.447556050231012,0.100992052431764,0.105717761840721,0.407856761613419,0.420189379035934
1.05910149138191,0,1.7809485872604,0.44823611690405,0.100979094290417,0.105717761840721,0.408744797535634,0.421154686278719
1.06410149138191,0,1.78398569272167,0.448912809489726,0.100966200893869,0.105717761840721,0.409626938493105,0.42211404084307
1.06910149138191,0,1.78700256089843,0.449586134541097,0.100953371919468,0.105717761840721,0.410503222931175,0.423067479436866
1.07410149138191,0,1.78999932412082,0.450256098772061,0.100940607045727,0.105717761840721,0.411373689045436,0.424015038541622
1.07910149138191,0,1.79297611386688,0.450922709056073,0.100927905952302,0.105717761840721,0.412238374786461,0.424956754413885
1.08410149138191,0,1.79593306076942,0.451585972422789,0.100915268319987,0.105717761840721,0.413097317861768,0.425892663086621
1.08910149138191,0,1.79887029461665,0.452245896053388,0.100902693830728,0.105717761840721,0.413950555735991,0.426822800370598
1.09410149138191,0,1.80178794435013,0.452902487275341,0.10089018216765,0.105717761840721,0.414798125630267,0.427747201855748
1.09910149138191,0,1.80468613808082,0.453555753561316,0.10087773301504,0.105717761840721,0.415640064526849,0.428665902912536
1.10410149138191,0,1.80756500309577,0.454205702526038,0.100865346058336,0.105717761840721,0.416476409171024,0.429578938693313
1.10910149138191,0,1.81042466585874,0.454852341921859,0.100853020984142,0.105717761840721,0.41730719607128,0.430486344133655
1.11410149138191,0,1.81326525200821,0.455495679633776,0.100840757480258,0.105717761840721,0.418132461498708,0.431388153953705
1.11910149138191,0,1.81608688637304,0.456135723678507,0.100828555235652,0.105717761840721,0.418952241491507,0.432284402659503
1.12410149138191,0,1.81888969297895,0.456772482201567,0.100816413940463,0.105717761840721,0.419766571856848,0.4331751245443
1.12910149138191,0,1.8216737950492,0.457405963473059,0.100804333286006,0.105717761840721,0.420575488171041,0.434060353689876
1.13410149138191,0,1.82443931500256,0.458036175882939,0.100792312964798,0.105717761840721,0.421379025778956,0.434940123967839
1.13910149138191,0,1.82718637446868,0.45866312794025,0.10078035267054,0.105717761840721,0.422177219798411,0.435814469040927
1.14410149138191,0,1.82991509429435,0.459286828270394,0.100768452098113,0.105717761840721,0.422970105121995,0.436683422364292
1.14910149138191,0,1.83262559454415,0.459907285611144,0.10075661094358,0.105717761840721,0.423757716417231,0.437547017186779
1.15410149138191,0,1.83531799449855,0.460524508808137,0.100744828904221,0.105717761840721,0.42454008812601,0.438405286552203
1.15910149138191,0,1.8379924126688,0.461138506814254,0.100733105678502,0.105717761840721,0.425317254468873,0.439258263300608
1.16410149138191,0,1.84064896680311,0.461749288687084,0.100721440966079,0.105717761840721,0.426089249446792,0.440105980069527
1.16910149138191,0,1.84328777388724,0.462356863585137,0.100709834467799,0.105717761840721,0.426856106841323,0.440948469295232
1.17410149138191,0,1.8459089501427,0.462961240763558,0.100698285885728,0.105717761840721,0.42761786021406,0.441785763213969
1.17910149138191,0,1.8485126110412,0.463562429573647,0.100686794923129,0.105717761840721,0.428374542910812,0.442617893863199
1.18410149138191,0,1.85109887131074,0.464160439460495,0.100675361284458,0.105717761840721,0.429126188063335,0.443444893082818
1.18910149138191,0,1.85366784493618,0.464755279959396,0.100663984675366,0.105717761840721,0.429872828589488,0.444266792516379
1.19410149138191,0,1.8562196451574,0.465346960691766,0.100652664802731,0.105717761840721,0.430614497192698,0.4450836236123
1.19910149138191,0,1.85875438448353,0.465935491364798,0.100641401374628,0.105717761840721,0.431351226366036,0.44589541762507
1.20410149138191,0,1.8612721746988,0.466520881769251,0.100630194100329,0.105717761840721,0.432083048393904,0.446702205616443
1.20910149138191,0,1.86377312686309,0.467103141776064,0.100619042690308,0.105717761840721,0.43280999535219,0.447504018456628
1.21410149138191,0,1.86625735131019,0.467682281332459,0.100607946856264,0.105717761840721,0.433532099107746,0.448300886825468
1.21910149138191,0,1.86872495766165,0.468258310461721,0.100596906311098,0.105717761840721,0.434249391322363,0.449092841213616
1.22410149138191,0,1.87117605483245,0.468831239261147,0.100585920768909,0.105717761840721,0.434961903454417,0.4498799119237
1.22910149138191,0,1.87361075103161,0.469401077898827,0.100574989944998,0.105717761840721,0.435669666759022,0.450662129071484
1.23410149138191,0,1.87602915376045,0.469967836609946,0.100564113555893,0.105717761840721,0.436372712287518,0.451439522587021
1.23910149138191,0,1.87843136982607,0.470531525696665,0.100553291319325,0.105717761840721,0.437071070891354,0.452212122215793
1.24410149138191,0,1.88081750534695,0.471092155526221,0.100542522954221,0.105717761840721,0.437764773223688,0.452979957519858
1.24910149138191,0,1.88318766575349,0.471649736527879,0.100531808180711,0.105717761840721,0.438453849739537,0.453743057878973
1.25410149138191,0,1.88554195578631,0.472204279189405,0.100521146720152,0.105717761840721,0.439138330695282,0.454501452491721
1.25910149138191,0,1.88788047950947,0.472755794057057,0.1005105382951,0.105717761840721,0.439818246152453,0.455255170376632
1.26410149138191,0,1.89020334031582,0.473304291733819,0.100499982629308,0.105717761840721,0.440493625979287,0.456004240373285
1.26910149138191,0,1.89251064092761,0.473849782876514,0.10048947944773,0.105717761840721,0.44116449985088,0.45674869114342
1.27410149138191,0,1.8948024833948,0.474392278192445,0.100479028476542,0.105717761840721,0.441830897248702,0.45748855117203
1.27910149138191,0,1.89707896910796,0.474931788439483,0.10046862944312,0.105717761840721,0.442492847464285,0.458223848768452
1.28410149138191,0,1.89934019880349,0.47546832442443,0.10045828207603,0.105717761840721,0.44315037960075,0.458954612067451
1.28910149138191,0,1.90158627256418,0.476001897000284,0.100447986105041,0.105717761840721,0.44380352257295,0.459680869030293
1.29410149138191,0,1.90381728981766,0.476532517063042,0.100437741261134,0.105717761840721,0.444452305107,0.460402647445822
1.29910149138191,0,1.90603334934883,0.47706019555187,0.10042754727649,0.105717761840721,0.445096755743872,0.461119974931515
1.30410149138191,0,1.90823454930509,0.477584943447599,0.100417403884476,0.105717761840721,0.445736902840887,0.461832878934544
1.30910149138191,0,1.9104209871968,0.478106771770124,0.100407310819653,0.105717761840721,0.44637277457185,0.462541386732826
1.31410149138191,0,1.9125927598958,0.478625691575363,0.100397267817794,0.105717761840721,0.447004398926597,0.463245525436063
1.31910149138191,0,1.91474996364753,0.479141713955515,0.100387274615864,0.105717761840721,0.447631803714501,0.463945321986785
1.32410149138191,0,1.91689269407615,0.479654850037657,0.10037733095201,0.105717761840721,0.448255016565922,0.464640803161376
1.32910149138191,0,1.91902104618493,0.480165110981294,0.100367436565564,0.105717761840721,0.448874064932344,0.465331995571099
1.33410149138191,0,1.92113511435486,0.480672507975453,0.100357591197069,0.105717761840721,0.449488976085933,0.466018925663119
1.33910149138191,0,1.92323499235646,0.481177052239022,0.100347794588248,0.105717761840721,0.450099777122952,0.466701619721509
1.34410149138191,0,1.92532077335473,0.481678755019454,0.100338046482001,0.105717761840721,0.450706494965182,0.467380103868259
1.34910149138191,0,1.92739254990962,0.482177627590443,0.100328346622411,0.105717761840721,0.451309156360048,0.468054404064275
1.35410149138191,0,1.92945041397456,0.482673681249162,0.100318694754755,0.105717761840721,0.451907787880196,0.46872454611037
1.35910149138191,0,1.93149445690808,0.483166927316664,0.100309090625492,0.105717761840721,0.452502415926818,0.469390555648257
1.36410149138191,0,1.93352476947856,0.483657377136695,0.100299533982244,0.105717761840721,0.453093066731039,0.470052458161523
1.36910149138191,0,1.93554144186473,0.484145042073487,0.10029002457381,0.105717761840721,0.453679766354041,0.47071027897661
1.37410149138191,0,1.93754456365424,0.484629933509132,0.100280562150178,0.105717761840721,0.454262540686651,0.47136404326378
1.37910149138191,0,1.93953422385497,0.485112062844043,0.100271146462502,0.105717761840721,0.454841415452583,0.47201377603808
1.38410149138191,0,1.94151051089965,0.485591441495863,0.100261777263098,0.105717761840721,0.45541641620979,0.4726595021603
1.38910149138191,0,1.94347351264637,0.486068080897377,0.100252454305445,0.105717761840721,0.455987568350587,0.473301246337921
1.39410149138191,0,1.94542331637721,0.486541992494008,0.100243177344205,0.105717761840721,0.456554897101246,0.473939033126064
1.39910149138191,0,1.9473600088092,0.487013187744336,0.100233946135193,0.105717761840721,0.457118427525162,0.474572886928427
1.40410149138191,0,1.9492836760989,0.487481678119102,0.10022476043538,0.105717761840721,0.457678184524167,0.475202831998222
1.40910149138191,0,1.95119440384283,0.487947475099224,0.10021562000289,0.105717761840721,0.458234192838652,0.475828892439097
1.41410149138191,0,1.95309227707618,0.488410590173414,0.100206524597016,0.105717761840721,0.458786477047176,0.476451092206066
1.41910149138191,0,1.95497738028347,0.488871034838752,0.1001974739782,0.105717761840721,0.459335061569547,0.477069455106419
1.42410149138191,0,1.95684979740304,0.48932882059977,0.100188467908023,0.105717761840721,0.459879970668107,0.477684004800637
1.42910149138191,0,1.95870961182746,0.48978395896658,0.100179506149213,0.105717761840721,0.460421228447852,0.478294764803295
1.43410149138191,0,1.96055690640224,0.490236461452595,0.100170588465655,0.105717761840721,0.460958858856046,0.478901758483962
1.43910149138191,0,1.96239176343628,0.49068633957516,0.100161714622372,0.105717761840721,0.461492885685231,0.479505009068099
1.44410149138191,0,1.96421426470621,0.49113360485471,0.100152884385515,0.105717761840721,0.462023332574478,0.480104539637941
1.44910149138191,0,1.96602449145679,0.491578268812996,0.100144097522371,0.105717761840721,0.462550223009501,0.480700373133386
1.45410149138191,0,1.96782252439968,0.49202034297092,0.100135353801372,0.105717761840721,0.463073580322288,0.481292532352868
1.45910149138191,0,1.96960844372359,0.492459838849204,0.100126652992075,0.105717761840721,0.463593427694031,0.481881039954236
1.46410149138191,0,1.97138232909853,0.492896767967622,0.100117994865158,0.105717761840721,0.464109788156343,0.482465918455612
1.46910149138191,0,1.97314425967623,0.493331141843328,0.100109379192418,0.105717761840721,0.464622684591377,0.48304719023626
1.47410149138191,0,1.97489431408887,0.493762971988784,0.100100805746787,0.105717761840721,0.46513213973146,0.48362487753744
1.47910149138191,0,1.97663257045905,0.494192269912472,0.100092274302311,0.105717761840721,0.465638176161952,0.484199002463258
1.48410149138191,0,1.97835910640389,0.4946190471182,0.100083784634141,0.105717761840721,0.466140816322436,0.484769586981512
1.48910149138191,0,1.98007399903544,0.495043315103512,0.10007533651854,0.105717761840721,0.466640082506828,0.485336652924533
1.49410149138191,0,1.98177732495946,0.495465085357718,0.100066929732889,0.105717761840721,0.467135996863024,0.485900221990023
1.49910149138191,0,1.98346916028515,0.495884369362642,0.100058564055673,0.105717761840721,0.46762858139569,0.486460315741878
1.50410149138191,0,1.98514958062909,0.496301178591991,0.100050239266466,0.105717761840721,0.468117857967417,0.487016955611022
1.50910149138191,0,1.98681866111571,0.496715524509851,0.100041955145944,0.105717761840721,0.468603848298829,0.487570162896221
1.51410149138191,0,1.98847647637606,0.497127418568811,0.100033711475886,0.105717761840721,0.469086573968244,0.488119958764898
1.51910149138191,0,1.9901231005573,0.497536872210739,0.100025508039162,0.105717761840721,0.469566056414391,0.488666364253949
1.52410149138191,0,1.99175860732657,0.497943896866217,0.100017344619722,0.105717761840721,0.470042316937532,0.489209400270539
1.52910149138191,0,1.99338306987137,0.498348503953114,0.100009221002596,0.105717761840721,0.470515376699579,0.48974908759291
1.53410149138191,0,1.99499656089849,0.498750704874799,0.100001136973913,0.105717761840721,0.47098525672375,0.490285446871169
1.53910149138191,0,1.99659915264311,0.499150511020949,0.0999930923208713,0.105717761840721,0.471451977897227,0.490818498628086
1.54410149138191,0,1.9981909168727,0.499547933767036,0.0999850868317392,0.105717761840721,0.471915560972248,0.491348263259871
1.54910149138191,0,1.99977192488735,0.499942984472978,0.0999771202958534,0.105717761840721,0.472376026566218,0.491874761036961
1.55410149138191,0,2.00134224751865,0.500335674481438,0.0999691925036302,0.105717761840721,0.472833395161381,0.492398012104793
1.55910149138191,0,2.00290195513871,0.500726015118655,0.0999613032465464,0.105717761840721,0.4732876871074,0.492918036484573
1.56410149138191,0,2.00445111766383,0.501114017693986,0.0999534523171314,0.105717761840721,0.473738922622435,0.493434854074045
1.56910149138191,0,2.00598980455487,0.501499693498629,0.0999456395089702,0.105717761840721,0.474187121793241,0.493948484648252
1.57410149138191,0,2.00751808481619,0.501883053804003,0.0999378646167129,0.105717761840721,0.474632304574852,0.49445894786029
1.57910149138191,0,2.00903602700438,0.502264109862598,0.0999301274360555,0.105717761840721,0.475074490793101,0.494966263242064
1.58410149138191,0,2.0105436992319,0.502642872907568,0.0999224277637327,0.105717761840721,0.475513700145661,0.495470450205032
1.58910149138191,0,2.01204116916739,0.503019354151529,0.09991476539752,0.105717761840721,0.475949952202148,0.49597152804095
1.59410149138191,0,2.01352850403467,0.503393564785006,0.0999071401362434,0.105717761840721,0.476383266403814,0.496469515922607
1.59910149138191,0,2.01500577062124,0.503765515977305,0.0998995517797603,0.105717761840721,0.476813662065997,0.496964432904564
1.60410149138191,0,2.01647303528179,0.504135218876161,0.0998920001289519,0.105717761840721,0.477241158379143,0.497456297923877
1.60910149138191,0,2.0179303639386,0.504502684606586,0.0998844849857261,0.105717761840721,0.477665774408903,0.497945129800826
1.61410149138191,0,2.01937782208046,0.504867924269401,0.0998770061530258,0.105717761840721,0.478087529095831,0.498430947239633
1.61910149138191,0,2.020815474771,0.505230948942122,0.0998695634348105,0.105717761840721,0.47850644125778,0.498913768829178
1.62410149138191,0,2.02224338665215,0.505591769678647,0.0998621566360491,0.105717761840721,0.478922529590893,0.499393613043713
1.62910149138191,0,2.02366162194443,0.505950397508173,0.0998547855627217,0.105717761840721,0.479335812669698,0.499870498243562
1.63410149138191,0,2.02507024444601,0.506306843433789,0.0998474500218285,0.105717761840721,0.479746308946816,0.500344442675831
1.63910149138191,0,2.02646931754076,0.506661118433381,0.0998401498213714,0.105717761840721,0.480154036755293,0.500815464475103
1.64410149138191,0,2.02785890420162,0.507013233459363,0.0998328847703463,0.105717761840721,0.480559014309572,0.50128358166413
1.64910149138191,0,2.02923906699095,0.507363199437643,0.0998256546787457,0.105717761840721,0.480961259705578,0.501748812154528
1.65410149138191,0,2.03060986805951,0.507711027266292,0.0998184593575664,0.105717761840721,0.481360790920442,0.502211173747456
1.65910149138191,0,2.03197136915442,0.508056727816455,0.0998112986187916,0.105717761840721,0.481757625814768,0.502670684134301
1.66410149138191,0,2.03332363162235,0.508400311932119,0.0998041722753838,0.105717761840721,0.482151782133581,0.503127360897354
1.66910149138191,0,2.03466671640991,0.508741790429142,0.0997970801412865,0.105717761840721,0.482543277506415,0.503581221510484
1.67410149138191,0,2.03600068406266,0.509081174093976,0.099790022031432,0.105717761840721,0.482932129447037,0.504032283339802
1.67910149138191,0,2.03732559473283,0.509418473684592,0.0997829977617237,0.105717761840721,0.483318355355664,0.504480563644333
1.68410149138191,0,2.03864150818247,0.509753699930281,0.099776007149029,0.105717761840721,0.483701972519882,0.504926079576671
1.68910149138191,0,2.03994848378381,0.510086863530742,0.0997690500111808,0.105717761840721,0.484082998114732,0.505368848183634
1.69410149138191,0,2.04124658051831,0.510417975154855,0.0997621261669853,0.105717761840721,0.484461449202446,0.505808886406921
1.69910149138191,0,2.04253585698414,0.510747045441622,0.0997552354362044,0.105717761840721,0.484837342734604,0.506246211083759
1.70410149138191,0,2.04381637139934,0.511074084999999,0.0997483776395482,0.105717761840721,0.485210695553028,0.506680838947544
1.70910149138191,0,2.04508818160207,0.511399104408029,0.0997415525986774,0.105717761840721,0.485581524389873,0.507112786628486
1.71410149138191,0,2.04635134504973,0.511722114211678,0.0997347601362098,0.105717761840721,0.485949845867361,0.50754207065424
1.71910149138191,0,2.0476059188263,0.51204312492578,0.0997280000757033,0.105717761840721,0.486315676499892,0.507968707450544
1.72410149138191,0,2.04885195964529,0.512362147033897,0.0997212722416491,0.105717761840721,0.486679032694908,0.508392713341843
1.72910149138191,0,2.05008952385013,0.512679190987503,0.0997145764594728,0.105717761840721,0.487039930752988,0.508814104551917
1.73410149138191,0,2.05131866741323,0.512994267204874,0.0997079125555418,0.105717761840721,0.487398386867585,0.509232897204498
1.73910149138191,0,2.05253944594312,0.513307386072032,0.0997012803571477,0.105717761840721,0.487754417127084,0.509649107323892
1.74410149138191,0,2.05375191468742,0.513618557942639,0.0996946796924998,0.105717761840721,0.488108037515647,0.510062750835587
1.74910149138191,0,2.05495612853307,0.513927793137227,0.0996881103907267,0.105717761840721,0.488459263913302,0.510473843566864
1.75410149138191,0,2.05615214200558,0.514235101942134,0.0996815722818824,0.105717761840721,0.488808112095689,0.510882401247407
1.75910149138191,0,2.05734000927587,0.514540494610451,0.0996750651969298,0.105717761840721,0.489154597736067,0.511288439509897
1.76410149138191,0,2.05851978416318,0.514843981361952,0.0996685889677339,0.105717761840721,0.489498736406134,0.511691973890617
1.76910149138191,0,2.05969152013539,0.515145572382351,0.0996621434270634,0.105717761840721,0.489840543576117,0.512093019830042
1.77410149138191,0,2.06085527030813,0.5154452778223,0.0996557284085964,0.105717761840721,0.490180034614525,0.512491592673433
1.77910149138191,0,2.0620110874516,0.515743107798333,0.0996493437469044,0.105717761840721,0.490517224790101,0.512887707671421
1.78410149138191,0,2.06315902399332,0.516039072392817,0.0996429892774457,0.105717761840721,0.490852129272626,0.513281379980593
1.78910149138191,0,2.06429913201844,0.516333181653257,0.0996366648365662,0.105717761840721,0.491184763133005,0.513672624664072
1.79410149138191,0,2.06543146326894,0.516625445591329,0.0996303702615057,0.105717761840721,0.491515141343026,0.514061456692091
1.79910149138191,0,2.06655606915017,0.516915874183838,0.0996241053903817,0.105717761840721,0.491843278777262,0.514447890942569
1.80410149138191,0,2.06767300073364,0.51720447737268,0.099617870062183,0.105717761840721,0.492169190213859,0.514831942201678
1.80910149138191,0,2.06878230875727,0.517491265064191,0.0996116641167702,0.105717761840721,0.492492890334611,0.515213625164408
1.81410149138191,0,2.06988404362457,0.517776247128225,0.0996054873948825,0.105717761840721,0.492814393724736,0.515592954435132
1.81910149138191,0,2.07097825541112,0.518059433399107,0.0995993397381209,0.105717761840721,0.493133714874722,0.515969944528164
1.82410149138191,0,2.0720649938672,0.518340833675617,0.0995932209889419,0.105717761840721,0.493450868181096,0.516344609868312
1.82910149138191,0,2.07314430841803,0.518620457720379,0.0995871309906589,0.105717761840721,0.493765867946505,0.516716964791433
1.83410149138191,0,2.07421624816305,0.518898315258976,0.0995810695874477,0.105717761840721,0.494078728379484,0.51708702354498
1.83910149138191,0,2.07528086188217,0.519174415980901,0.0995750366243305,0.105717761840721,0.494389463596267,0.517454800288548
1.84410149138191,0,2.07633819803834,0.519448769539568,0.0995690319471697,0.105717761840721,0.494698087621534,0.517820309094414
1.84910149138191,0,2.0773883047778,0.519721385551724,0.0995630554026691,0.105717761840721,0.495004614388484,0.518183563948078
1.85410149138191,0,2.07843122992939,0.519992273596612,0.0995571068383789,0.105717761840721,0.495309057738618,0.518544578748796
1.85910149138191,0,2.07946702101059,0.520261443216917,0.0995511861026804,0.105717761840721,0.495611431423495,0.518903367310113
1.86410149138191,0,2.08049572523009,0.520528903918792,0.0995452930447801,0.105717761840721,0.495911749105469,0.51925994336039
1.86910149138191,0,2.08151738948799,0.520794665171305,0.09953942751471,0.105717761840721,0.496210024357751,0.519614320543332
1.87410149138191,0,2.08253206037513,0.521058736405642,0.0995335893633332,0.105717761840721,0.496506270664207,0.519966512418509
1.87910149138191,0,2.083539784179,0.521321127016043,0.0995277784423284,0.105717761840721,0.496800501421063,0.520316532461872
1.88410149138191,0,2.08454060688623,0.52158184635985,0.0995219946041843,0.105717761840721,0.497092729937624,0.520664394066273
1.88910149138191,0,2.08553457418278,0.521840903756985,0.0995162377021996,0.105717761840721,0.497382969436339,0.521010110541975
1.89410149138191,0,2.08652173145331,0.522098308489181,0.0995105075904889,0.105717761840721,0.497671233052596,0.521353695117161
1.89910149138191,0,2.08750212378689,0.522354069800924,0.099504804123967,0.105717761840721,0.497957533836395,0.521695160938441
1.90410149138191,0,2.08847579597948,0.522608196899509,0.0994991271583433,0.105717761840721,0.498241884753035,0.522034521071356
1.90910149138191,0,2.08944279253411,0.522860698954546,0.0994934765501224,0.105717761840721,0.498524298683192,0.522371788500877
1.91410149138191,0,2.09040315766021,0.523111585097236,0.099487852156609,0.105717761840721,0.498804788422707,0.522706976131899
1.91910149138191,0,2.09135693527926,0.523360864421291,0.0994822538358932,0.105717761840721,0.499083366684224,0.52304009678974
1.92410149138191,0,2.09230416902713,0.523608545983019,0.0994766814468443,0.105717761840721,0.499360046097858,0.523371163220628
1.92910149138191,0,2.09324490225429,0.523854638800849,0.0994711348491121,0.105717761840721,0.499634839211267,0.523700188092192
1.93410149138191,0,2.09417917802518,0.524099151854639,0.0994656139031309,0.105717761840721,0.499907758489454,0.524027183993941
1.93910149138191,0,2.09510703912367,0.524342094086598,0.0994601184701054,0.105717761840721,0.500178816316352,0.524352163437753
1.94410149138191,0,2.09602852805536,0.524583474401371,0.0994546484120048,0.105717761840721,0.500448024995487,0.524675138858348
1.94910149138191,0,2.09694368704781,0.524823301665603,0.0994492035915635,0.105717761840721,0.500715396750037,0.524996122613765
1.95410149138191,0,2.09785255804986,0.525061584707271,0.0994437838722854,0.105717761840721,0.500980943722649,0.525315126985839
1.95910149138191,0,2.09875518273703,0.525298332316596,0.09943838911843,0.105717761840721,0.501244677976978,0.525632164180664
1.96410149138191,0,2.09965160251371,0.525533553246148,0.0994330191950065,0.105717761840721,0.501506611498334,0.525947246329066
1.96910149138191,0,2.10054185851339,0.525767256210429,0.0994276739677742,0.105717761840721,0.501766756193739,0.526260385487065
1.97410149138191,0,2.10142599159803,0.525999449885235,0.0994223533032473,0.105717761840721,0.502025123891752,0.526571593636334
1.97910149138191,0,2.10230404236328,0.526230142908563,0.0994170570686804,0.105717761840721,0.502281726343965,0.526880882684661
1.98410149138191,0,2.10317605114064,0.526459343880722,0.0994117851320634,0.105717761840721,0.502536575225634,0.527188264466405
1.98910149138191,0,2.10404205799768,0.526687061363944,0.0994065373621218,0.105717761840721,0.50278968213574,0.527493750742944
1.99410149138191,0,2.10490210273741,0.526913303881773,0.0994013136283208,0.105717761840721,0.50304105859681,0.527797353203129
1.99910149138191,0,2.10575622490339,0.52713807991996,0.0993961138008515,0.105717761840721,0.503290716056381,0.528099083463732
2.00410149138191,0,2.10660446378181,0.52736139792659,0.0993909377506259,0.105717761840721,0.503538665887613,0.528398953069887
2.00910149138191,0,2.10744685840173,0.527583266311709,0.0993857853492768,0.105717761840721,0.503784919389349,0.528696973495535
2.01410149138191,0,2.10828344753448,0.527803693446742,0.0993806564691623,0.105717761840721,0.50402948778594,0.528993156143859
2.01910149138191,0,2.10911426969857,0.528022687665383,0.0993755509833519,0.105717761840721,0.504272382228671,0.529287512347727
2.02410149138191,0,2.10993936316179,0.528240257263724,0.0993704687656216,0.105717761840721,0.504513613796362,0.529580053370118
2.02910149138191,0,2.11075876594142,0.528456410499908,0.0993654096904539,0.105717761840721,0.504753193495422,0.529870790404558
2.03410149138191,0,2.1115725158036,0.528671155593571,0.0993603736330419,0.105717761840721,0.504991132259678,0.530159734575547
2.03910149138191,0,2.11238065026821,0.528884500726721,0.0993553604692759,0.105717761840721,0.505227440951775,0.530446896938984
2.04410149138191,0,2.11318320661084,0.529096454043878,0.0993503700757386,0.105717761840721,0.505462130363745,0.530732288482592
2.04910149138191,0,2.11398022186299,0.529307023651744,0.099345402329705,0.105717761840721,0.505695211217074,0.531015920126334
2.05410149138191,0,2.11477173281154,0.529516217618669,0.0993404571091462,0.105717761840721,0.505926694162529,0.531297802722836
2.05910149138191,0,2.11555777600339,0.529724043975525,0.0993355342927166,0.105717761840721,0.506156589781521,0.531577947057799
2.06410149138191,0,2.11633838774748,0.529930510715849,0.0993306337597488,0.105717761840721,0.506384908586665,0.531856363850415
2.06910149138191,0,2.11711360411492,0.53013562579553,0.0993257553902537,0.105717761840721,0.50661166102184,0.532133063753772
2.07410149138191,0,2.11788346093851,0.530339397132304,0.0993208990649243,0.105717761840721,0.506836857462024,0.532408057355265
2.07910149138191,0,2.11864799381724,0.530541832606613,0.0993160646651228,0.105717761840721,0.507060508214618,0.532681355177002
2.08410149138191,0,2.11940723811826,0.530742940061756,0.0993112520728759,0.105717761840721,0.50728262352,0.532952967676204
2.08910149138191,0,2.12016122897705,0.530942727303592,0.0993064611708746,0.105717761840721,0.507503213551573,0.533222905245607
2.09410149138191,0,2.12091000129686,0.531141202100064,0.0993016918424781,0.105717761840721,0.507722288415611,0.533491178213859
2.09910149138191,0,2.12165358975319,0.531338372182036,0.099296943971701,0.105717761840721,0.507939858152549,0.533757796845915
2.10410149138191,0,2.12239202879566,0.531534245243459,0.0992922174432088,0.105717761840721,0.508155932737519,0.534022771343429
2.10910149138191,0,2.12312535264817,0.531728828941089,0.0992875121423177,0.105717761840721,0.508370522080401,0.534286111845147
2.11410149138191,0,2.1238535953084,0.531922130894027,0.0992828279549982,0.105717761840721,0.508583636025672,0.534547828427293
2.11910149138191,0,2.12457679055214,0.532114158684552,0.0992781647678627,0.105717761840721,0.508795284353661,0.534807931103953
2.12410149138191,0,2.12529497193509,0.532304919858287,0.0992735224681609,0.105717761840721,0.509005476781073,0.535066429827463
2.12910149138191,0,2.12600817279308,0.532494421923936,0.09926890094378,0.105717761840721,0.509214222961038,0.535323334488783
2.13410149138191,0,2.12671642624152,0.532682672352844,0.0992643000832476,0.105717761840721,0.509421532482966,0.535578654917883
2.13910149138191,0,2.12741976517965,0.532869678579815,0.09925971977572,0.105717761840721,0.509627414873766,0.535832400884113
2.14410149138191,0,2.12811822229231,0.533055448003287,0.0992551599109775,0.105717761840721,0.509831879598361,0.53608458209658
2.14910149138191,0,2.12881183005012,0.533239987985083,0.0992506203794246,0.105717761840721,0.510034936059732,0.536335208204519
2.15410149138191,0,2.12950062070894,0.533423305849986,0.0992461010720928,0.105717761840721,0.510236593598781,0.53658428879766
2.15910149138191,0,2.13018462631408,0.533605408886553,0.0992416018806291,0.105717761840721,0.510436861495514,0.536831833406599
2.16410149138191,0,2.13086387870192,0.533786304347288,0.0992371226972916,0.105717761840721,0.510635748969546,0.537077851503161
2.16910149138191,0,2.13153840950017,0.533965999448407,0.0992326634149491,0.105717761840721,0.510833265180145,0.537322352500758
2.17410149138191,0,2.13220825012732,0.534144501369437,0.0992282239270845,0.105717761840721,0.511029419226091,0.537565345754758
2.17910149138191,0,2.1328734317967,0.534321817254014,0.0992238041277834,0.105717761840721,0.511224220146843,0.537806840562835
2.18410149138191,0,2.13353398551814,0.534497954210057,0.099219403911729,0.105717761840721,0.511417676923015,0.538046846165329
2.18910149138191,0,2.13418994209814,0.534672919309555,0.0992150231742031,0.105717761840721,0.511609798476429,0.538285371745597
2.19410149138191,0,2.13484133213941,0.534846719588173,0.099210661811088,0.105717761840721,0.511800593669979,0.538522426430367
2.19910149138191,0,2.13548818604475,0.535019362046044,0.099206319718856,0.105717761840721,0.511990071308758,0.538758019290086
2.20410149138191,0,2.13613053401873,0.535190853647947,0.0992019967945646,0.105717761840721,0.512178240140532,0.538992159339266
2.20910149138191,0,2.13676840606783,0.535361201323103,0.0991976929358569,0.105717761840721,0.512365108855788,0.539224855536833
2.21410149138191,0,2.13740183199997,0.535530411964801,0.0991934080409639,0.105717761840721,0.512550686087598,0.539456116786462
2.21910149138191,0,2.13803084142835,0.535698492431176,0.0991891420086939,0.105717761840721,0.512734980412724,0.539685951936926
2.22410149138191,0,2.13865546377303,0.535865449545389,0.0991848947384281,0.105717761840721,0.512918000352077,0.539914369782429
2.22910149138191,0,2.13927572826108,0.536031290095435,0.0991806661301204,0.105717761840721,0.513099754370759,0.540141379062947
2.23410149138191,0,2.13989166392615,0.536196020833788,0.0991764560843005,0.105717761840721,0.51328025087794,0.540366988464558
2.23910149138191,0,2.14050329961217,0.536359648478162,0.0991722645020627,0.105717761840721,0.513459498227925,0.540591206619776
2.24410149138191,0,2.14111066397493,0.536522179711699,0.0991680912850619,0.105717761840721,0.513637504720607,0.540814042107883
2.24910149138191,0,2.14171378548221,0.536683621182783,0.0991639363355138,0.105717761840721,0.51381427860151,0.541035503455255
2.25410149138191,0,2.14231269241332,0.536843979504701,0.0991597995561969,0.105717761840721,0.51398982806166,0.541255599135689
2.25910149138191,0,2.1429074128628,0.537003261256395,0.0991556808504427,0.105717761840721,0.514164161238637,0.541474337570728
2.26410149138191,0,2.14349797474184,0.537161472982648,0.099151580122131,0.105717761840721,0.514337286217005,0.541691727129982
2.26910149138191,0,2.14408440577851,0.537318621193912,0.09914749727569,0.105717761840721,0.514509211028362,0.541907776131449
2.27410149138191,0,2.14466673351728,0.53747471236598,0.099143432216099,0.105717761840721,0.514679943651209,0.542122492841834
2.27910149138191,0,2.14524498532258,0.53762975294073,0.0991393848488781,0.105717761840721,0.51484949201198,0.542335885476863
2.28410149138191,0,2.14581918838025,0.537783749326305,0.0991353550800837,0.105717761840721,0.515017863985456,0.542547962201599
2.28910149138191,0,2.14638936969772,0.537936707896961,0.099131342816309,0.105717761840721,0.515185067394817,0.542758731130755
2.29410149138191,0,2.14695555610355,0.538088634992745,0.0991273479646863,0.105717761840721,0.515351110011516,0.542968200329004
2.29910149138191,0,2.14751777425092,0.538239536920228,0.0991233704328765,0.105717761840721,0.515515999556274,0.543176377811285
2.30410149138191,0,2.14807605061903,0.538389419952692,0.0991194101290657,0.105717761840721,0.515679743699496,0.543383271543114
2.30910149138191,0,2.14863041151325,0.538538290329976,0.0991154669619647,0.105717761840721,0.515842350061312,0.543588889440887
2.31410149138191,0,2.14918088306473,0.53868615425818,0.0991115408408119,0.105717761840721,0.516003826211458,0.543793239372181
2.31910149138191,0,2.14972749123373,0.538833017910379,0.0991076316753625,0.105717761840721,0.516164179670246,0.543996329156058
2.32410149138191,0,2.15027026181103,0.538978887426806,0.0991037393758857,0.105717761840721,0.516323417908967,0.544198166563363
2.32910149138191,0,2.1508092204181,0.539123768914719,0.0990998638531637,0.105717761840721,0.516481548349933,0.544398759317018
2.33410149138191,0,2.15134439250662,0.539267668448105,0.0990960050184947,0.105717761840721,0.516638578366359,0.544598115092326
2.33910149138191,0,2.15187580336186,0.539410592068391,0.0990921627836827,0.105717761840721,0.516794515283313,0.544796241517256
2.34410149138191,0,2.15240347810395,0.539552545784624,0.0990883370610339,0.105717761840721,0.516949366378104,0.544993146172738
2.34910149138191,0,2.15292744168806,0.539693535573343,0.0990845277633567,0.105717761840721,0.517103138880321,0.545188836592954
2.35410149138191,0,2.153447718904,0.539833567378303,0.0990807348039638,0.105717761840721,0.517255839971726,0.545383320265627
2.35910149138191,0,2.15396433437943,0.539972647111163,0.0990769580966627,0.105717761840721,0.517407476787171,0.545576604632305
2.36410149138191,0,2.15447731258114,0.540110780651678,0.0990731975557522,0.105717761840721,0.517558056414982,0.545768697088646
2.36910149138191,0,2.15498667781523,0.540247973847569,0.0990694530960219,0.105717761840721,0.517707585896997,0.545959604984702
2.37410149138191,0,2.1554924542267,0.540384232514265,0.0990657246327547,0.105717761840721,0.517856072228455,0.546149335625201
2.37910149138191,0,2.15599466580258,0.540519562435574,0.0990620120817174,0.105717761840721,0.518003522358898,0.546337896269826
2.38410149138191,0,2.15649333637321,0.540653969363879,0.0990583153591571,0.105717761840721,0.51814994319254,0.546525294133491
2.38910149138191,0,2.15698848961235,0.540787459020011,0.099054634381801,0.105717761840721,0.518295341588306,0.546711536386619
2.39410149138191,0,2.15748014903686,0.540920037093007,0.0990509690668585,0.105717761840721,0.518439724359724,0.546896630155414
2.39910149138191,0,2.15796833800967,0.541051709240765,0.0990473193320122,0.105717761840721,0.518583098275801,0.54708058252214
2.40410149138191,0,2.1584530797411,0.54118248109024,0.0990436850954143,0.105717761840721,0.518725470061388,0.547263400525382
2.40910149138191,0,2.15893439728891,0.541312358237327,0.0990400662756867,0.105717761840721,0.518866846397211,0.547445091160325
2.41410149138191,0,2.15941231355802,0.541441346246625,0.0990364627919223,0.105717761840721,0.519007233919774,0.547625661379014
2.41910149138191,0,2.15988685130341,0.541569450652085,0.0990328745636769,0.105717761840721,0.519146639222205,0.547805118090627
2.42410149138191,0,2.16035803313135,0.541696676957198,0.0990293015109656,0.105717761840721,0.519285068854615,0.547983468161732
2.42910149138191,0,2.16082588149955,0.541823030634894,0.0990257435542622,0.105717761840721,0.51942252932413,0.548160718416556
2.43410149138191,0,2.16129041871678,0.541948517127308,0.0990222006145016,0.105717761840721,0.519559027094792,0.548336875637243
2.43910149138191,0,2.16175166694575,0.54207314184642,0.099018672613071,0.105717761840721,0.519694568588387,0.548511946564114
2.44410149138191,0,2.16220964820433,0.542196910174243,0.0990151594718062,0.105717761840721,0.519829160184795,0.548685937895925
2.44910149138191,0,2.16266438436563,0.542319827462724,0.0990116611129922,0.105717761840721,0.519962808222017,0.548858856290123
2.45410149138191,0,2.1631158971577,0.542441899033522,0.0990081774593642,0.105717761840721,0.520095518996083,0.549030708363103
2.45910149138191,0,2.16356420816628,0.542563130178636,0.0990047084340997,0.105717761840721,0.520227298761859,0.549201500690456
2.46410149138191,0,2.16400933883602,0.542683526160596,0.0990012539608149,0.105717761840721,0.520358153733382,0.549371239807227
2.46910149138191,0,2.16445131047056,0.542803092212359,0.0989978139635648,0.105717761840721,0.520488090083893,0.549539932208159
2.47410149138191,0,2.16489014423221,0.54292183353711,0.0989943883668447,0.105717761840721,0.520617113945746,0.549707584347948
2.47910149138191,0,2.16532586114466,0.543039755308867,0.0989909770955821,0.105717761840721,0.52074523141119,0.549874202641483
2.48410149138191,0,2.16575848209416,0.543156862672674,0.0989875800751336,0.105717761840721,0.520872448532701,0.550039793464095
2.48910149138191,0,2.16618802782956,0.543273160744508,0.0989841972312843,0.105717761840721,0.520998771323011,0.550204363151805
2.49410149138191,0,2.16661451896207,0.543388654611079,0.0989808284902499,0.105717761840721,0.52112420575502,0.550367918001556
2.49910149138191,0,2.16703797596787,0.543503349330432,0.0989774737786687,0.105717761840721,0.521248757762558,0.550530464271465
2.50410149138191,0,2.1674584191892,0.543617249932134,0.0989741330235979,0.105717761840721,0.521372433240709,0.550692008181056
2.50910149138191,0,2.16787586883451,0.543730361417185,0.0989708061525142,0.105717761840721,0.521495238045839,0.550852555911499
2.51410149138191,0,2.16829034497812,0.543842688757833,0.0989674930933146,0.105717761840721,0.521617177995507,0.551012113605847
2.51910149138191,0,2.16870186756283,0.543954236898157,0.0989641937743094,0.105717761840721,0.521738258869216,0.551170687369273
2.52410149138191,0,2.16911045640098,0.544065010754254,0.0989609081242182,0.105717761840721,0.521858486408717,0.5513282832693
2.52910149138191,0,2.16951613117454,0.54417501521416,0.0989576360721706,0.105717761840721,0.521977866318047,0.551484907336035
2.53410149138191,0,2.16991891143486,0.544284255137665,0.0989543775477071,0.105717761840721,0.522096404263437,0.551640565562401
2.53910149138191,0,2.17031881660513,0.544392735356893,0.0989511324807718,0.105717761840721,0.522214105874042,0.551795263904363
2.54410149138191,0,2.17071586598147,0.54450046067648,0.0989479008017093,0.105717761840721,0.522330976742244,0.551949008281159
2.54910149138191,0,2.17111007873301,0.544607435873504,0.0989446824412643,0.105717761840721,0.52244702242368,0.552101804575526
2.55410149138191,0,2.17150147390162,0.544713665697306,0.0989414773305835,0.105717761840721,0.52256224843716,0.552253658633923
2.55910149138191,0,2.17189007040433,0.544819154870057,0.0989382854012079,0.105717761840721,0.522676660265374,0.552404576266757
2.56410149138191,0,2.17227588703438,0.544923908086939,0.0989351065850696,0.105717761840721,0.522790263355189,0.552554563248604
2.56910149138191,0,2.17265894246133,0.545027930016075,0.0989319408144922,0.105717761840721,0.522903063117677,0.552703625318431
2.57410149138191,0,2.17303925523073,0.545131225298358,0.0989287880221916,0.105717761840721,0.523015064928032,0.552851768179814
2.57910149138191,0,2.17341684376655,0.54523379854801,0.0989256481412693,0.105717761840721,0.523126274126263,0.552998997501158
2.58410149138191,0,2.17379172637216,0.545335654352753,0.0989225211052091,0.105717761840721,0.523236696017479,0.553145318915914
2.58910149138191,0,2.17416392123043,0.545436797273755,0.0989194068478769,0.105717761840721,0.523346335871918,0.553290738022791
2.59410149138191,0,2.17453344640346,0.545537231845457,0.0989163053035224,0.105717761840721,0.523455198924871,0.553435260385976
2.59910149138191,0,2.1749003198349,0.545636962576121,0.0989132164067717,0.105717761840721,0.523563290377348,0.553578891535343
2.60410149138191,0,2.1752645593509,0.545735993948005,0.0989101400926247,0.105717761840721,0.523670615396362,0.553721636966662
2.60910149138191,0,2.17562618266027,0.545834330417307,0.0989070762964545,0.105717761840721,0.523777179114957,0.553863502141818
2.61410149138191,0,2.17598520735413,0.545931976414,0.0989040249540094,0.105717761840721,0.523882986632131,0.554004492489012
2.61910149138191,0,2.17634165090823,0.546028936342373,0.0989009860014052,0.105717761840721,0.523988043013488,0.55414461340297
2.62410149138191,0,2.17669553068388,0.546125214581199,0.0988979593751231,0.105717761840721,0.524092353291512,0.554283870245153
2.62910149138191,0,2.17704686392805,0.546220815483684,0.098894945012009,0.105717761840721,0.524195922465598,0.55442226834396
2.63410149138191,0,2.17739566777307,0.54631574337731,0.0988919428492752,0.105717761840721,0.524298755501971,0.55455981299493
2.63910149138191,0,2.17774195923892,0.546410002564362,0.0988889528244931,0.105717761840721,0.524400857334327,0.554696509460949
2.64410149138191,0,2.17808575523407,0.546503597322098,0.0988859748755911,0.105717761840721,0.524502232864099,0.554832362972445
2.64910149138191,0,2.17842707255559,0.546596531902696,0.0988830089408539,0.105717761840721,0.524602886960482,0.554967378727596
2.65410149138191,0,2.17876592788894,0.546688810533111,0.0988800549589243,0.105717761840721,0.524702824460362,0.555101561892523
2.65910149138191,0,2.17910233781007,0.546780437415582,0.0988771128687958,0.105717761840721,0.524802050168934,0.555234917601489
2.66410149138191,0,2.17943631878632,0.546871416727805,0.0988741826098106,0.105717761840721,0.524900568859966,0.555367450957097
2.66910149138191,0,2.17976788717656,0.546961752622885,0.0988712641216593,0.105717761840721,0.524998385275821,0.555499167030484
2.67410149138191,0,2.18009705923087,0.547051449229193,0.0988683573443819,0.105717761840721,0.525095504127385,0.555630070861515
2.67910149138191,0,2.18042385109269,0.547140510650868,0.0988654622183614,0.105717761840721,0.525191930094676,0.555760167458975
2.68410149138191,0,2.18074827879968,0.547228940967986,0.0988625786843211,0.105717761840721,0.525287667827094,0.555889461800764
2.68910149138191,0,2.18107035828379,0.547316744236511,0.098859706683325,0.105717761840721,0.525382721943447,0.556017958834085
2.69410149138191,0,2.18139010537102,0.547403924488163,0.0988568461567781,0.105717761840721,0.525477097031881,0.556145663475631
2.69910149138191,0,2.18170753578351,0.547490485730909,0.0988539970464206,0.105717761840721,0.52557079765047,0.556272580611778
2.70410149138191,0,2.18202266514031,0.547576431949125,0.0988511592943254,0.105717761840721,0.525663828327462,0.556398715098768
2.70910149138191,0,2.18233550895752,0.547661767103556,0.0988483328428976,0.105717761840721,0.525756193561304,0.556524071762899
2.71410149138191,0,2.18264608264807,0.547746495131185,0.098845517634876,0.105717761840721,0.525847897820573,0.556648655400704
2.71910149138191,0,2.18295440152364,0.547830619945714,0.0988427136133267,0.105717761840721,0.525938945544554,0.556772470779139
2.72410149138191,0,2.18326048079555,0.547914145437726,0.0988399207216403,0.105717761840721,0.526029341143473,0.556895522635764
2.72910149138191,0,2.18356433557483,0.547997075474646,0.0988371389035326,0.105717761840721,0.52611908899853,0.557017815678926
2.73410149138191,0,2.18386598087197,0.548079413900617,0.098834368103045,0.105717761840721,0.526208193461824,0.557139354587933
2.73910149138191,0,2.18416543159887,0.548161164536967,0.0988316082645384,0.105717761840721,0.526296658856919,0.557260144013242
2.74410149138191,0,2.18446270256966,0.548242331182371,0.0988288593326912,0.105717761840721,0.526384489479075,0.557380188576631
2.74910149138191,0,2.18475780850076,0.548322917612815,0.098826121252499,0.105717761840721,0.526471689595274,0.557499492871375
2.75410149138191,0,2.18505076401067,0.548402927581477,0.0988233939692755,0.105717761840721,0.526558263444149,0.557618061462428
2.75910149138191,0,2.18534158362186,0.548482364819181,0.0988206774286468,0.105717761840721,0.526644215236539,0.557735898886591
2.76410149138191,0,2.18563028176153,0.548561233034563,0.0988179715765487,0.105717761840721,0.526729549155707,0.557853009652688
2.76910149138191,0,2.18591687276174,0.548639535914028,0.0988152763592271,0.105717761840721,0.526814269357372,0.557969398241741
2.77410149138191,0,2.18620137085912,0.548717277121644,0.0988125917232384,0.105717761840721,0.526898379969637,0.558085069107137
2.77910149138191,0,2.18648379019679,0.548794460299583,0.0988099176154442,0.105717761840721,0.526981885093528,0.558200026674803
2.78410149138191,0,2.18676414482507,0.548871089068282,0.0988072539830087,0.105717761840721,0.527064788803212,0.558314275343371
2.78910149138191,0,2.18704244870157,0.548947167026409,0.0988046007733987,0.105717761840721,0.527147095146019,0.558427819484348
2.79410149138191,0,2.18731871569098,0.549022697750752,0.0988019579343846,0.105717761840721,0.527228808142383,0.558540663442286
2.79910149138191,0,2.18759295956688,0.54909768479666,0.0987993254140346,0.105717761840721,0.527309931786358,0.558652811534944
2.80410149138191,0,2.18786519401245,0.549172131698195,0.0987967031607126,0.105717761840721,0.527390470045834,0.558764268053456
2.80910149138191,0,2.18813543262057,0.549246041968102,0.098794091123078,0.105717761840721,0.52747042686256,0.558875037262493
2.81410149138191,0,2.18840368889363,0.549319419097702,0.0987914892500867,0.105717761840721,0.527549806152085,0.558985123400429
2.81910149138191,0,2.18866997624521,0.549392266557326,0.0987888974909855,0.105717761840721,0.527628611804257,0.5590945306795
2.82410149138191,0,2.18893430800089,0.54946458779646,0.0987863157953099,0.105717761840721,0.52770684768344,0.559203263285967
2.82910149138191,0,2.18919669739827,0.549536386243718,0.098783744112884,0.105717761840721,0.527784517628535,0.559311325380277
2.83410149138191,0,2.18945715758677,0.549607665306747,0.0987811823938215,0.105717761840721,0.527861625452914,0.559418721097221
2.83910149138191,0,2.18971570162937,0.549678428372637,0.0987786305885202,0.105717761840721,0.527938174944921,0.559525454546091
2.84410149138191,0,2.18997234250326,0.549748678808076,0.0987760886476598,0.105717761840721,0.528014169868072,0.559631529810841
2.84910149138191,0,2.19022709309996,0.54981841995932,0.098773556522202,0.105717761840721,0.528089613961078,0.559736950950237
2.85410149138191,0,2.19047996622512,0.5498876551521,0.0987710341633912,0.105717761840721,0.528164510937783,0.559841721998021
2.85910149138191,0,2.19073097460013,0.549956387692028,0.0987685215227491,0.105717761840721,0.52823886448765,0.559945846963055
2.86410149138191,0,2.19098013086287,0.550024620864743,0.0987660185520731,0.105717761840721,0.528312678275958,0.560049329829485
2.86910149138191,0,2.19122744756775,0.550092357935892,0.0987635252034356,0.105717761840721,0.528385955943819,0.560152174556885
2.87410149138191,0,2.1914729371855,0.550159602151028,0.0987610414291851,0.105717761840721,0.528458701108128,0.560254385080414
2.87910149138191,0,2.19171661210483,0.550226356736018,0.0987585671819413,0.105717761840721,0.528530917362026,0.560355965310962
2.88410149138191,0,2.19195848463307,0.550292624897182,0.0987561024145926,0.105717761840721,0.528602608275094,0.560456919135305
2.88910149138191,0,2.19219856699625,0.550358409821275,0.0987536470802962,0.105717761840721,0.528673777393377,0.560557250416247
2.89410149138191,0,2.19243687133889,0.550423714675391,0.0987512011324791,0.105717761840721,0.528744428239325,0.560656962992775
2.89910149138191,0,2.19267340972562,0.55048854260736,0.0987487645248329,0.105717761840721,0.528814564312251,0.560756060680201
2.90410149138191,0,2.19290819414178,0.550552896745885,0.0987463372113115,0.105717761840721,0.52888418908852,0.560854547270309
2.90910149138191,0,2.19314123649354,0.550616780200525,0.0987439191461316,0.105717761840721,0.528953306021565,0.560952426531502
2.91410149138191,0,2.19337254860766,0.550680196061604,0.0987415102837732,0.105717761840721,0.52902191854184,0.561049702208944
2.91910149138191,0,2.19360214223309,0.550743147400599,0.0987391105789743,0.105717761840721,0.529090030057259,0.561146378024702
2.92410149138191,0,2.19383002904153,0.550805637270273,0.0987367199867299,0.105717761840721,0.529157643953381,0.561242457677893
2.92910149138191,0,2.19405622062757,0.55086766870466,0.098734338462291,0.105717761840721,0.529224763593429,0.561337944844824
2.93410149138191,0,2.19428072850847,0.550929244718979,0.0987319659611655,0.105717761840721,0.52929139231824,0.561432843179127
2.93910149138191,0,2.19450356412564,0.55099036831001,0.0987296024391141,0.105717761840721,0.529357533446695,0.561527156311909
2.94410149138191,0,2.19472473884532,0.551051042456228,0.0987272478521474,0.105717761840721,0.529423190275901,0.561620887851881
2.94910149138191,0,2.19494426395857,0.551111270117788,0.0987249021565267,0.105717761840721,0.529488366081205,0.561714041385502
2.95410149138191,0,2.19516215068114,0.551171054236442,0.0987225653087642,0.105717761840721,0.529553064116148,0.561806620477116
2.95910149138191,0,2.19537841015495,0.551230397735905,0.0987202372656183,0.105717761840721,0.529617287612886,0.561898628669084
2.96410149138191,0,2.19559305344862,0.551289303521989,0.098717917984092,0.105717761840721,0.52968103978236,0.561990069481927
2.96910149138191,0,2.19580609155759,0.551347774482588,0.0987156074214329,0.105717761840721,0.52974432381432,0.562080946414452
2.97410149138191,0,2.19601753540394,0.551405813487599,0.0987133055351335,0.105717761840721,0.529807142877272,0.562171262943893
2.97910149138191,0,2.1962273958378,0.551463423389279,0.0987110122829268,0.105717761840721,0.52986950011889,0.562261022526039
2.98410149138191,0,2.19643568363794,0.551520607022378,0.0987087276227848,0.105717761840721,0.529931398666185,0.562350228595372
2.98910149138191,0,2.19664240951182,0.55157736720412,0.0987064515129179,0.105717761840721,0.529992841625524,0.56243888456519
2.99410149138191,0,2.19684758409548,0.551633706734133,0.098704183911776,0.105717761840721,0.530053832082582,0.562526993827746
2.99910149138191,0,2.19705121795482,0.551689628394796,0.0987019247780437,0.105717761840721,0.530114373102738,0.562614559754374
3.00410149138191,0,2.19725332158627,0.551745134951367,0.0986996740706389,0.105717761840721,0.530174467731249,0.562701585695617
3.00910149138191,0,2.1974539054168,0.551800229151971,0.0986974317487124,0.105717761840721,0.530234118993258,0.562788074981358
3.01410149138191,0,2.19765297980377,0.551854913727525,0.0986951977716487,0.105717761840721,0.530293329893753,0.562874030920944
3.01910149138191,0,2.19785055503629,0.551909191392082,0.0986929720990617,0.105717761840721,0.530352103417955,0.562959456803316
3.02410149138191,0,2.19804664133574,0.551963064842957,0.0986907546907929,0.105717761840721,0.530410442531479,0.563044355897133
3.02910149138191,0,2.19824124885586,0.552016536760711,0.0986885455069111,0.105717761840721,0.530468350180351,0.563128731450897
3.03410149138191,0,2.19843438768261,0.552069609809088,0.0986863445077135,0.105717761840721,0.530525829290964,0.563212586693079
3.03910149138191,0,2.19862606783542,0.552122286635341,0.0986841516537212,0.105717761840721,0.530582882770455,0.563295924832239
3.04410149138191,0,2.1988162992678,0.55217456987036,0.0986819669056775,0.105717761840721,0.530639513506864,0.563378749057154
3.04910149138191,0,2.19900509186736,0.55222646212866,0.0986797902245476,0.105717761840721,0.530695724369149,0.563461062536934
3.05410149138191,0,2.19919245545564,0.552277966008313,0.0986776215715199,0.105717761840721,0.530751518207143,0.563542868421149
3.05910149138191,0,2.19937839978945,0.552329084091275,0.0986754609080011,0.105717761840721,0.530806897851922,0.563624169839945
3.06410149138191,0,2.19956293456134,0.552379818943505,0.0986733081956149,0.105717761840721,0.530861866115963,0.563704969904166
3.06910149138191,0,2.19974606939967,0.552430173114957,0.0986711633962021,0.105717761840721,0.530916425793151,0.563785271705473
3.07410149138191,0,2.1999278138685,0.552480149139515,0.0986690264718208,0.105717761840721,0.530970579658746,0.563865078316462
3.07910149138191,0,2.20010817746876,0.552529749535308,0.0986668973847426,0.105717761840721,0.531024330469735,0.563944392790781
3.08410149138191,0,2.20028716963885,0.552578976804833,0.0986647760974509,0.105717761840721,0.531077680964985,0.564023218163247
3.08910149138191,0,2.20046479975461,0.552627833434943,0.0986626625726409,0.105717761840721,0.53113063386526,0.564101557449964
3.09410149138191,0,2.20064107712925,0.552676321896787,0.0986605567732202,0.105717761840721,0.531183191873176,0.564179413648434
3.09910149138191,0,2.20081601101452,0.552724444646116,0.0986584586623047,0.105717761840721,0.531235357673552,0.564256789737679
3.10410149138191,0,2.20098961060121,0.552772204123405,0.0986563682032172,0.105717761840721,0.531287133933556,0.564333688678346
3.10910149138191,0,2.20116188501924,0.552819602753841,0.0986542853594872,0.105717761840721,0.531338523302722,0.564410113412828
3.11410149138191,0,2.20133284333747,0.552866642947264,0.0986522100948515,0.105717761840721,0.531389528412908,0.564486066865371
3.11910149138191,0,2.2015024945649,0.552913327098469,0.0986501423732504,0.105717761840721,0.531440151878633,0.56456155194219
3.12410149138191,0,2.2016708476512,0.552959657587321,0.0986480821588262,0.105717761840721,0.531490396297228,0.564636571531577
3.12910149138191,0,2.20183791148668,0.553005636778751,0.0986460294159228,0.105717761840721,0.531540264248843,0.564711128504016
3.13410149138191,0,2.20200369490222,0.55305126702269,0.0986439841090869,0.105717761840721,0.53158975829641,0.564785225712285
3.13910149138191,0,2.20216820667041,0.553096550654373,0.0986419462030634,0.105717761840721,0.531638880985976,0.564858865991575
3.14410149138191,0,2.20233145550599,0.553141489994445,0.0986399156627946,0.105717761840721,0.53168763484684,0.564932052159591
3.14910149138191,0,2.20249345006593,0.553186087348958,0.0986378924534199,0.105717761840721,0.53173602239157,0.565004787016661
3.15410149138191,0,2.2026541989493,0.553230345009313,0.0986358765402762,0.105717761840721,0.531784046115959,0.565077073345847
3.15910149138191,0,2.20281371069839,0.55327426525255,0.0986338678888944,0.105717761840721,0.531831708499355,0.565148913913049
3.16410149138191,0,2.20297199379913,0.553317850341456,0.0986318664649977,0.105717761840721,0.531879012004792,0.565220311467108
3.16910149138191,0,2.2031290566812,0.553361102524563,0.0986298722345019,0.105717761840721,0.531925959079006,0.565291268739916
3.17410149138191,0,2.20328490771789,0.553404024036089,0.0986278851635157,0.105717761840721,0.531972552152396,0.565361788446519
3.17910149138191,0,2.20343955522714,0.553446617096222,0.098625905218337,0.105717761840721,0.532018793639339,0.565431873285218
3.18410149138191,0,2.20359300747204,0.553488883911229,0.0986239323654517,0.105717761840721,0.532064685938322,0.565501525937677
3.18910149138191,0,2.20374527266088,0.553530826673449,0.0986219665715336,0.105717761840721,0.532110231431958,0.565570749069023
3.19410149138191,0,2.203896358947,0.553572447561239,0.0986200078034447,0.105717761840721,0.532155432486945,0.565639545327946
3.19910149138191,0,2.20404627442984,0.553613748739255,0.0986180560282318,0.105717761840721,0.532200291454375,0.565707917346805
3.20410149138191,0,2.20419502715545,0.553654732358551,0.0986161112131255,0.105717761840721,0.532244810669864,0.565775867741724
3.20910149138191,0,2.20434262511644,0.553695400556578,0.0986141733255393,0.105717761840721,0.532288992453563,0.565843399112698
3.21410149138191,0,2.20448907625194,0.553735755457133,0.098612242333071,0.105717761840721,0.532332839110123,0.565910514043684
3.21910149138191,0,2.20463438844858,0.553775799170627,0.0986103182034984,0.105717761840721,0.532376352928993,0.565977215102709
3.22410149138191,0,2.20477856954094,0.553815533794188,0.098608400904779,0.105717761840721,0.532419536184549,0.566043504841961
3.22910149138191,0,2.20492162731162,0.553854961411658,0.0986064904050487,0.105717761840721,0.5324623911361,0.566109385797892
3.23410149138191,0,2.20506356949107,0.553894084093543,0.0986045866726234,0.105717761840721,0.532504920027859,0.56617486049131
3.23910149138191,0,2.20520440375863,0.553932903897278,0.0986026896759949,0.105717761840721,0.532547125089232,0.566239931427481
3.24410149138191,0,2.20534413774294,0.553971422867323,0.0986007993838299,0.105717761840721,0.532589008534941,0.56630460109622
3.24910149138191,0,2.205482779022,0.554009643035163,0.0985989157649699,0.105717761840721,0.532630572565036,0.566368871971988
3.25410149138191,0,2.20562033512303,0.554047566419263,0.0985970387884317,0.105717761840721,0.532671819364858,0.56643274651399
3.25910149138191,0,2.20575681352345,0.554085195025319,0.0985951684234039,0.105717761840721,0.532712751105329,0.566496227166262
3.26410149138191,0,2.20589222165131,0.55412253084636,0.0985933046392462,0.105717761840721,0.532753369943065,0.566559316357771
3.26910149138191,0,2.20602656688533,0.554159575862743,0.0985914474054884,0.105717761840721,0.532793678020392,0.566622016502506
3.27410149138191,0,2.20615985655477,0.55419633204211,0.0985895966918319,0.105717761840721,0.532833677465311,0.566684329999567
3.27910149138191,0,2.20629209794039,0.554232801339638,0.0985877524681455,0.105717761840721,0.532873370391773,0.566746259233262
3.28410149138191,0,2.20642329827486,0.554268985698131,0.0985859147044652,0.105717761840721,0.5329127588998,0.566807806573197
3.28910149138191,0,2.20655346474278,0.554304887048024,0.0985840833709931,0.105717761840721,0.53295184507549,0.566868974374361
3.29410149138191,0,2.20668260448061,0.554340507307334,0.0985822584380986,0.105717761840721,0.53299063099099,0.566929764977226
3.29910149138191,0,2.20681072457755,0.554375848381907,0.0985804398763149,0.105717761840721,0.533029118704764,0.566990180707828
3.30410149138191,0,2.20693783207597,0.55441091216551,0.0985786276563379,0.105717761840721,0.533067310261705,0.56705022387786
3.30910149138191,0,2.2070639339714,0.554445700539832,0.0985768217490263,0.105717761840721,0.533105207693145,0.56710989678476
3.31410149138191,0,2.2071890372125,0.554480215374439,0.0985750221254016,0.105717761840721,0.533142813016826,0.567169201711797
3.31910149138191,0,2.20731314870188,0.554514458527014,0.0985732287566454,0.105717761840721,0.533180128237163,0.567228140928163
3.32410149138191,0,2.20743627529656,0.554548431843447,0.0985714416140983,0.105717761840721,0.533217155345352,0.567286716689055
3.32910149138191,0,2.20755842380793,0.554582137157835,0.0985696606692596,0.105717761840721,0.533253896319382,0.567344931235761
3.33410149138191,0,2.20767960100171,0.554615576292443,0.0985678858937875,0.105717761840721,0.533290353124002,0.567402786795753
3.33910149138191,0,2.20779981359881,0.554648751057933,0.0985661172594968,0.105717761840721,0.533326527710983,0.567460285582761
3.34410149138191,0,2.20791906827566,0.554681663253453,0.0985643547383572,0.105717761840721,0.533362422019215,0.567517429796869
3.34910149138191,0,2.20803737166433,0.554714314666644,0.0985625983024934,0.105717761840721,0.53339803797473,0.56757422162459
3.35410149138191,0,2.20815473035234,0.554746707073589,0.0985608479241855,0.105717761840721,0.53343337749066,0.567630663238956
3.35910149138191,0,2.20827115088361,0.554778842239051,0.0985591035758662,0.105717761840721,0.533468442467496,0.567686756799599
3.36410149138191,0,2.20838663975872,0.55481072191655,0.0985573652301195,0.105717761840721,0.533503234793187,0.567742504452831
3.36910149138191,0,2.20850120343503,0.554842347848374,0.0985556328596807,0.105717761840721,0.533537756343151,0.56779790833173
3.37410149138191,0,2.20861484832655,0.554873721765531,0.0985539064374369,0.105717761840721,0.533572008980247,0.567852970556221
3.37910149138191,0,2.20872758080475,0.554904845387976,0.098552185936424,0.105717761840721,0.533605994555017,0.567907693233155
3.38410149138191,0,2.20883940719897,0.554935720424693,0.0985504713298257,0.105717761840721,0.533639714905788,0.567962078456391
3.38910149138191,0,2.2089503337964,0.554966348573701,0.0985487625909736,0.105717761840721,0.533673171858683,0.568016128306876
3.39410149138191,0,2.20906036684201,0.554996731522009,0.0985470596933471,0.105717761840721,0.533706367227591,0.568069844852725
3.39910149138191,0,2.20916951253936,0.555026870945838,0.0985453626105712,0.105717761840721,0.533739302814404,0.568123230149299
3.40410149138191,0,2.20927777705096,0.555056768510703,0.0985436713164151,0.105717761840721,0.533771980409116,0.568176286239286
3.40910149138191,0,2.20938516649828,0.555086425871414,0.0985419857847924,0.105717761840721,0.533804401789834,0.568229015152775
3.41410149138191,0,2.20949168696164,0.555115844672037,0.0985403059897609,0.105717761840721,0.53383656872275,0.568281418907338
3.41910149138191,0,2.20959734448106,0.555145026546109,0.0985386319055205,0.105717761840721,0.533868482962368,0.568333499508105
3.42410149138191,0,2.20970214505655,0.555173973116719,0.0985369635064123,0.105717761840721,0.533900146251607,0.568385258947842
3.42910149138191,0,2.20980609464814,0.555202685996505,0.0985353007669176,0.105717761840721,0.533931560321804,0.568436699207025
3.43410149138191,0,2.20990919917584,0.555231166787626,0.0985336436616594,0.105717761840721,0.533962726892692,0.568487822253917
3.43910149138191,0,2.21001146452035,0.55525941708196,0.0985319921653987,0.105717761840721,0.53399364767262,0.568538630044646
3.44410149138191,0,2.2101128965234,0.555287438461191,0.0985303462530346,0.105717761840721,0.534024324358653,0.568589124523273
3.44910149138191,0,2.21021350098783,0.555315232496804,0.0985287058996033,0.105717761840721,0.534054758636575,0.568639307621875
3.45410149138191,0,2.21031328367743,0.555342800750058,0.0985270710802788,0.105717761840721,0.534084952180866,0.568689181260612
3.45910149138191,0,2.21041225031777,0.555370144772178,0.0985254417703705,0.105717761840721,0.534114906654921,0.568738747347804
3.46410149138191,0,2.21051040659642,0.555397266104443,0.0985238179453219,0.105717761840721,0.53414462371114,0.568788007780004
3.46910149138191,0,2.2106077581631,0.555424166278179,0.098522199580711,0.105717761840721,0.534174104990938,0.568836964442068
3.47410149138191,0,2.21070431062947,0.555450846814732,0.09852058665225,0.105717761840721,0.53420335212472,0.568885619207229
3.47910149138191,0,2.21080006956997,0.555477309225661,0.0985189791357832,0.105717761840721,0.534232366732091,0.56893397393717
3.48410149138191,0,2.21089504052206,0.555503555012814,0.0985173770072862,0.105717761840721,0.534261150421951,0.568982030482093
3.48910149138191,0,2.21098922898627,0.555529585668332,0.0985157802428655,0.105717761840721,0.534289704792498,0.56902979068079
3.49410149138191,0,2.21108264042614,0.555555402674615,0.0985141888187587,0.105717761840721,0.534318031431205,0.569077256360713
3.49910149138191,0,2.2111752802689,0.555581007504516,0.0985126027113327,0.105717761840721,0.534346131915029,0.569124429338047
3.50410149138191,0,2.21126715390578,0.555606401621412,0.0985110218970822,0.105717761840721,0.534374007810498,0.569171311417777
3.50910149138191,0,2.21135826669206,0.555631586479206,0.0985094463526298,0.105717761840721,0.534401660673716,0.569217904393755
3.51410149138191,0,2.21144862394694,0.555656563522302,0.0985078760547263,0.105717761840721,0.534429092050341,0.569264210048774
3.51910149138191,0,2.21153823095431,0.555681334185784,0.0985063109802485,0.105717761840721,0.534456303475791,0.569310230154631
3.52410149138191,0,2.21162709296298,0.555705899895493,0.0985047511061978,0.105717761840721,0.534483296475322,0.569355966472199
3.52910149138191,0,2.21171521518672,0.555730262068029,0.098503196409701,0.105717761840721,0.534510072564038,0.569401420751489
3.53410149138191,0,2.21180260280421,0.555754422110718,0.0985016468680097,0.105717761840721,0.534536633246873,0.569446594731725
3.53910149138191,0,2.21188926095969,0.555778381421801,0.0985001024584984,0.105717761840721,0.534562980018779,0.569491490141402
3.54410149138191,0,2.21197519476325,0.555802141390496,0.0984985631586638,0.105717761840721,0.534589114364818,0.569536108698358
3.54910149138191,0,2.21206040929087,0.555825703397006,0.0984970289461243,0.105717761840721,0.53461503776016,0.569580452109837
3.55410149138191,0,2.21214490958432,0.55584906881249,0.0984954997986206,0.105717761840721,0.53464075167007,0.569624522072555
3.55910149138191,0,2.21222870065186,0.555872238999239,0.0984939756940135,0.105717761840721,0.534666257550091,0.569668320272766
3.56410149138191,0,2.21231178746846,0.555895215310745,0.0984924566102826,0.105717761840721,0.534691556846133,0.569711848386324
3.56910149138191,0,2.21239417497589,0.555917999091704,0.0984909425255267,0.105717761840721,0.534716650994471,0.569755108078751
3.57410149138191,0,2.2124758680826,0.555940591677991,0.0984894334179641,0.105717761840721,0.534741541421732,0.569798101005295
3.57910149138191,0,2.21255687166437,0.555962994396827,0.0984879292659299,0.105717761840721,0.534766229545077,0.569840828811
3.58410149138191,0,2.21263719056461,0.555985208566853,0.0984864300478757,0.105717761840721,0.534790716772279,0.569883293130764
3.58910149138191,0,2.21271682959434,0.556007235498127,0.0984849357423692,0.105717761840721,0.534815004501732,0.569925495589402
3.59410149138191,0,2.21279579353216,0.556029076492102,0.0984834463280947,0.105717761840721,0.534839094122429,0.569967437801713
3.59910149138191,0,2.21287408712486,0.556050732841792,0.0984819617838507,0.105717761840721,0.534862987014145,0.570009121372535
3.60410149138191,0,2.21295171508766,0.556072205831839,0.0984804820885495,0.105717761840721,0.534886684547512,0.57005054789681
3.60910149138191,0,2.21302868210429,0.556093496738514,0.0984790072212165,0.105717761840721,0.534910188084026,0.570091718959646
3.61410149138191,0,2.21310499282685,0.556114606829696,0.0984775371609911,0.105717761840721,0.534933498976026,0.570132636136375
3.61910149138191,0,2.21318065187649,0.556135537365028,0.0984760718871243,0.105717761840721,0.534956618566873,0.570173300992615
3.62410149138191,0,2.21325566384361,0.55615628959599,0.098474611378978,0.105717761840721,0.534979548191023,0.570213715084329
3.62910149138191,0,2.21333003328793,0.556176864765897,0.0984731556160247,0.105717761840721,0.535002289174033,0.570253879957887
3.63410149138191,0,2.21340376473838,0.556197264109877,0.0984717045778481,0.105717761840721,0.535024842832544,0.57029379715012
3.63910149138191,0,2.21347686269372,0.556217488855026,0.0984702582441408,0.105717761840721,0.53504721047445,0.570333468188383
3.64410149138191,0,2.21354933162278,0.55623754022048,0.0984688165947039,0.105717761840721,0.535069393398972,0.570372894590614
3.64910149138191,0,2.21362117596451,0.556257419417407,0.0984673796094463,0.105717761840721,0.535091392896664,0.570412077865389
3.65410149138191,0,2.21369240012786,0.556277127648991,0.0984659472683855,0.105717761840721,0.535113210249395,0.570451019511982
3.65910149138191,0,2.21376300849242,0.556296666110587,0.0984645195516455,0.105717761840721,0.535134846730516,0.57048972102042
3.66410149138191,0,2.2138330054086,0.556316035989779,0.0984630964394558,0.105717761840721,0.535156303604931,0.570528183871543
3.66910149138191,0,2.21390239519771,0.556335238466385,0.0984616779121518,0.105717761840721,0.5351775821291,0.570566409537059
3.67410149138191,0,2.21397118215188,0.556354274712436,0.0984602639501743,0.105717761840721,0.535198683551027,0.570604399479601
3.67910149138191,0,2.21403937053459,0.556373145892324,0.0984588545340685,0.105717761840721,0.535219609110418,0.57064215515278
3.68410149138191,0,2.21410696458095,0.556391853162866,0.0984574496444825,0.105717761840721,0.535240360038751,0.570679678001248
3.68910149138191,0,2.2141739684977,0.556410397673304,0.0984560492621676,0.105717761840721,0.535260937559284,0.570716969460742
3.69410149138191,0,2.21424038646317,0.556428780565285,0.0984546533679784,0.105717761840721,0.535281342887033,0.570754030958152
3.69910149138191,0,2.21430622262777,0.556447002973005,0.0984532619428711,0.105717761840721,0.535301577228936,0.570790863911563
3.70410149138191,0,2.21437148111432,0.556465066023276,0.0984518749679026,0.105717761840721,0.535321641783916,0.57082746973032
3.70910149138191,0,2.21443616601796,0.55648297083552,0.0984504924242303,0.105717761840721,0.53534153774289,0.570863849815074
3.71410149138191,0,2.21450028140618,0.556500718521753,0.0984491142931129,0.105717761840721,0.535361266288749,0.57090000555784
3.71910149138191,0,2.2145638313193,0.556518310186727,0.0984477405559078,0.105717761840721,0.535380828596514,0.570935938342049
3.72410149138191,0,2.21462681977073,0.556535746927989,0.098446371194071,0.105717761840721,0.535400225833401,0.5709716495426
3.72910149138191,0,2.21468925074696,0.556553029835883,0.0984450061891567,0.105717761840721,0.535419459158827,0.571007140525914
3.73410149138191,0,2.21475112820752,0.556570159993529,0.0984436455228177,0.105717761840721,0.535438529724395,0.571042412649987
3.73910149138191,0,2.21481245608549,0.556587138476965,0.0984422891768035,0.105717761840721,0.535457438674039,0.57107746726444
3.74410149138191,0,2.21487323828774,0.556603966355202,0.0984409371329598,0.105717761840721,0.535476187144095,0.57111230571057
3.74910149138191,0,2.21493347869494,0.556620644690228,0.0984395893732282,0.105717761840721,0.535494776263302,0.571146929321404
3.75410149138191,0,2.21499318116146,0.556637174536985,0.0984382458796463,0.105717761840721,0.535513207152784,0.571181339421749
3.75910149138191,0,2.21505234951596,0.556653556943512,0.0984369066343465,0.105717761840721,0.535531480926203,0.571215537328242
3.76410149138191,0,2.21511098756154,0.556669792950992,0.0984355716195549,0.105717761840721,0.535549598689815,0.571249524349401
3.76910149138191,0,2.21516909907579,0.556685883593764,0.0984342408175913,0.105717761840721,0.53556756154248,0.571283301785675
3.77410149138191,0,2.21522668781069,0.556701829899296,0.0984329142108695,0.105717761840721,0.535585370575642,0.571316870929492
3.77910149138191,0,2.21528375749319,0.556717632888321,0.0984315917818954,0.105717761840721,0.535603026873473,0.571350233065313
3.78410149138191,0,2.21534031182532,0.556733293574894,0.0984302735132666,0.105717761840721,0.535620531512938,0.571383389469676
3.78910149138191,0,2.21539635448427,0.556748812966388,0.0984289593876724,0.105717761840721,0.535637885563792,0.571416341411248
3.79410149138191,0,2.21545188912234,0.556764192063485,0.0984276493878935,0.105717761840721,0.535655090088573,0.571449090150872
3.79910149138191,0,2.21550691936737,0.556779431860294,0.0984263434968009,0.105717761840721,0.535672146142733,0.571481636941617
3.80410149138191,0,2.215561448823,0.556794533344416,0.0984250416973551,0.105717761840721,0.535689054774706,0.571513983028823
3.80910149138191,0,2.21561548106864,0.556809497496938,0.0984237439726058,0.105717761840721,0.535705817025903,0.571546129650152
3.81410149138191,0,2.21566901965945,0.556824325292417,0.0984224503056923,0.105717761840721,0.535722433930707,0.571578078035634
3.81910149138191,0,2.21572206812681,0.55683901769901,0.098421160679842,0.105717761840721,0.5357389065166,0.571609829407712
3.82410149138191,0,2.2157746299785,0.556853575678522,0.0984198750783696,0.105717761840721,0.535755235804226,0.571641384981293
3.82910149138191,0,2.21582670869871,0.556868000186409,0.098418593484677,0.105717761840721,0.535771422807394,0.57167274596379
3.83410149138191,0,2.21587830774802,0.556882292171764,0.0984173158822537,0.105717761840721,0.535787468533062,0.571703913555172
3.83910149138191,0,2.21592943056383,0.556896452577434,0.098416042254675,0.105717761840721,0.535803373981472,0.571734888948008
3.84410149138191,0,2.21598008056058,0.556910482340079,0.0984147725856015,0.105717761840721,0.535819140146203,0.571765673327511
3.84910149138191,0,2.21603026112972,0.556924382390165,0.0984135068587791,0.105717761840721,0.535834768014178,0.571796267871588
3.85410149138191,0,2.21607997563971,0.556938153651956,0.0984122450580391,0.105717761840721,0.535850258565649,0.571826673750881
3.85910149138191,0,2.21612922743644,0.556951797043627,0.0984109871672966,0.105717761840721,0.535865612774326,0.571856892128813
3.86410149138191,0,2.21617801984343,0.55696531347732,0.0984097331705502,0.105717761840721,0.535880831607428,0.571886924161632
3.86910149138191,0,2.21622635616181,0.556978703859142,0.0984084830518816,0.105717761840721,0.535895916025695,0.571916770998458
3.87410149138191,0,2.21627423967034,0.556991969089147,0.0984072367954558,0.105717761840721,0.535910866983366,0.571946433781323
3.87910149138191,0,2.21632167362578,0.557005110061461,0.0984059943855201,0.105717761840721,0.535925685428311,0.571975913645216
3.88410149138191,0,2.21636866126309,0.557018127664321,0.0984047558064027,0.105717761840721,0.535940372302078,0.572005211718129
3.88910149138191,0,2.21641520579547,0.557031022780086,0.0984035210425134,0.105717761840721,0.535954928539904,0.572034329121096
3.89410149138191,0,2.21646131041428,0.557043796285212,0.0984022900783433,0.105717761840721,0.535969355070695,0.572063266968241
3.89910149138191,0,2.21650697828949,0.557056449050376,0.0984010628984637,0.105717761840721,0.535983652817154,0.572092026366813
3.90410149138191,0,2.21655221256984,0.557068981940516,0.0983998394875251,0.105717761840721,0.535997822695828,0.572120608417238
3.90910149138191,0,2.21659701638286,0.557081395814836,0.0983986198302576,0.105717761840721,0.536011865617115,0.572149014213153
3.91410149138191,0,2.21664139283481,0.557093691526791,0.0983974039114707,0.105717761840721,0.536025782485248,0.572177244841451
3.91910149138191,0,2.21668534501114,0.557105869924197,0.0983961917160522,0.105717761840721,0.536039574198421,0.572205301382325
3.92410149138191,0,2.2167288759766,0.55711793184928,0.0983949832289673,0.105717761840721,0.536053241648829,0.572233184909304
3.92910149138191,0,2.2167719887753,0.557129878138674,0.098393778435259,0.105717761840721,0.53606678572268,0.572260896489298
3.93410149138191,0,2.21681468643063,0.557141709623409,0.0983925773200476,0.105717761840721,0.536080207300181,0.572288437182638
3.93910149138191,0,2.21685697194571,0.557153427129019,0.0983913798685301,0.105717761840721,0.53609350725565,0.572315808043117
3.94410149138191,0,2.21689884830351,0.55716503147559,0.0983901860659792,0.105717761840721,0.536106686457569,0.572343010118028
3.94910149138191,0,2.21694031846689,0.557176523477754,0.0983889958977431,0.105717761840721,0.536119745768588,0.572370044448207
3.95410149138191,0,2.21698138537854,0.557187903944683,0.0983878093492461,0.105717761840721,0.536132686045508,0.572396912068072
3.95910149138191,0,2.21702205196139,0.557199173680193,0.0983866264059869,0.105717761840721,0.536145508139402,0.57242361400566
3.96410149138191,0,2.21706232111877,0.557210333482784,0.0983854470535385,0.105717761840721,0.536158212895653,0.572450151282671
3.96910149138191,0,2.21710219573441,0.557221384145647,0.0983842712775475,0.105717761840721,0.536170801153967,0.572476524914503
3.97410149138191,0,2.21714167867241,0.557232326456646,0.0983830990637348,0.105717761840721,0.536183273748354,0.572502735910293
3.97910149138191,0,2.21718077277763,0.557243161198425,0.098381930397894,0.105717761840721,0.536195631507243,0.572528785272954
3.98410149138191,0,2.2172194808758,0.557253889148448,0.0983807652658911,0.105717761840721,0.536207875253524,0.572554673999217
3.98910149138191,0,2.21725780577362,0.557264511079002,0.0983796036536643,0.105717761840721,0.536220005804556,0.572580403079663
3.99410149138191,0,2.21729575025863,0.557275027757186,0.0983784455472242,0.105717761840721,0.536232023972152,0.572605973498768
3.99910149138191,0,2.21733331709965,0.557285439945008,0.0983772909326525,0.105717761840721,0.536243930562689,0.572631386234935
4.00410149138191,0,2.21737050904688,0.557295748399426,0.0983761397961014,0.105717761840721,0.536255726377151,0.572656642260533
4.00910149138191,0,2.21740732883196,0.557305953872355,0.0983749921237939,0.105717761840721,0.536267412211134,0.572681742541937
4.01410149138191,0,2.2174437791679,0.557316057110651,0.0983738479020234,0.105717761840721,0.536278988854833,0.572706688039562
4.01910149138191,0,2.21747986274946,0.55732605885621,0.0983727071171529,0.105717761840721,0.536290457093148,0.572731479707898
4.02410149138191,0,2.21751558225327,0.557335959846005,0.0983715697556145,0.105717761840721,0.536301817705728,0.572756118495553
4.02910149138191,0,2.2175509403379,0.557345760812094,0.0983704358039091,0.105717761840721,0.536313071466973,0.572780605345282
4.03410149138191,0,2.21758593964375,0.557355462481605,0.0983693052486065,0.105717761840721,0.536324219146026,0.572804941194028
4.03910149138191,0,2.21762058279347,0.557365065576828,0.0983681780763446,0.105717761840721,0.53633526150687,0.572829126972957
4.04410149138191,0,2.21765487239205,0.557374570815262,0.0983670542738286,0.105717761840721,0.536346199308376,0.572853163607491
4.04910149138191,0,2.21768881102687,0.557383978909611,0.0983659338278309,0.105717761840721,0.536357033304303,0.572877052017345
4.05410149138191,0,2.21772240126765,0.557393290567773,0.0983648167251914,0.105717761840721,0.536367764243289,0.572900793116566
4.05910149138191,0,2.2177556456668,0.557402506492935,0.0983637029528164,0.105717761840721,0.536378392868948,0.572924387813561
4.06410149138191,0,2.21778854675954,0.557411627383612,0.0983625924976779,0.105717761840721,0.536388919919915,0.572947837011135
4.06910149138191,0,2.21782110706394,0.557420653933645,0.0983614853468137,0.105717761840721,0.536399346129845,0.572971141606529
4.07410149138191,0,2.21785332908088,0.557429586832195,0.0983603814873273,0.105717761840721,0.536409672227408,0.572994302491448
4.07910149138191,0,2.21788521529435,0.557438426763829,0.0983592809063873,0.105717761840721,0.536419898936381,0.573017320552098
4.08410149138191,0,2.21791676817164,0.55744717440856,0.0983581835912263,0.105717761840721,0.53643002697569,0.573040196669224
4.08910149138191,0,2.21794799016333,0.557455830441848,0.0983570895291411,0.105717761840721,0.536440057059415,0.573062931718134
4.09410149138191,0,2.21797888370324,0.557464395534591,0.0983559987074931,0.105717761840721,0.536449989896775,0.573085526568745
4.09910149138191,0,2.21800945120876,0.55747287035321,0.0983549111137069,0.105717761840721,0.53645982619223,0.573107982085603
4.10410149138191,0,2.218039695081,0.557481255559689,0.0983538267352697,0.105717761840721,0.536469566645511,0.573130299127926
4.10910149138191,0,2.21806961770482,0.557489551811574,0.0983527455597315,0.105717761840721,0.536479211951633,0.573152478549635
4.11410149138191,0,2.21809922144873,0.557497759761965,0.0983516675747054,0.105717761840721,0.536488762800877,0.573174521199382
4.11910149138191,0,2.21812850866527,0.5575058800596,0.0983505927678661,0.105717761840721,0.536498219878885,0.573196427920587
4.12410149138191,0,2.21815748169111,0.557513913348891,0.0983495211269496,0.105717761840721,0.536507583866699,0.57321819955147
4.12910149138191,0,2.21818614284709,0.557521860269928,0.0983484526397533,0.105717761840721,0.536516855440764,0.57323983692508
4.13410149138191,0,2.21821449443815,0.557529721458467,0.0983473872941359,0.105717761840721,0.536526035272917,0.57326134086933
4.13910149138191,0,2.21824253875364,0.557537497546013,0.0983463250780168,0.105717761840721,0.536535124030477,0.573282712207029
4.14410149138191,0,2.21827027806751,0.557545189159857,0.0983452659793749,0.105717761840721,0.536544122376283,0.573303951755909
4.14910149138191,0,2.21829771463823,0.557552796923076,0.0983442099862491,0.105717761840721,0.536553030968696,0.573325060328661
4.15410149138191,0,2.21832485070884,0.557560321454524,0.0983431570867386,0.105717761840721,0.536561850461591,0.573346038732965
4.15910149138191,0,2.21835168850717,0.557567763368914,0.0983421072690012,0.105717761840721,0.536570581504443,0.57336688777152
4.16410149138191,0,2.21837823024606,0.557575123276852,0.0983410605212534,0.105717761840721,0.536579224742362,0.573387608242074
4.16910149138191,0,2.21840447812327,0.557582401784837,0.0983400168317703,0.105717761840721,0.536587780816101,0.573408200937457
4.17410149138191,0,2.21843043432154,0.557589599495254,0.0983389761888854,0.105717761840721,0.536596250362039,0.573428666645609
4.17910149138191,0,2.21845610100881,0.557596717006452,0.09833793858099,0.105717761840721,0.536604634012275,0.573449006149612
4.18410149138191,0,2.2184814803384,0.557603754912777,0.0983369039965326,0.105717761840721,0.536612932394654,0.573469220227718
4.1891014913819,0,2.21850657444896,0.557610713804578,0.0983358724240188,0.105717761840721,0.536621146132778,0.57348930965338
4.1941014913819,0,2.2185313854645,0.557617594268188,0.0983348438520114,0.105717761840721,0.536629275845992,0.573509275195282
4.1991014913819,0,2.21855591549463,0.557624396886013,0.0983338182691297,0.105717761840721,0.53663732214947,0.573529117617367
4.2041014913819,0,2.21858016663471,0.557631122236557,0.0983327956640486,0.105717761840721,0.536645285654245,0.573548837678868
4.2091014913819,0,2.21860414096585,0.557637770894425,0.0983317760254992,0.105717761840721,0.536653166967217,0.573568436134336
4.2141014913819,0,2.21862784055484,0.557644343430316,0.0983307593422684,0.105717761840721,0.53666096669114,0.573587913733668
4.2191014913819,0,2.21865126745452,0.557650840411097,0.0983297456031979,0.105717761840721,0.536668685424708,0.573607271222138
4.2241014913819,0,2.21867442370379,0.557657262399835,0.0983287347971843,0.105717761840721,0.536676323762579,0.573626509340423
4.2291014913819,0,2.21869731132771,0.5576636099558,0.0983277269131786,0.105717761840721,0.53668388229539,0.573645628824632
4.2341014913819,0,2.21871993233739,0.557669883634452,0.0983267219401866,0.105717761840721,0.536691361609739,0.573664630406338
4.2391014913819,0,2.21874228873034,0.557676083987521,0.0983257198672678,0.105717761840721,0.536698762288267,0.573683514812598
4.2441014913819,0,2.21876438249051,0.557682211563031,0.098324720683535,0.105717761840721,0.536706084909689,0.57370228276599
4.2491014913819,0,2.21878621558836,0.557688266905308,0.0983237243781544,0.105717761840721,0.536713330048803,0.573720934984633
4.2541014913819,0,2.2188077899808,0.557694250554967,0.0983227309403455,0.105717761840721,0.536720498276471,0.573739472182218
4.2591014913819,0,2.21882910761144,0.557700163048987,0.0983217403593804,0.105717761840721,0.536727590159705,0.573757895068037
4.2641014913819,0,2.21885017041075,0.557706004920737,0.0983207526245835,0.105717761840721,0.536734606261694,0.573776204347006
4.2691014913819,0,2.218870980296,0.557711776699983,0.098319767725331,0.105717761840721,0.536741547141807,0.573794400719694
4.2741014913819,0,2.2188915391713,0.557717478912875,0.0983187856510515,0.105717761840721,0.536748413355587,0.573812484882352
4.2791014913819,0,2.21891184892782,0.557723112082018,0.0983178063912249,0.105717761840721,0.536755205454824,0.573830457526936
4.2841014913819,0,2.2189319114439,0.557728676726505,0.0983168299353819,0.105717761840721,0.536761923987585,0.573848319341134
4.2891014913819,0,2.21895172858506,0.557734173361913,0.0983158562731043,0.105717761840721,0.536768569498218,0.573866071008395
4.2941014913819,0,2.21897130220398,0.5577396025003,0.0983148853940248,0.105717761840721,0.536775142527344,0.573883713207952
4.2991014913819,0,2.21899063414074,0.55774496465027,0.0983139172878263,0.105717761840721,0.536781643611931,0.573901246614852
4.3041014913819,0,2.21900972622294,0.557750260317002,0.0983129519442415,0.105717761840721,0.53678807328532,0.573918671899976
4.3091014913819,0,2.21902858026571,0.557755490002252,0.0983119893530529,0.105717761840721,0.536794432077231,0.57393598973007
4.3141014913819,0,2.21904719807163,0.557760654204347,0.0983110295040926,0.105717761840721,0.536800720513754,0.573953200767767
4.3191014913819,0,2.21906558143106,0.557765753418248,0.098310072387242,0.105717761840721,0.536806939117422,0.573970305671615
4.3241014913819,0,2.21908373212218,0.557770788135581,0.098309117992431,0.105717761840721,0.536813088407236,0.573987305096102
4.3291014913819,0,2.21910165191101,0.557775758844637,0.0983081663096382,0.105717761840721,0.53681916889867,0.574004199691677
4.3341014913819,0,2.21911934255141,0.557780666030363,0.0983072173288909,0.105717761840721,0.536825181103667,0.57402099010478
4.3391014913819,0,2.21913680578528,0.557785510174431,0.0983062710402642,0.105717761840721,0.536831125530698,0.574037676977864
4.3441014913819,0,2.21915404334268,0.557790291755261,0.0983053274338809,0.105717761840721,0.536837002684803,0.574054260949421
4.3491014913819,0,2.21917105694185,0.557795011248025,0.0983043864999112,0.105717761840721,0.536842813067584,0.574070742654005
4.3541014913819,0,2.21918784828915,0.557799669124638,0.0983034482285729,0.105717761840721,0.536848557177201,0.574087122722257
4.3591014913819,0,2.21920441907931,0.557804265853822,0.0983025126101308,0.105717761840721,0.53685423550844,0.574103401780929
4.3641014913819,0,2.21922077099556,0.557808801901134,0.0983015796348959,0.105717761840721,0.53685984855274,0.574119580452909
4.3691014913819,0,2.21923690570958,0.557813277728963,0.0983006492932258,0.105717761840721,0.536865396798194,0.574135659357242
4.3741014913819,0,2.21925282488149,0.557817693796529,0.0982997215755247,0.105717761840721,0.536870880729544,0.574151639109157
4.3791014913819,0,2.21926853016011,0.557822050559939,0.0982987964722423,0.105717761840721,0.536876300828247,0.574167520320089
4.3841014913819,0,2.21928402318303,0.557826348472217,0.098297873973874,0.105717761840721,0.536881657572496,0.574183303597703
4.3891014913819,0,2.21929930557661,0.557830587983301,0.0982969540709604,0.105717761840721,0.536886951437233,0.574198989545915
4.3941014913819,0,2.21931437895595,0.55783476954004,0.0982960367540877,0.105717761840721,0.53689218289413,0.574214578764918
4.3991014913819,0,2.21932924492516,0.557838893586255,0.0982951220138868,0.105717761840721,0.536897352411664,0.574230071851205
4.4041014913819,0,2.21934390507738,0.557842960562757,0.0982942098410328,0.105717761840721,0.536902460455134,0.574245469397588
4.4091014913819,0,2.21935836099485,0.557846970907358,0.0982933002262454,0.105717761840721,0.536907507486668,0.574260771993226
4.4141014913819,0,2.21937261424884,0.557850925054857,0.0982923931602887,0.105717761840721,0.536912493965218,0.574275980223644
4.4191014913819,0,2.21938666639989,0.557854823437101,0.0982914886339704,0.105717761840721,0.536917420346617,0.574291094670754
4.4241014913819,0,2.2194005189979,0.55785866648301,0.0982905866381418,0.105717761840721,0.536922287083607,0.574306115912884
4.4291014913819,0,2.21941417358213,0.557862454618577,0.0982896871636973,0.105717761840721,0.536927094625843,0.574321044524791
4.4341014913819,0,2.21942763168116,0.557866188266865,0.0982887902015749,0.105717761840721,0.536931843419885,0.574335881077692
4.4391014913819,0,2.21944089481313,0.557869867848057,0.0982878957427554,0.105717761840721,0.536936533909255,0.574350626139278
4.4441014913819,0,2.21945396448582,0.557873493779488,0.0982870037782619,0.105717761840721,0.53694116653447,0.574365280273742
4.4491014913819,0,2.21946684219663,0.557877066475641,0.0982861142991598,0.105717761840721,0.536945741733035,0.574379844041795
4.4541014913819,0,2.21947952943258,0.557880586348143,0.0982852272965572,0.105717761840721,0.536950259939444,0.574394318000694
4.4591014913819,0,2.21949202767054,0.557884053805818,0.0982843427616038,0.105717761840721,0.536954721585235,0.574408702704255
4.4641014913819,0,2.21950433837725,0.557887469254714,0.0982834606854908,0.105717761840721,0.536959127099014,0.574422998702883
4.4691014913819,0,2.21951646300937,0.557890833098102,0.0982825810594509,0.105717761840721,0.53696347690646,0.574437206543587
4.4741014913819,0,2.21952840301346,0.557894145736469,0.0982817038747583,0.105717761840721,0.536967771430316,0.574451326770003
4.4791014913819,0,2.21954015982617,0.557897407567574,0.0982808291227278,0.105717761840721,0.536972011090448,0.574465359922415
4.4841014913819,0,2.21955173487431,0.557900618986471,0.0982799567947151,0.105717761840721,0.536976196303866,0.574479306537773
4.4891014913819,0,2.21956312957486,0.557903780385509,0.0982790868821162,0.105717761840721,0.536980327484731,0.57449316714972
4.4941014913819,0,2.21957434533497,0.557906892154324,0.0982782193763676,0.105717761840721,0.536984405044345,0.574506942288604
4.4991014913819,0,2.21958538355215,0.557909954679897,0.098277354268946,0.105717761840721,0.536988429391207,0.574520632481507
4.5041014913819,0,2.21959624561431,0.557912968346573,0.0982764915513675,0.105717761840721,0.536992400931038,0.574534238252255
4.5091014913819,0,2.21960693289982,0.55791593353606,0.0982756312151878,0.105717761840721,0.536996320066782,0.57454776012145
4.5141014913819,0,2.21961744677745,0.557918850627428,0.0982747732520023,0.105717761840721,0.537000187198599,0.574561198606479
4.5191014913819,0,2.21962778860658,0.557921719997157,0.0982739176534456,0.105717761840721,0.53700400272392,0.57457455422154
4.5241014913819,0,2.21963795973726,0.557924542019161,0.0982730644111909,0.105717761840721,0.537007767037472,0.574587827477661
4.5291014913819,0,2.21964796151024,0.557927317064785,0.0982722135169499,0.105717761840721,0.537011480531277,0.574601018882717
4.5341014913819,0,2.21965779525693,0.557930045502805,0.0982713649624735,0.105717761840721,0.537015143594647,0.574614128941452
4.5391014913819,0,2.21966746229961,0.557932727699473,0.0982705187395506,0.105717761840721,0.537018756614236,0.574627158155499
4.5441014913819,0,2.21967696395144,0.557935364018543,0.0982696748400077,0.105717761840721,0.537022319974063,0.574640107023394
4.5491014913819,0,2.21968630151656,0.557937954821267,0.0982688332557096,0.105717761840721,0.537025834055517,0.574652976040603
4.5541014913819,0,2.21969547629,0.557940500466394,0.0982679939785588,0.105717761840721,0.537029299237344,0.574665765699532
4.5591014913819,0,2.21970448955788,0.557943001310214,0.098267157000495,0.105717761840721,0.537032715895706,0.574678476489555
4.5641014913819,0,2.21971334259749,0.557945457706584,0.0982663223134951,0.105717761840721,0.537036084404197,0.574691108897026
4.5691014913819,0,2.21972203667729,0.557947870006925,0.098265489909573,0.105717761840721,0.537039405133849,0.574703663405299
4.5741014913819,0,2.2197305730569,0.557950238560219,0.0982646597807797,0.105717761840721,0.537042678453122,0.574716140494749
4.5791014913819,0,2.21973895298724,0.557952563713055,0.0982638319192025,0.105717761840721,0.537045904727959,0.574728540642788
4.5841014913819,0,2.21974717771065,0.55795484580965,0.0982630063169651,0.105717761840721,0.537049084321803,0.574740864323884
4.5891014913819,0,2.21975524846087,0.55795708519185,0.0982621829662273,0.105717761840721,0.537052217595603,0.574753112009579
4.5941014913819,0,2.21976316646303,0.557959282199123,0.0982613618591851,0.105717761840721,0.537055304907803,0.574765284168509
4.5991014913819,0,2.21977093293379,0.55796143716861,0.0982605429880705,0.105717761840721,0.537058346614395,0.574777381266416
4.6041014913819,0,2.21977854908146,0.557963550435138,0.0982597263451504,0.105717761840721,0.537061343068938,0.574789403766174
4.6091014913819,0,2.21978601610597,0.557965622331227,0.0982589119227275,0.105717761840721,0.537064294622563,0.574801352127801
4.6141014913819,0,2.21979333519886,0.557967653187081,0.0982580997131398,0.105717761840721,0.537067201623959,0.574813226808478
4.6191014913819,0,2.21980050754345,0.557969643330636,0.0982572897087601,0.105717761840721,0.537070064419432,0.574825028262568
4.6241014913819,0,2.2198075343149,0.557971593087575,0.0982564819019959,0.105717761840721,0.537072883352916,0.574836756941629
4.6291014913819,0,2.21981441668022,0.557973502781335,0.0982556762852895,0.105717761840721,0.537075658765978,0.574848413294439
4.6341014913819,0,2.21982115579827,0.557975372733097,0.0982548728511174,0.105717761840721,0.537078390997815,0.574859997767005
4.6391014913819,0,2.21982775281987,0.557977203261832,0.0982540715919908,0.105717761840721,0.537081080385296,0.574871510802585
4.6441014913819,0,2.21983420888793,0.557978994684318,0.0982532725004543,0.105717761840721,0.537083727262984,0.574882952841703
4.6491014913819,0,2.21984052513741,0.557980747315145,0.0982524755690865,0.105717761840721,0.537086331963139,0.574894324322167
4.65410149138189,0,2.21984670269532,0.557982461466706,0.0982516807904999,0.105717761840721,0.537088894815708,0.574905625679086
4.65910149138189,0,2.21985274268089,0.557984137449241,0.0982508881573404,0.105717761840721,0.537091416148377,0.574916857344885
4.66410149138189,0,2.21985864620558,0.557985775570855,0.098250097662287,0.105717761840721,0.537093896286582,0.57492801974932
4.66910149138189,0,2.21986441437317,0.557987376137522,0.0982493092980518,0.105717761840721,0.537096335553518,0.574939113319502
4.67410149138189,0,2.21987004827967,0.557988939453075,0.0982485230573799,0.105717761840721,0.53709873427013,0.574950138479903
4.67910149138189,0,2.21987554901351,0.557990465819253,0.0982477389330494,0.105717761840721,0.537101092755159,0.574961095652382
4.68410149138189,0,2.21988091765559,0.557991955535715,0.0982469569178704,0.105717761840721,0.537103411325156,0.574971985256193
4.68910149138189,0,2.21988615527929,0.55799340890004,0.0982461770046856,0.105717761840721,0.537105690294491,0.574982807708006
4.69410149138189,0,2.21989126295043,0.55799482620773,0.09824539918637,0.105717761840721,0.537107929975342,0.574993563421922
4.69910149138189,0,2.21989624172749,0.55799620775224,0.0982446234558307,0.105717761840721,0.537110130677739,0.575004252809488
4.70410149138189,0,2.21990109266157,0.557997553825003,0.0982438498060062,0.105717761840721,0.537112292709585,0.575014876279713
4.70910149138189,0,2.21990581679648,0.557998864715429,0.0982430782298668,0.105717761840721,0.537114416376654,0.575025434239083
4.71410149138189,0,2.21991041516868,0.558000140710898,0.0982423087204147,0.105717761840721,0.537116501982589,0.57503592709158
4.71910149138189,0,2.21991488880742,0.558001382096804,0.0982415412706831,0.105717761840721,0.53711854982894,0.575046355238691
4.72410149138189,0,2.21991923873484,0.558002589156568,0.0982407758737362,0.105717761840721,0.537120560215187,0.575056719079431
4.72910149138189,0,2.21992346596594,0.558003762171641,0.0982400125226691,0.105717761840721,0.537122533438737,0.575067019010352
4.73410149138189,0,2.21992757150858,0.558004901421498,0.0982392512106083,0.105717761840721,0.537124469794919,0.57507725542556
4.73910149138189,0,2.21993155636359,0.558006007183679,0.0982384919307103,0.105717761840721,0.537126369577031,0.575087428716734
4.74410149138189,0,2.21993542152488,0.558007079733804,0.0982377346761623,0.105717761840721,0.537128233076347,0.575097539273135
4.74910149138189,0,2.21993916797942,0.558008119345574,0.0982369794401817,0.105717761840721,0.53713006058213,0.575107587481624
4.75410149138189,0,2.21994279670721,0.558009126290764,0.0982362262160161,0.105717761840721,0.537131852381615,0.575117573726676
4.75910149138189,0,2.21994630868143,0.558010100839268,0.0982354749969432,0.105717761840721,0.537133608760062,0.575127498390397
4.76410149138189,0,2.2199497048685,0.558011043259108,0.0982347257762703,0.105717761840721,0.537135330000759,0.575137361852534
4.76910149138189,0,2.21995298622808,0.558011953816435,0.0982339785473341,0.105717761840721,0.537137016385036,0.575147164490494
4.77410149138189,0,2.21995615371306,0.558012832775532,0.0982332333035012,0.105717761840721,0.537138668192251,0.575156906679357
4.77910149138189,0,2.2199592082697,0.558013680398841,0.0982324900381675,0.105717761840721,0.537140285699834,0.575166588791889
4.78410149138189,0,2.21996215083766,0.558014496946986,0.0982317487447578,0.105717761840721,0.5371418691833,0.575176211198558
4.78910149138189,0,2.21996498235002,0.558015282678772,0.0982310094167257,0.105717761840721,0.537143418916254,0.575185774267546
4.79410149138189,0,2.21996770373328,0.558016037851176,0.0982302720475542,0.105717761840721,0.537144935170384,0.575195278364766
4.79910149138189,0,2.21997031590746,0.558016762719393,0.0982295366307547,0.105717761840721,0.537146418215497,0.575204723853875
4.80410149138189,0,2.21997281978618,0.558017457536839,0.0982288031598669,0.105717761840721,0.537147868319541,0.575214111096286
4.80910149138189,0,2.21997521627666,0.558018122555162,0.0982280716284591,0.105717761840721,0.537149285748598,0.575223440451184
4.81410149138189,0,2.21997750627967,0.558018758024232,0.0982273420301277,0.105717761840721,0.537150670766888,0.575232712275539
4.81910149138189,0,2.21997969068973,0.558019364192179,0.0982266143584974,0.105717761840721,0.5371520236368,0.57524192692412
4.82410149138189,0,2.21998177039508,0.558019941305406,0.0982258886072204,0.105717761840721,0.537153344618908,0.575251084749508
4.82910149138189,0,2.21998374627776,0.55802048960859,0.0982251647699768,0.105717761840721,0.537154633971975,0.57526018610211
4.83410149138189,0,2.21998561921353,0.55802100934468,0.0982244428404745,0.105717761840721,0.537155891952948,0.575269231330171
4.83910149138189,0,2.21998739007203,0.558021500754927,0.0982237228124486,0.105717761840721,0.53715711881699,0.575278220779791
4.84410149138189,0,2.21998905971684,0.558021964078904,0.0982230046796617,0.105717761840721,0.537158314817502,0.575287154794932
4.84910149138189,0,2.21999062900545,0.558022399554501,0.0982222884359032,0.105717761840721,0.537159480206118,0.575296033717439
4.85410149138189,0,2.21999209878928,0.558022807417927,0.09822157407499,0.105717761840721,0.537160615232702,0.575304857887046
4.85910149138189,0,2.21999346991377,0.558023187903736,0.0982208615907654,0.105717761840721,0.537161720145387,0.575313627641394
4.86410149138189,0,2.21999474321846,0.558023541244849,0.0982201509770997,0.105717761840721,0.537162795190584,0.57532234331604
4.86910149138189,0,2.21999591953697,0.558023867672549,0.0982194422278894,0.105717761840721,0.537163840612988,0.575331005244474
4.87410149138189,0,2.219996999697,0.558024167416479,0.0982187353370581,0.105717761840721,0.53716485665557,0.575339613758127
4.87910149138189,0,2.21999798452044,0.558024440704675,0.098218030298555,0.105717761840721,0.537165843559614,0.575348169186387
4.88410149138189,0,2.21999887482343,0.55802468776358,0.0982173271063558,0.105717761840721,0.53716680156473,0.575356671856613
4.88910149138189,0,2.21999967141634,0.558024908818042,0.0982166257544619,0.105717761840721,0.537167730908855,0.575365122094142
4.89410149138189,0,2.2200003751038,0.558025104091314,0.098215926236901,0.105717761840721,0.537168631828249,0.575373520222307
4.89910149138189,0,2.22000098668477,0.558025273805083,0.0982152285477261,0.105717761840721,0.53716950455753,0.575381866562447
4.90410149138189,0,2.22000150695259,0.558025418179484,0.0982145326810161,0.105717761840721,0.537170349329682,0.575390161433917
4.90910149138189,0,2.22000193669502,0.558025537433102,0.0982138386308749,0.105717761840721,0.537171166376066,0.575398405154106
4.91410149138189,0,2.2200022766942,0.558025631782964,0.0982131463914322,0.105717761840721,0.537171955926407,0.575406598038443
4.91910149138189,0,2.22000252772677,0.558025701444578,0.0982124559568427,0.105717761840721,0.537172718208831,0.575414740400415
4.92410149138189,0,2.22000269056391,0.558025746631938,0.098211767321286,0.105717761840721,0.537173453449877,0.575422832551572
4.92910149138189,0,2.22000276597134,0.558025767557526,0.0982110804789666,0.105717761840721,0.537174161874499,0.575430874801546
4.93410149138189,0,2.22000275470933,0.558025764432315,0.0982103954241139,0.105717761840721,0.537174843706061,0.575438867458058
4.93910149138189,0,2.22000265753278,0.558025737465789,0.0982097121509819,0.105717761840721,0.537175499166369,0.575446810826932
4.94410149138189,0,2.22000247519129,0.558025686865965,0.0982090306538491,0.105717761840721,0.537176128475685,0.575454705212106
4.94910149138189,0,2.22000220842912,0.558025612839387,0.0982083509270182,0.105717761840721,0.537176731852728,0.575462550915643
4.95410149138189,0,2.22000185798526,0.558025515591125,0.0982076729648164,0.105717761840721,0.537177309514667,0.575470348237745
4.95910149138189,0,2.22000142459344,0.558025395324807,0.098206996761595,0.105717761840721,0.537177861677158,0.57547809747676
4.96410149138189,0,2.22000090898225,0.558025252242625,0.0982063223117289,0.105717761840721,0.53717838855435,0.5754857989292
4.96910149138189,0,2.22000031187508,0.558025086545342,0.0982056496096172,0.105717761840721,0.537178890358891,0.575493452889745
4.97410149138189,0,2.21999963399018,0.558024898432284,0.0982049786496827,0.105717761840721,0.537179367301923,0.57550105965126
4.97910149138189,0,2.2199988760407,0.558024688101373,0.0982043094263717,0.105717761840721,0.537179819593109,0.575508619504802
4.98410149138189,0,2.21999803873475,0.558024455749132,0.098203641934154,0.105717761840721,0.537180247440649,0.575516132739636
4.98910149138189,0,2.21999712277542,0.558024201570695,0.0982029761675227,0.105717761840721,0.537180651051283,0.575523599643241
4.99410149138189,0,2.21999612886075,0.558023925759796,0.0982023121209942,0.105717761840721,0.537181030630279,0.575531020501324
4.99910149138189,0,2.21999505768387,0.5580236285088,0.0982016497891081,0.105717761840721,0.537181386381473,0.575538395597829
5.00410149138189,0,2.21999390993296,0.558023310008714,0.0982009891664266,0.105717761840721,0.537181718507271,0.575545725214952
5.00910149138189,0,2.21999268629134,0.558022970449189,0.0982003302475352,0.105717761840721,0.537182027208658,0.575553009633145
5.01410149138189,0,2.2199913874374,0.558022610018514,0.0981996730270418,0.105717761840721,0.537182312685189,0.575560249131133
5.01910149138189,0,2.21999001404474,0.558022228903647,0.0981990174995772,0.105717761840721,0.537182575135022,0.575567443985923
5.02410149138189,0,2.21998856678217,0.558021827290221,0.0981983636597944,0.105717761840721,0.537182814754925,0.57557459447281
5.02910149138189,0,2.21998704631374,0.55802140536255,0.0981977115023688,0.105717761840721,0.53718303174028,0.575581700865395
5.03410149138189,0,2.21998545329873,0.558020963303624,0.0981970610219984,0.105717761840721,0.537183226285081,0.575588763435591
5.03910149138189,0,2.21998378839174,0.558020501295134,0.098196412213403,0.105717761840721,0.537183398581957,0.575595782453634
5.04410149138189,0,2.2199820522427,0.558020019517483,0.0981957650713244,0.105717761840721,0.537183548822188,0.575602758188092
5.04910149138189,0,2.21998024549693,0.558019518149789,0.0981951195905266,0.105717761840721,0.537183677195703,0.575609690905879
5.05410149138189,0,2.21997836879509,0.558018997369881,0.098194475765795,0.105717761840721,0.537183783891079,0.575616580872262
5.05910149138189,0,2.21997642277327,0.558018457354325,0.0981938335919371,0.105717761840721,0.537183869095564,0.575623428350874
5.06410149138189,0,2.21997440806305,0.558017898278431,0.0981931930637817,0.105717761840721,0.537183932995096,0.575630233603718
5.06910149138189,0,2.2199723252915,0.558017320316259,0.0981925541761788,0.105717761840721,0.537183975774294,0.575636996891187
5.07410149138189,0,2.21997017508115,0.558016723640613,0.0981919169240003,0.105717761840721,0.537183997616462,0.575643718472063
5.07910149138189,0,2.2199679580501,0.558016108423069,0.098191281302139,0.105717761840721,0.537183998703613,0.575650398603535
5.08410149138189,0,2.21996567481204,0.558015474833981,0.0981906473055088,0.105717761840721,0.53718397921648,0.575657037541207
5.08910149138189,0,2.21996332597629,0.558014823042483,0.0981900149290445,0.105717761840721,0.537183939334514,0.575663635539103
5.09410149138189,0,2.21996091214774,0.558014153216489,0.0981893841677021,0.105717761840721,0.537183879235889,0.575670192849685
5.09910149138189,0,2.21995843392696,0.558013465522715,0.0981887550164582,0.105717761840721,0.537183799097516,0.575676709723855
5.10410149138189,0,2.21995589191025,0.558012760126689,0.09818812747031,0.105717761840721,0.537183699095064,0.575683186410969
5.10910149138189,0,2.21995328668962,0.558012037192753,0.0981875015242753,0.105717761840721,0.537183579402956,0.575689623158844
5.11410149138189,0,2.2199506188528,0.558011296884059,0.0981868771733924,0.105717761840721,0.537183440194365,0.575696020213772
5.11910149138189,0,2.21994788898332,0.558010539362593,0.09818625441272,0.105717761840721,0.537183281641243,0.575702377820523
5.12410149138188,0,2.21994509766051,0.558009764789184,0.0981856332373369,0.105717761840721,0.537183103914327,0.575708696222358
5.12910149138188,0,2.21994224545958,0.558008973323509,0.0981850136423421,0.105717761840721,0.537182907183141,0.57571497566104
5.13410149138188,0,2.21993933295154,0.558008165124083,0.0981843956228546,0.105717761840721,0.537182691615996,0.57572121637684
5.13910149138188,0,2.2199363607033,0.558007340348289,0.0981837791740135,0.105717761840721,0.537182457380012,0.575727418608545
5.14410149138188,0,2.21993332927774,0.558006499152384,0.0981831642909774,0.105717761840721,0.537182204641125,0.575733582593474
5.14910149138188,0,2.21993023923365,0.558005641691498,0.0981825509689249,0.105717761840721,0.537181933564094,0.575739708567478
5.15410149138188,0,2.21992709112579,0.558004768119638,0.098181939203054,0.105717761840721,0.537181644312494,0.575745796764958
5.15910149138188,0,2.21992388550491,0.558003878589702,0.0981813289885825,0.105717761840721,0.537181337048741,0.575751847418865
5.16410149138188,0,2.21992062291784,0.558002973253496,0.0981807203207474,0.105717761840721,0.537181011934101,0.575757860760718
5.16910149138188,0,2.21991730390743,0.558002052261728,0.0981801131948048,0.105717761840721,0.537180669128691,0.575763837020604
5.17410149138188,0,2.21991392901261,0.558001115764013,0.0981795076060305,0.105717761840721,0.537180308791476,0.575769776427195
5.17910149138188,0,2.2199104987684,0.558000163908885,0.0981789035497191,0.105717761840721,0.537179931080295,0.57577567920775
5.18410149138188,0,2.21990701370599,0.557999196843816,0.0981783010211843,0.105717761840721,0.537179536151865,0.575781545588128
5.18910149138188,0,2.21990347435274,0.557998214715212,0.0981777000157585,0.105717761840721,0.537179124161786,0.575787375792795
5.19410149138188,0,2.21989988123215,0.557997217668408,0.0981771005287934,0.105717761840721,0.537178695264538,0.575793170044832
5.19910149138188,0,2.21989623486394,0.557996205847694,0.098176502555659,0.105717761840721,0.5371782496135,0.575798928565946
5.20410149138188,0,2.2198925357641,0.557995179396324,0.098175906091744,0.105717761840721,0.537177787360965,0.575804651576476
5.20910149138188,0,2.21988878444488,0.557994138456511,0.0981753111324557,0.105717761840721,0.537177308658135,0.575810339295401
5.21410149138188,0,2.21988498141478,0.557993083169431,0.0981747176732199,0.105717761840721,0.537176813655121,0.575815991940352
5.21910149138188,0,2.21988112717862,0.557992013675238,0.0981741257094805,0.105717761840721,0.537176302500967,0.575821609727615
5.22410149138188,0,2.21987722223759,0.55799093011308,0.0981735352366999,0.105717761840721,0.537175775343653,0.575827192872146
5.22910149138188,0,2.21987326708924,0.557989832621092,0.0981729462503585,0.105717761840721,0.537175232330102,0.575832741587572
5.23410149138188,0,2.21986926222748,0.557988721336398,0.0981723587459547,0.105717761840721,0.537174673606175,0.575838256086204
5.23910149138188,0,2.21986520814262,0.557987596395129,0.098171772719005,0.105717761840721,0.537174099316692,0.575843736579045
5.24410149138188,0,2.21986110532145,0.557986457932435,0.0981711881650438,0.105717761840721,0.537173509605439,0.575849183275794
5.24910149138188,0,2.21985695424721,0.557985306082481,0.0981706050796231,0.105717761840721,0.537172904615173,0.57585459638486
5.25410149138188,0,2.21985275539959,0.557984140978448,0.0981700234583127,0.105717761840721,0.537172284487616,0.575859976113364
5.25910149138188,0,2.21984850925482,0.557982962752552,0.0981694432967,0.105717761840721,0.537171649363477,0.575865322667153
5.26410149138188,0,2.21984421628564,0.55798177153605,0.09816886459039,0.105717761840721,0.537170999382461,0.575870636250801
5.26910149138188,0,2.21983987696137,0.557980567459243,0.0981682873350047,0.105717761840721,0.537170334683269,0.575875917067622
5.27410149138188,0,2.21983549174789,0.557979350651475,0.098167711526184,0.105717761840721,0.537169655403594,0.575881165319678
5.27910149138188,0,2.21983106110766,0.557978121241148,0.0981671371595847,0.105717761840721,0.537168961680145,0.575886381207782
5.28410149138188,0,2.21982658549981,0.557976879355734,0.0981665642308808,0.105717761840721,0.537168253648652,0.57589156493151
5.28910149138188,0,2.2198220653801,0.557975625121773,0.0981659927357633,0.105717761840721,0.537167531443868,0.575896716689209
5.29410149138188,0,2.21981750120093,0.557974358664872,0.0981654226699405,0.105717761840721,0.537166795199568,0.575901836677999
5.29910149138188,0,2.21981289341142,0.557973080109723,0.0981648540291371,0.105717761840721,0.537166045048565,0.575906925093788
5.30410149138188,0,2.2198082424574,0.557971789580112,0.0981642868090951,0.105717761840721,0.537165281122722,0.575911982131275
5.30910149138188,0,2.21980354878144,0.557970487198918,0.0981637210055728,0.105717761840721,0.537164503552948,0.575917007983956
5.31410149138188,0,2.21979881282286,0.557969173088112,0.0981631566143454,0.105717761840721,0.537163712469203,0.575922002844137
5.31910149138188,0,2.21979403501776,0.557967847368776,0.0981625936312046,0.105717761840721,0.537162908000508,0.575926966902937
5.32410149138188,0,2.21978921579904,0.557966510161107,0.0981620320519585,0.105717761840721,0.537162090274963,0.575931900350296
5.32910149138188,0,2.21978435559645,0.557965161584422,0.0981614718724316,0.105717761840721,0.537161259419736,0.575936803374983
5.33410149138188,0,2.21977945483655,0.557963801757153,0.0981609130884647,0.105717761840721,0.537160415561073,0.575941676164603
5.33910149138188,0,2.21977451394277,0.557962430796865,0.098160355695915,0.105717761840721,0.537159558824307,0.575946518905604
5.34410149138188,0,2.21976953333545,0.557961048820267,0.0981597996906555,0.105717761840721,0.53715868933387,0.575951331783284
5.34910149138188,0,2.21976451343184,0.557959655943206,0.0981592450685755,0.105717761840721,0.537157807213294,0.575956114981798
5.35410149138188,0,2.21975945464609,0.55795825228067,0.0981586918255802,0.105717761840721,0.537156912585207,0.575960868684167
5.35910149138188,0,2.21975435738932,0.557956837946804,0.0981581399575908,0.105717761840721,0.537156005571352,0.575965593072283
5.36410149138188,0,2.21974922206962,0.557955413054918,0.0981575894605441,0.105717761840721,0.537155086292594,0.575970288326914
5.36910149138188,0,2.21974404909209,0.557953977717485,0.0981570403303928,0.105717761840721,0.537154154868923,0.575974954627716
5.37410149138188,0,2.21973883885881,0.55795253204614,0.0981564925631052,0.105717761840721,0.537153211419447,0.575979592153236
5.37910149138188,0,2.21973359176889,0.5579510761517,0.0981559461546652,0.105717761840721,0.537152256062416,0.575984201080921
5.38410149138188,0,2.21972830821852,0.557949610144166,0.0981554011010723,0.105717761840721,0.537151288915222,0.575988781587121
5.38910149138188,0,2.21972298860097,0.557948134132727,0.098154857398341,0.105717761840721,0.537150310094407,0.575993333847101
5.39410149138188,0,2.21971763330657,0.557946648225758,0.0981543150425018,0.105717761840721,0.537149319715655,0.575997858035045
5.39910149138188,0,2.21971224272276,0.557945152530832,0.0981537740295999,0.105717761840721,0.537148317893812,0.576002354324063
5.40410149138188,0,2.21970681723415,0.557943647154735,0.0981532343556961,0.105717761840721,0.537147304742895,0.576006822886196
5.40910149138188,0,2.21970135722248,0.557942132203457,0.0981526960168659,0.105717761840721,0.537146280376088,0.576011263892425
5.41410149138188,0,2.21969586306665,0.557940607782199,0.0981521590092003,0.105717761840721,0.537145244905742,0.576015677512677
5.41910149138188,0,2.21969033514274,0.557939073995382,0.0981516233288049,0.105717761840721,0.537144198443393,0.576020063915831
5.42410149138188,0,2.21968477382409,0.557937530946657,0.0981510889718003,0.105717761840721,0.537143141099768,0.576024423269724
5.42910149138188,0,2.21967917948124,0.557935978738906,0.098150555934322,0.105717761840721,0.537142072984786,0.576028755741158
5.43410149138188,0,2.21967355248195,0.557934417474239,0.0981500242125202,0.105717761840721,0.537140994207555,0.576033061495908
5.43910149138188,0,2.21966789319126,0.557932847254008,0.0981494938025598,0.105717761840721,0.537139904876388,0.576037340698724
5.44410149138188,0,2.21966220197153,0.557931268178818,0.0981489647006202,0.105717761840721,0.537138805098811,0.576041593513343
5.44910149138188,0,2.21965647918238,0.557929680348521,0.0981484369028953,0.105717761840721,0.537137694981565,0.57604582010249
5.45410149138188,0,2.21965072518077,0.557928083862221,0.0981479104055937,0.105717761840721,0.5371365746306,0.576050020627888
5.45910149138188,0,2.21964494032099,0.557926478818285,0.0981473852049381,0.105717761840721,0.537135444151094,0.576054195250261
5.46410149138188,0,2.21963912495468,0.55792486531435,0.0981468612971657,0.105717761840721,0.537134303647459,0.576058344129344
5.46910149138188,0,2.2196332794309,0.557923243447323,0.0981463386785277,0.105717761840721,0.537133153223341,0.576062467423886
5.47410149138188,0,2.21962740409604,0.557921613313383,0.0981458173452898,0.105717761840721,0.537131992981619,0.576066565291656
5.47910149138188,0,2.21962149929393,0.557919975007989,0.0981452972937316,0.105717761840721,0.537130823024417,0.576070637889453
5.48410149138188,0,2.21961556536583,0.557918328625893,0.0981447785201467,0.105717761840721,0.537129643453118,0.576074685373105
5.48910149138188,0,2.21960960265047,0.557916674261136,0.0981442610208428,0.105717761840721,0.537128454368356,0.576078707897483
5.49410149138188,0,2.21960361148398,0.557915012007047,0.0981437447921414,0.105717761840721,0.537127255870019,0.5760827056165
5.49910149138188,0,2.21959759220003,0.557913341956259,0.0981432298303778,0.105717761840721,0.537126048057263,0.576086678683122
5.50410149138188,0,2.21959154512974,0.557911664200715,0.0981427161319011,0.105717761840721,0.537124831028519,0.57609062724937
5.50910149138188,0,2.21958547060181,0.557909978831666,0.0981422036930741,0.105717761840721,0.537123604881493,0.576094551466329
5.51410149138188,0,2.2195793689424,0.557908285939671,0.0981416925102732,0.105717761840721,0.537122369713162,0.576098451484152
5.51910149138188,0,2.21957324047525,0.557906585614612,0.0981411825798885,0.105717761840721,0.537121125619792,0.576102327452065
5.52410149138188,0,2.21956708552167,0.557904877945697,0.0981406738983232,0.105717761840721,0.537119872696944,0.576106179518375
5.52910149138188,0,2.21956090440056,0.557903163021464,0.0981401664619943,0.105717761840721,0.53711861103947,0.576110007830474
5.53410149138188,0,2.21955469742838,0.557901440929775,0.098139660267332,0.105717761840721,0.537117340741517,0.576113812534845
5.53910149138188,0,2.21954846491924,0.557899711757834,0.0981391553107799,0.105717761840721,0.537116061896538,0.576117593777067
5.54410149138188,0,2.21954220718487,0.557897975592192,0.0981386515887947,0.105717761840721,0.537114774597299,0.576121351701824
5.54910149138188,0,2.21953592453465,0.557896232518742,0.0981381490978462,0.105717761840721,0.537113478935879,0.576125086452904
5.55410149138188,0,2.21952961727561,0.557894482622727,0.0981376478344176,0.105717761840721,0.537112175003669,0.57612879817321
5.55910149138188,0,2.21952328571247,0.557892725988743,0.0981371477950048,0.105717761840721,0.537110862891385,0.576132487004766
5.56410149138188,0,2.21951693014765,0.557890962700753,0.098136648976117,0.105717761840721,0.537109542689073,0.576136153088716
5.56910149138188,0,2.21951055088128,0.557889192842082,0.0981361513742759,0.105717761840721,0.537108214486112,0.576139796565337
5.57410149138188,0,2.21950414821119,0.557887416495419,0.0981356549860164,0.105717761840721,0.537106878371212,0.576143417574039
5.57910149138188,0,2.21949772243298,0.557885633742825,0.098135159807886,0.105717761840721,0.537105534432424,0.576147016253373
5.58410149138188,0,2.21949127384001,0.557883844665746,0.098134665836445,0.105717761840721,0.537104182757151,0.576150592741036
5.58910149138188,0,2.21948480272339,0.557882049345006,0.0981341730682664,0.105717761840721,0.537102823432142,0.576154147173876
5.59410149138187,0,2.21947830937203,0.557880247860809,0.0981336814999357,0.105717761840721,0.537101456543497,0.576157679687895
5.59910149138187,0,2.21947179407264,0.557878440292752,0.0981331911280509,0.105717761840721,0.537100082176677,0.57616119041826
5.60410149138187,0,2.21946525710976,0.55787662671983,0.0981327019492227,0.105717761840721,0.537098700416509,0.5761646794993
5.60910149138187,0,2.21945869876575,0.557874807220434,0.0981322139600739,0.105717761840721,0.537097311347186,0.576168147064521
5.61410149138187,0,2.21945211932081,0.557872981872352,0.0981317271572399,0.105717761840721,0.537095915052269,0.5761715932466
5.61910149138187,0,2.21944551905301,0.557871150752782,0.0981312415373685,0.105717761840721,0.537094511614696,0.5761750181774
5.62410149138187,0,2.21943889823832,0.557869313938333,0.0981307570971194,0.105717761840721,0.537093101116788,0.57617842198797
5.62910149138187,0,2.21943225715057,0.55786747150503,0.0981302738331646,0.105717761840721,0.537091683640251,0.576181804808549
5.63410149138187,0,2.21942559606151,0.557865623528311,0.0981297917421883,0.105717761840721,0.537090259266175,0.576185166768574
5.63910149138187,0,2.21941891524079,0.557863770083037,0.0981293108208869,0.105717761840721,0.537088828075043,0.576188507996686
5.64410149138187,0,2.21941221495603,0.557861911243501,0.0981288310659685,0.105717761840721,0.537087390146739,0.576191828620729
5.64910149138187,0,2.21940549547278,0.557860047083423,0.0981283524741534,0.105717761840721,0.537085945560549,0.576195128767761
5.65410149138187,0,2.21939875705455,0.557858177675954,0.0981278750421735,0.105717761840721,0.537084494395156,0.576198408564056
5.65910149138187,0,2.21939199996282,0.557856303093685,0.098127398766773,0.105717761840721,0.537083036728657,0.576201668135109
5.66410149138187,0,2.21938522445708,0.55785442340865,0.0981269236447074,0.105717761840721,0.537081572638564,0.576204907605641
5.66910149138187,0,2.21937843079482,0.55785253869233,0.0981264496727441,0.105717761840721,0.537080102201805,0.576208127099604
5.67410149138187,0,2.21937161923154,0.557850649015651,0.0981259768476624,0.105717761840721,0.537078625494727,0.576211326740186
5.67910149138187,0,2.21936479002076,0.557848754448992,0.0981255051662528,0.105717761840721,0.537077142593101,0.576214506649816
5.68410149138187,0,2.21935794341407,0.557846855062195,0.0981250346253177,0.105717761840721,0.53707565357213,0.576217666950167
5.68910149138187,0,2.21935107966112,0.55784495092456,0.0981245652216708,0.105717761840721,0.537074158506454,0.576220807762161
5.69410149138187,0,2.2193441990096,0.557843042104848,0.0981240969521373,0.105717761840721,0.537072657470139,0.576223929205975
5.69910149138187,0,2.21933730170531,0.557841128671289,0.0981236298135539,0.105717761840721,0.537071150536697,0.576227031401046
5.70410149138187,0,2.21933038799215,0.557839210691587,0.0981231638027685,0.105717761840721,0.537069637779086,0.576230114466074
5.70910149138187,0,2.21932345811213,0.557837288232925,0.0981226989166403,0.105717761840721,0.537068119269714,0.576233178519026
5.71410149138187,0,2.21931651230537,0.557835361361955,0.0981222351520397,0.105717761840721,0.537066595080435,0.576236223677141
5.71910149138187,0,2.21930955081013,0.557833430144816,0.0981217725058486,0.105717761840721,0.537065065282558,0.576239250056938
5.72410149138187,0,2.21930257386283,0.557831494647137,0.0981213109749595,0.105717761840721,0.537063529946859,0.576242257774215
5.72910149138187,0,2.21929558169807,0.557829554934035,0.0981208505562763,0.105717761840721,0.537061989143574,0.576245246944057
5.73410149138187,0,2.21928857454857,0.557827611070115,0.098120391246714,0.105717761840721,0.537060442942401,0.576248217680838
5.73910149138187,0,2.21928155264529,0.557825663119481,0.0981199330431983,0.105717761840721,0.537058891412512,0.576251170098228
5.74410149138187,0,2.21927451621738,0.557823711145742,0.0981194759426661,0.105717761840721,0.537057334622555,0.576254104309196
5.74910149138187,0,2.21926746549218,0.557821755212006,0.0981190199420649,0.105717761840721,0.537055772640655,0.576257020426013
5.75410149138187,0,2.21926040069529,0.557819795380888,0.0981185650383532,0.105717761840721,0.537054205534413,0.57625991856026
5.75910149138187,0,2.2192533220505,0.557817831714511,0.0981181112285002,0.105717761840721,0.53705263337092,0.576262798822827
5.76410149138187,0,2.2192462297799,0.557815864274518,0.0981176585094859,0.105717761840721,0.537051056216753,0.576265661323924
5.76910149138187,0,2.21923912410381,0.557813893122067,0.0981172068783007,0.105717761840721,0.537049474137986,0.576268506173077
5.77410149138187,0,2.21923200524084,0.557811918317831,0.098116756331946,0.105717761840721,0.537047887200179,0.57627133347914
5.77910149138187,0,2.21922487340787,0.55780993992201,0.0981163068674336,0.105717761840721,0.537046295468395,0.576274143350294
5.78410149138187,0,2.21921772882008,0.557807957994335,0.0981158584817856,0.105717761840721,0.537044699007202,0.576276935894054
5.78910149138187,0,2.21921057169098,0.557805972594064,0.0981154111720349,0.105717761840721,0.537043097880673,0.57627971121727
5.79410149138187,0,2.21920340223238,0.557803983779985,0.0981149649352246,0.105717761840721,0.537041492152386,0.576282469426136
5.79910149138187,0,2.21919622065441,0.557801991610426,0.0981145197684084,0.105717761840721,0.53703988188543,0.576285210626189
5.80410149138187,0,2.21918902716558,0.557799996143256,0.0981140756686501,0.105717761840721,0.537038267142418,0.576287934922315
5.80910149138187,0,2.21918182197273,0.557797997435887,0.0981136326330238,0.105717761840721,0.537036647985476,0.576290642418755
5.81410149138187,0,2.21917460528107,0.557795995545274,0.0981131906586139,0.105717761840721,0.537035024476253,0.576293333219106
5.81910149138187,0,2.21916737729418,0.557793990527922,0.0981127497425151,0.105717761840721,0.537033396675921,0.576296007426327
5.82410149138187,0,2.21916013821406,0.557791982439891,0.0981123098818319,0.105717761840721,0.537031764645187,0.57629866514274
5.82910149138187,0,2.21915288824109,0.557789971336797,0.0981118710736792,0.105717761840721,0.537030128444287,0.576301306470039
5.83410149138187,0,2.21914562757404,0.55778795727381,0.0981114333151818,0.105717761840721,0.537028488132989,0.576303931509288
5.83910149138187,0,2.21913835641012,0.557785940305664,0.0981109966034746,0.105717761840721,0.537026843770603,0.57630654036093
5.84410149138187,0,2.219131074945,0.55778392048666,0.0981105609357022,0.105717761840721,0.53702519541598,0.576309133124787
5.84910149138187,0,2.21912378337276,0.557781897870666,0.0981101263090194,0.105717761840721,0.537023543127518,0.576311709900067
5.85410149138187,0,2.21911648188595,0.557779872511116,0.0981096927205907,0.105717761840721,0.537021886963158,0.576314270785365
5.85910149138187,0,2.21910917067556,0.557777844461022,0.0981092601675904,0.105717761840721,0.537020226980394,0.576316815878669
5.86410149138187,0,2.21910184993108,0.557775813772973,0.0981088286472027,0.105717761840721,0.537018563236275,0.576319345277361
5.86910149138187,0,2.21909451984051,0.557773780499137,0.0981083981566213,0.105717761840721,0.537016895787409,0.576321859078225
5.87410149138187,0,2.21908718059029,0.557771744691261,0.0981079686930498,0.105717761840721,0.537015224689959,0.576324357377446
5.87910149138187,0,2.21907983236541,0.55776970640068,0.0981075402537013,0.105717761840721,0.537013549999653,0.576326840270616
5.88410149138187,0,2.21907247534936,0.55776766567832,0.0981071128357986,0.105717761840721,0.537011871771788,0.576329307852739
5.88910149138187,0,2.21906510972416,0.557765622574695,0.0981066864365739,0.105717761840721,0.537010190061231,0.576331760218233
5.89410149138187,0,2.21905773567039,0.557763577139912,0.098106261053269,0.105717761840721,0.537008504922415,0.576334197460932
5.89910149138187,0,2.21905035336713,0.557761529423675,0.0981058366831351,0.105717761840721,0.537006816409351,0.576336619674093
5.90410149138187,0,2.21904296299207,0.55775947947529,0.098105413323433,0.105717761840721,0.537005124575631,0.576339026950397
5.90910149138187,0,2.21903556472145,0.557757427343665,0.0981049909714325,0.105717761840721,0.537003429474426,0.576341419381954
5.91410149138187,0,2.21902815873007,0.557755373077311,0.0981045696244132,0.105717761840721,0.537001731158488,0.576343797060306
5.91910149138187,0,2.21902074519134,0.557753316724345,0.0981041492796636,0.105717761840721,0.537000029680159,0.57634616007643
5.92410149138187,0,2.21901332427726,0.557751258332501,0.0981037299344816,0.105717761840721,0.53699832509137,0.576348508520743
5.92910149138187,0,2.21900589615845,0.557749197949122,0.0981033115861744,0.105717761840721,0.536996617443645,0.576350842483103
5.93410149138187,0,2.21899846100412,0.557747135621166,0.0981028942320581,0.105717761840721,0.536994906788101,0.576353162052815
5.93910149138187,0,2.21899101898214,0.557745071395212,0.0981024778694582,0.105717761840721,0.536993193175452,0.576355467318633
5.94410149138187,0,2.21898357025899,0.557743005317458,0.0981020624957092,0.105717761840721,0.536991476656018,0.576357758368763
5.94910149138187,0,2.21897611499982,0.557740937433731,0.0981016481081545,0.105717761840721,0.536989757279721,0.576360035290869
5.95410149138187,0,2.21896865336841,0.557738867789477,0.0981012347041467,0.105717761840721,0.536988035096083,0.576362298172072
5.95910149138187,0,2.21896118552723,0.557736796429775,0.0981008222810472,0.105717761840721,0.536986310154241,0.576364547098957
5.96410149138187,0,2.2189537116374,0.557734723399337,0.0981004108362264,0.105717761840721,0.536984582502944,0.576366782157574
5.96910149138187,0,2.21894623185875,0.557732648742509,0.0981000003670635,0.105717761840721,0.536982852190553,0.576369003433446
5.97410149138187,0,2.21893874634978,0.557730572503271,0.0980995908709466,0.105717761840721,0.536981119265046,0.576371211011563
5.97910149138187,0,2.2189312552677,0.557728494725242,0.0980991823452728,0.105717761840721,0.53697938377402,0.576373404976396
5.98410149138187,0,2.21892375876843,0.557726415451689,0.0980987747874476,0.105717761840721,0.536977645764697,0.576375585411891
5.98910149138187,0,2.21891625700662,0.557724334725518,0.0980983681948853,0.105717761840721,0.536975905283924,0.576377752401479
5.99410149138187,0,2.21890875013564,0.557722252589282,0.0980979625650091,0.105717761840721,0.536974162378171,0.576379906028076
5.99910149138187,0,2.21890123830759,0.557720169085184,0.0980975578952507,0.105717761840721,0.536972417093542,0.576382046374087
6.00410149138187,0,2.21889372167332,0.557718084255081,0.0980971541830504,0.105717761840721,0.536970669475772,0.576384173521406
6.00910149138187,0,2.21888620038246,0.557715998140482,0.0980967514258569,0.105717761840721,0.536968919570234,0.576386287551427
6.01410149138187,0,2.21887867458337,0.557713910782553,0.0980963496211279,0.105717761840721,0.536967167421935,0.576388388545037
6.01910149138187,0,2.21887114442319,0.557711822222117,0.098095948766329,0.105717761840721,0.536965413075522,0.576390476582629
6.02410149138187,0,2.21886361004785,0.557709732499662,0.0980955488589348,0.105717761840721,0.536963656575289,0.576392551744095
6.02910149138187,0,2.21885607160208,0.557707641655339,0.0980951498964279,0.105717761840721,0.536961897965172,0.57639461410884
6.03410149138187,0,2.21884852922939,0.557705549728964,0.0980947518762996,0.105717761840721,0.536960137288755,0.576396663755774
6.03910149138187,0,2.21884098307209,0.55770345676002,0.0980943547960492,0.105717761840721,0.53695837458927,0.576398700763324
6.04410149138187,0,2.21883343327132,0.557701362787663,0.0980939586531846,0.105717761840721,0.536956609909607,0.576400725209432
6.04910149138187,0,2.21882587996706,0.557699267850724,0.0980935634452218,0.105717761840721,0.536954843292307,0.576402737171559
6.05410149138187,0,2.21881832329807,0.557697171987705,0.0980931691696851,0.105717761840721,0.536953074779569,0.57640473672669
6.05910149138187,0,2.218810763402,0.557695075236787,0.098092775824107,0.105717761840721,0.53695130441325,0.576406723951334
6.06410149138186,0,2.21880320041533,0.557692977635832,0.0980923834060281,0.105717761840721,0.536949532234872,0.576408698921528
6.06910149138186,0,2.21879563447339,0.557690879222385,0.0980919919129973,0.105717761840721,0.536947758285621,0.576410661712841
6.07410149138186,0,2.21878806571037,0.557688780033674,0.0980916013425712,0.105717761840721,0.536945982606349,0.576412612400374
6.07910149138186,0,2.21878049425935,0.557686680106611,0.098091211692315,0.105717761840721,0.536944205237574,0.576414551058768
6.08410149138186,0,2.21877292025228,0.557684579477801,0.0980908229598015,0.105717761840721,0.536942426219491,0.576416477762201
6.08910149138186,0,2.21876534381999,0.557682478183541,0.0980904351426115,0.105717761840721,0.536940645591967,0.576418392584396
6.09410149138186,0,2.21875776509222,0.557680376259815,0.0980900482383339,0.105717761840721,0.536938863394542,0.576420295598618
6.09910149138186,0,2.21875018419761,0.557678273742307,0.0980896622445656,0.105717761840721,0.536937079666435,0.576422186877684
6.10410149138186,0,2.21874260126369,0.557676170666398,0.0980892771589111,0.105717761840721,0.536935294446548,0.576424066493959
6.10910149138186,0,2.21873501641694,0.557674067067168,0.0980888929789829,0.105717761840721,0.536933507773465,0.576425934519364
6.11410149138186,0,2.21872742978275,0.557671962979398,0.0980885097024013,0.105717761840721,0.536931719685453,0.576427791025375
6.11910149138186,0,2.21871984148544,0.557669858437574,0.0980881273267945,0.105717761840721,0.536929930220466,0.576429636083027
6.12410149138186,0,2.21871225164828,0.557667753475886,0.0980877458497982,0.105717761840721,0.536928139416149,0.576431469762919
6.12910149138186,0,2.21870466039349,0.557665648128236,0.0980873652690558,0.105717761840721,0.536926347309839,0.576433292135212
6.13410149138186,0,2.21869706784223,0.557663542428232,0.0980869855822187,0.105717761840721,0.536924553938564,0.576435103269636
6.13910149138186,0,2.21868947411464,0.557661436409194,0.0980866067869457,0.105717761840721,0.536922759339047,0.576436903235491
6.14410149138186,0,2.21868187932983,0.557659330104158,0.0980862288809032,0.105717761840721,0.536920963547712,0.576438692101648
6.14910149138186,0,2.21867428360588,0.557657223545879,0.0980858518617653,0.105717761840721,0.536919166600684,0.576440469936557
6.15410149138186,0,2.21866668705986,0.557655116766822,0.0980854757272134,0.105717761840721,0.536917368533785,0.576442236808241
6.15910149138186,0,2.21865908980782,0.557653009799179,0.0980851004749368,0.105717761840721,0.536915569382542,0.576443992784308
6.16410149138186,0,2.21865149196483,0.557650902674861,0.0980847261026318,0.105717761840721,0.536913769182193,0.576445737931945
6.16910149138186,0,2.21864389364497,0.557648795425506,0.0980843526080026,0.105717761840721,0.536911967967681,0.576447472317928
6.17410149138186,0,2.2186362949613,0.557646688082474,0.0980839799887606,0.105717761840721,0.536910165773657,0.57644919600862
6.17910149138186,0,2.21862869602592,0.557644580676855,0.0980836082426246,0.105717761840721,0.536908362634487,0.576450909069975
6.18410149138186,0,2.21862109694997,0.557642473239469,0.0980832373673207,0.105717761840721,0.536906558584251,0.576452611567539
6.18910149138186,0,2.21861349784362,0.557640365800868,0.0980828673605824,0.105717761840721,0.536904753656747,0.576454303566456
6.19410149138186,0,2.21860589881605,0.557638258391336,0.0980824982201504,0.105717761840721,0.536902947885488,0.576455985131467
6.19910149138186,0,2.21859829997553,0.557636151040894,0.0980821299437728,0.105717761840721,0.536901141303707,0.576457656326912
6.20410149138186,0,2.21859070142936,0.5576340437793,0.0980817625292048,0.105717761840721,0.536899333944363,0.576459317216739
6.20910149138186,0,2.21858310328391,0.557631936636054,0.0980813959742089,0.105717761840721,0.536897525840137,0.576460967864496
6.21410149138186,0,2.21857550564461,0.557629829640391,0.0980810302765547,0.105717761840721,0.536895717023435,0.576462608333344
6.21910149138186,0,2.21856790861598,0.557627722821292,0.0980806654340188,0.105717761840721,0.536893907526392,0.576464238686052
6.22410149138186,0,2.2185603123016,0.557625616207486,0.0980803014443852,0.105717761840721,0.536892097380873,0.576465858985001
6.22910149138186,0,2.21855271680416,0.557623509827446,0.0980799383054448,0.105717761840721,0.536890286618477,0.576467469292191
6.23410149138186,0,2.21854512222543,0.557621403709392,0.0980795760149955,0.105717761840721,0.536888475270532,0.576469069669235
6.23910149138186,0,2.21853752866628,0.557619297881294,0.0980792145708423,0.105717761840721,0.536886663368105,0.576470660177369
6.24410149138186,0,2.2185299362267,0.557617192370878,0.0980788539707972,0.105717761840721,0.536884850941999,0.576472240877452
6.24910149138186,0,2.21852234500578,0.557615087205621,0.098078494212679,0.105717761840721,0.536883038022758,0.576473811829966
6.25410149138186,0,2.21851475510172,0.557612982412754,0.0980781352943138,0.105717761840721,0.536881224640665,0.576475373095019
6.25910149138186,0,2.21850716661188,0.557610878019267,0.098077777213534,0.105717761840721,0.536879410825747,0.576476924732352
6.26410149138186,0,2.21849957963272,0.55760877405191,0.0980774199681795,0.105717761840721,0.536877596607774,0.576478466801334
6.26910149138186,0,2.21849199425986,0.557606670537193,0.0980770635560966,0.105717761840721,0.536875782016268,0.57647999936097
6.27410149138186,0,2.21848441058805,0.557604567501387,0.0980767079751386,0.105717761840721,0.536873967080492,0.5764815224699
6.27910149138186,0,2.21847682871118,0.557602464970527,0.0980763532231655,0.105717761840721,0.536872151829462,0.576483036186404
6.28410149138186,0,2.21846924872233,0.557600362970415,0.0980759992980442,0.105717761840721,0.536870336291948,0.576484540568399
6.28910149138186,0,2.21846167071373,0.557598261526622,0.0980756461976481,0.105717761840721,0.536868520496472,0.57648603567345
6.29410149138186,0,2.21845409477676,0.557596160664485,0.0980752939198574,0.105717761840721,0.536866704471311,0.576487521558763
6.29910149138186,0,2.21844652100198,0.557594060409111,0.0980749424625591,0.105717761840721,0.536864888244498,0.576488998281193
6.30410149138186,0,2.21843894947914,0.557591960785383,0.0980745918236467,0.105717761840721,0.536863071843826,0.576490465897244
6.30910149138186,0,2.2184313802972,0.557589861817958,0.0980742420010203,0.105717761840721,0.536861255296852,0.576491924463071
6.31410149138186,0,2.21842381354425,0.557587763531264,0.0980738929925866,0.105717761840721,0.536859438630888,0.576493374034484
6.31910149138186,0,2.21841624930764,0.55758566594951,0.0980735447962589,0.105717761840721,0.536857621873014,0.576494814666948
6.32410149138186,0,2.21840868767387,0.557583569096683,0.0980731974099571,0.105717761840721,0.536855805050075,0.576496246415585
6.32910149138186,0,2.21840112872871,0.557581472996551,0.0980728508316074,0.105717761840721,0.536853988188685,0.576497669335179
6.33410149138186,0,2.21839357255709,0.557579377672662,0.0980725050591427,0.105717761840721,0.536852171315224,0.576499083480176
6.33910149138186,0,2.21838601924318,0.557577283148349,0.0980721600905022,0.105717761840721,0.536850354455842,0.576500488904684
6.34410149138186,0,2.21837846887038,0.557575189446731,0.0980718159236316,0.105717761840721,0.536848537636464,0.57650188566248
6.34910149138186,0,2.21837092152133,0.557573096590712,0.0980714725564829,0.105717761840721,0.536846720882788,0.576503273807008
6.35410149138186,0,2.21836337727788,0.557571004602983,0.0980711299870146,0.105717761840721,0.536844904220284,0.576504653391383
6.35910149138186,0,2.21835583622115,0.557568913506028,0.0980707882131915,0.105717761840721,0.536843087674202,0.576506024468391
6.36410149138186,0,2.2183482984315,0.55756682332212,0.0980704472329847,0.105717761840721,0.536841271269571,0.576507387090495
6.36910149138186,0,2.21834076398853,0.557564734073325,0.0980701070443716,0.105717761840721,0.5368394550312,0.576508741309833
6.37410149138186,0,2.21833323297111,0.557562645781505,0.0980697676453358,0.105717761840721,0.536837638983675,0.576510087178221
6.37910149138186,0,2.21832570545738,0.557560558468312,0.0980694290338672,0.105717761840721,0.53683582315137,0.576511424747156
6.38410149138186,0,2.21831818152474,0.557558472155202,0.0980690912079621,0.105717761840721,0.536834007558443,0.576512754067818
6.38910149138186,0,2.21831066124987,0.557556386863428,0.0980687541656226,0.105717761840721,0.536832192228837,0.576514075191071
6.39410149138186,0,2.21830314470872,0.557554302614039,0.0980684179048573,0.105717761840721,0.536830377186284,0.576515388167466
6.39910149138186,0,2.21829563197654,0.557552219427888,0.0980680824236808,0.105717761840721,0.536828562454302,0.576516693047239
6.40410149138186,0,2.21828812312786,0.557550137325632,0.0980677477201139,0.105717761840721,0.536826748056204,0.576517989880322
6.40910149138186,0,2.2182806182365,0.557548056327733,0.0980674137921832,0.105717761840721,0.536824934015094,0.576519278716333
6.41410149138186,0,2.2182731173756,0.557545976454455,0.0980670806379218,0.105717761840721,0.536823120353868,0.576520559604589
6.41910149138186,0,2.21826562061759,0.557543897725871,0.0980667482553686,0.105717761840721,0.536821307095217,0.576521832594099
6.42410149138186,0,2.21825812803421,0.557541820161865,0.0980664166425685,0.105717761840721,0.536819494261632,0.576523097733573
6.42910149138186,0,2.21825063969652,0.557539743782127,0.0980660857975725,0.105717761840721,0.536817681875399,0.576524355071418
6.43410149138186,0,2.21824315567491,0.557537668606161,0.0980657557184374,0.105717761840721,0.536815869958605,0.576525604655745
6.43910149138186,0,2.21823567603907,0.557535594653281,0.0980654264032261,0.105717761840721,0.536814058533136,0.576526846534365
6.44410149138186,0,2.21822820085804,0.557533521942618,0.0980650978500074,0.105717761840721,0.536812247620683,0.576528080754798
6.44910149138186,0,2.2182207302002,0.557531450493118,0.0980647700568559,0.105717761840721,0.536810437242739,0.576529307364269
6.45410149138186,0,2.21821326413324,0.557529380323541,0.0980644430218522,0.105717761840721,0.536808627420604,0.57653052640971
6.45910149138186,0,2.21820580272424,0.557527311452467,0.0980641167430827,0.105717761840721,0.536806818175381,0.576531737937767
6.46410149138186,0,2.21819834603958,0.557525243898295,0.0980637912186395,0.105717761840721,0.536805009527984,0.576532941994797
6.46910149138186,0,2.21819089414503,0.557523177679246,0.0980634664466207,0.105717761840721,0.536803201499137,0.576534138626871
6.47410149138186,0,2.21818344710571,0.557521112813361,0.0980631424251301,0.105717761840721,0.536801394109371,0.576535327879774
6.47910149138186,0,2.21817600498609,0.557519049318504,0.0980628191522772,0.105717761840721,0.536799587379032,0.576536509799012
6.48410149138186,0,2.21816856785003,0.557516987212366,0.0980624966261772,0.105717761840721,0.536797781328279,0.57653768442981
6.48910149138186,0,2.21816113576074,0.557514926512461,0.0980621748449512,0.105717761840721,0.536795975977087,0.576538851817111
6.49410149138186,0,2.21815370878082,0.557512867236133,0.0980618538067259,0.105717761840721,0.536794171345242,0.576540012005583
6.49910149138186,0,2.21814628697226,0.55751080940055,0.0980615335096336,0.105717761840721,0.536792367452352,0.576541165039619
6.50410149138186,0,2.2181388703964,0.557508753022715,0.0980612139518121,0.105717761840721,0.536790564317843,0.576542310963338
6.50910149138186,0,2.21813145911403,0.557506698119458,0.0980608951314052,0.105717761840721,0.536788761960961,0.576543449820587
6.51410149138186,0,2.21812405318527,0.557504644707442,0.0980605770465621,0.105717761840721,0.536786960400771,0.57654458165494
6.51910149138186,0,2.21811665266969,0.557502592803163,0.0980602596954374,0.105717761840721,0.536785159656163,0.576545706509707
6.52410149138186,0,2.21810925762624,0.557500542422953,0.0980599430761915,0.105717761840721,0.53678335974585,0.576546824427927
6.52910149138186,0,2.21810186811329,0.557498493582978,0.0980596271869903,0.105717761840721,0.536781560688371,0.576547935452376
6.53410149138185,0,2.2180944841886,0.557496446299242,0.0980593120260051,0.105717761840721,0.536779762502089,0.576549039625564
6.53910149138185,0,2.21808710590936,0.557494400587586,0.0980589975914127,0.105717761840721,0.536777965205195,0.57655013698974
6.54410149138185,0,2.2180797333322,0.557492356463691,0.0980586838813954,0.105717761840721,0.536776168815713,0.576551227586894
6.54910149138185,0,2.21807236651316,0.55749031394308,0.098058370894141,0.105717761840721,0.536774373351493,0.576552311458755
6.55410149138185,0,2.21806500550769,0.557488273041113,0.0980580586278427,0.105717761840721,0.536772578830216,0.576553388646795
6.55910149138185,0,2.2180576503707,0.557486233772998,0.098057747080699,0.105717761840721,0.536770785269397,0.576554459192231
6.56410149138185,0,2.21805030115652,0.557484196153784,0.0980574362509138,0.105717761840721,0.536768992686385,0.576555523136025
6.56910149138185,0,2.21804295791896,0.557482160198367,0.0980571261366965,0.105717761840721,0.536767201098365,0.576556580518887
6.57410149138185,0,2.21803562071121,0.557480125921487,0.0980568167362618,0.105717761840721,0.536765410522353,0.576557631381275
6.57910149138185,0,2.21802828958598,0.557478093337731,0.0980565080478294,0.105717761840721,0.536763620975208,0.576558675763399
6.58410149138185,0,2.21802096459538,0.557476062461538,0.0980562000696249,0.105717761840721,0.536761832473624,0.576559713705221
6.58910149138185,0,2.218013645791,0.557474033307194,0.0980558927998785,0.105717761840721,0.536760045034138,0.576560745246455
6.59410149138185,0,2.21800633322391,0.557472005888835,0.0980555862368262,0.105717761840721,0.536758258673124,0.57656177042657
6.59910149138185,0,2.21799902694461,0.557469980220451,0.0980552803787089,0.105717761840721,0.5367564734068,0.576562789284794
6.60410149138185,0,2.21799172700309,0.557467956315884,0.0980549752237729,0.105717761840721,0.536754689251226,0.576563801860112
6.60910149138185,0,2.21798443344882,0.557465934188829,0.0980546707702696,0.105717761840721,0.536752906222308,0.576564808191267
6.61410149138185,0,2.21797714633073,0.557463913852838,0.0980543670164556,0.105717761840721,0.536751124335796,0.576565808316765
6.61910149138185,0,2.21796986569724,0.557461895321315,0.0980540639605926,0.105717761840721,0.536749343607286,0.576566802274873
6.62410149138185,0,2.21796259159627,0.557459878607527,0.0980537616009475,0.105717761840721,0.536747564052223,0.576567790103625
6.62910149138185,0,2.2179553240752,0.557457863724596,0.0980534599357923,0.105717761840721,0.536745785685901,0.576568771840816
6.63410149138185,0,2.21794806318093,0.557455850685502,0.0980531589634041,0.105717761840721,0.53674400852346,0.576569747524012
6.63910149138185,0,2.21794080895984,0.557453839503088,0.098052858682065,0.105717761840721,0.536742232579896,0.576570717190545
6.64410149138185,0,2.21793356145781,0.557451830190057,0.0980525590900623,0.105717761840721,0.536740457870054,0.576571680877517
6.64910149138185,0,2.21792632072023,0.557449822758975,0.0980522601856881,0.105717761840721,0.536738684408633,0.576572638621803
6.65410149138185,0,2.21791908679201,0.55744781722227,0.0980519619672398,0.105717761840721,0.536736912210186,0.576573590460048
6.65910149138185,0,2.21791185971755,0.557445813592236,0.0980516644330197,0.105717761840721,0.536735141289119,0.576574536428673
6.66410149138185,0,2.21790463954078,0.557443811881032,0.0980513675813349,0.105717761840721,0.536733371659698,0.576575476563873
6.66910149138185,0,2.21789742630513,0.557441812100683,0.0980510714104976,0.105717761840721,0.536731603336045,0.57657641090162
6.67410149138185,0,2.21789022005358,0.557439814263082,0.098050775918825,0.105717761840721,0.536729836332139,0.576577339477667
6.67910149138185,0,2.2178830208286,0.557437818379988,0.0980504811046391,0.105717761840721,0.536728070661818,0.576578262327542
6.68410149138185,0,2.21787582867223,0.557435824463034,0.0980501869662668,0.105717761840721,0.536726306338783,0.576579179486557
6.68910149138185,0,2.21786864362602,0.55743383252372,0.0980498935020401,0.105717761840721,0.536724543376594,0.576580090989805
6.69410149138185,0,2.21786146573105,0.557431842573418,0.0980496007102955,0.105717761840721,0.536722781788676,0.576580996872163
6.69910149138185,0,2.21785429502795,0.557429854623371,0.0980493085893746,0.105717761840721,0.536721021588313,0.576581897168294
6.70410149138185,0,2.2178471315569,0.557427868684698,0.0980490171376239,0.105717761840721,0.536719262788658,0.576582791912644
6.70910149138185,0,2.21783997535761,0.55742588476839,0.0980487263533944,0.105717761840721,0.536717505402727,0.57658368113945
6.71410149138185,0,2.21783282646935,0.557423902885314,0.0980484362350422,0.105717761840721,0.536715749443404,0.576584564882737
6.71910149138185,0,2.21782568493094,0.557421923046211,0.0980481467809279,0.105717761840721,0.536713994923437,0.576585443176318
6.72410149138185,0,2.21781855078076,0.557419945261704,0.0980478579894171,0.105717761840721,0.536712241855446,0.576586316053801
6.72910149138185,0,2.21781142405675,0.557417969542288,0.0980475698588799,0.105717761840721,0.53671049025192,0.576587183548584
6.73410149138185,0,2.2178043047964,0.557415995898341,0.0980472823876914,0.105717761840721,0.536708740125215,0.576588045693861
6.73910149138185,0,2.2177971930368,0.557414024340118,0.0980469955742311,0.105717761840721,0.536706991487562,0.576588902522619
6.74410149138185,0,2.21779008881456,0.557412054877756,0.0980467094168834,0.105717761840721,0.536705244351061,0.576589754067644
6.74910149138185,0,2.21778299216591,0.557410087521273,0.0980464239140373,0.105717761840721,0.536703498727689,0.576590600361519
6.75410149138185,0,2.21777590312663,0.55740812228057,0.0980461390640864,0.105717761840721,0.536701754629293,0.576591441436624
6.75910149138185,0,2.21776882173208,0.557406159165431,0.098045854865429,0.105717761840721,0.536700012067597,0.576592277325143
6.76410149138185,0,2.21776174801721,0.557404198185523,0.098045571316468,0.105717761840721,0.5366982710542,0.576593108059059
6.76910149138185,0,2.21775468201657,0.5574022393504,0.0980452884156108,0.105717761840721,0.53669653160058,0.576593933670159
6.77410149138185,0,2.21774762376426,0.557400282669501,0.0980450061612695,0.105717761840721,0.53669479371809,0.576594754190032
6.77910149138185,0,2.217740573294,0.55739832815215,0.0980447245518607,0.105717761840721,0.536693057417962,0.576595569650076
6.78410149138185,0,2.2177335306391,0.557396375807562,0.0980444435858055,0.105717761840721,0.536691322711309,0.57659638008149
6.78910149138185,0,2.21772649583248,0.557394425644838,0.0980441632615297,0.105717761840721,0.536689589609123,0.576597185515286
6.79410149138185,0,2.21771946890663,0.557392477672969,0.0980438835774634,0.105717761840721,0.53668785812228,0.576597985982282
6.79910149138185,0,2.21771244989367,0.557390531900836,0.0980436045320414,0.105717761840721,0.536686128261533,0.576598781513105
6.80410149138185,0,2.21770543882531,0.557388588337211,0.0980433261237027,0.105717761840721,0.536684400037522,0.576599572138196
6.80910149138185,0,2.2176984357329,0.557386646990758,0.098043048350891,0.105717761840721,0.536682673460771,0.576600357887806
6.81410149138185,0,2.21769144064736,0.557384707870034,0.0980427712120544,0.105717761840721,0.536680948541687,0.576601138792001
6.81910149138185,0,2.21768445359925,0.557382770983487,0.0980424947056454,0.105717761840721,0.536679225290563,0.576601914880659
6.82410149138185,0,2.21767747461875,0.557380836339463,0.0980422188301208,0.105717761840721,0.536677503717578,0.576602686183478
6.82910149138185,0,2.21767050373566,0.5573789039462,0.098041943583942,0.105717761840721,0.536675783832802,0.576603452729969
6.83410149138185,0,2.21766354097941,0.557376973811833,0.0980416689655746,0.105717761840721,0.536674065646187,0.576604214549462
6.83910149138185,0,2.21765658637903,0.557375045944393,0.0980413949734888,0.105717761840721,0.536672349167579,0.576604971671108
6.84410149138185,0,2.21764963996321,0.557373120351809,0.0980411216061587,0.105717761840721,0.53667063440671,0.576605724123876
6.84910149138185,0,2.21764270176026,0.55737119704191,0.0980408488620633,0.105717761840721,0.536668921373208,0.576606471936557
6.85410149138185,0,2.21763577179813,0.557369276022419,0.0980405767396854,0.105717761840721,0.536667210076586,0.576607215137764
6.85910149138185,0,2.21762885010441,0.557367357300964,0.0980403052375124,0.105717761840721,0.536665500526253,0.576607953755936
6.86410149138185,0,2.21762193670633,0.55736544088507,0.098040034354036,0.105717761840721,0.53666379273151,0.576608687819334
6.86910149138185,0,2.21761503163075,0.557363526782165,0.098039764087752,0.105717761840721,0.536662086701553,0.576609417356045
6.87410149138185,0,2.21760813490419,0.557361614999578,0.0980394944371605,0.105717761840721,0.536660382445472,0.576610142393984
6.87910149138185,0,2.21760124655283,0.557359705544541,0.0980392254007659,0.105717761840721,0.53665867997225,0.576610862960893
6.88410149138185,0,2.21759436660248,0.55735779842419,0.0980389569770768,0.105717761840721,0.536656979290771,0.576611579084343
6.88910149138185,0,2.21758749507862,0.557355893645566,0.0980386891646059,0.105717761840721,0.536655280409812,0.576612290791735
6.89410149138185,0,2.21758063200638,0.557353991215612,0.0980384219618703,0.105717761840721,0.53665358333805,0.576612998110301
6.89910149138185,0,2.21757377741055,0.55735209114118,0.098038155367391,0.105717761840721,0.536651888084058,0.576613701067106
6.90410149138185,0,2.21756693131558,0.557350193429026,0.0980378893796934,0.105717761840721,0.536650194656311,0.576614399689047
6.90910149138185,0,2.21756009374561,0.557348298085815,0.0980376239973069,0.105717761840721,0.536648503063183,0.576615094002855
6.91410149138185,0,2.21755326472441,0.557346405118118,0.0980373592187651,0.105717761840721,0.536646813312948,0.576615784035096
6.91910149138185,0,2.21754644427544,0.557344514532416,0.0980370950426058,0.105717761840721,0.536645125413783,0.576616469812175
6.92410149138185,0,2.21753963242184,0.5573426263351,0.0980368314673706,0.105717761840721,0.536643439373766,0.576617151360329
6.92910149138185,0,2.21753282918641,0.557340740532468,0.0980365684916055,0.105717761840721,0.53664175520088,0.576617828705639
6.93410149138185,0,2.21752603459164,0.557338857130731,0.0980363061138604,0.105717761840721,0.536640072903008,0.576618501874021
6.93910149138185,0,2.21751924865968,0.557336976136011,0.0980360443326894,0.105717761840721,0.536638392487941,0.576619170891232
6.94410149138185,0,2.21751247141239,0.557335097554342,0.0980357831466504,0.105717761840721,0.536636713963373,0.576619835782871
6.94910149138185,0,2.2175057028713,0.557333221391671,0.0980355225543055,0.105717761840721,0.536635037336906,0.57662049657438
6.95410149138185,0,2.21749894305763,0.557331347653856,0.0980352625542208,0.105717761840721,0.536633362616047,0.576621153291041
6.95910149138185,0,2.21749219199229,0.557329476346672,0.0980350031449665,0.105717761840721,0.53663168980821,0.576621805957983
6.96410149138185,0,2.21748544969588,0.557327607475808,0.0980347443251164,0.105717761840721,0.536630018920717,0.57662245460018
6.96910149138185,0,2.21747871618871,0.557325741046869,0.0980344860932488,0.105717761840721,0.536628349960803,0.576623099242449
6.97410149138185,0,2.21747199149076,0.557323877065374,0.0980342284479454,0.105717761840721,0.536626682935605,0.576623739909458
6.97910149138185,0,2.21746527562173,0.557322015536759,0.0980339713877924,0.105717761840721,0.536625017852175,0.576624376625719
6.98410149138185,0,2.21745856860102,0.557320156466379,0.0980337149113795,0.105717761840721,0.536623354717475,0.576625009415597
6.98910149138185,0,2.21745187044773,0.557318299859508,0.0980334590173004,0.105717761840721,0.536621693538379,0.576625638303302
6.99410149138185,0,2.21744518118066,0.557316445721334,0.0980332037041528,0.105717761840721,0.536620034321671,0.576626263312899
6.99910149138185,0,2.21743850081834,0.557314594056968,0.0980329489705384,0.105717761840721,0.536618377074049,0.576626884468302
7.00410149138184,0,2.21743182937899,0.55731274487144,0.0980326948150624,0.105717761840721,0.536616721802125,0.576627501793279
7.00910149138184,0,2.21742516688055,0.557310898169702,0.0980324412363342,0.105717761840721,0.536615068512425,0.57662811531145
7.01410149138184,0,2.21741851334068,0.557309053956623,0.0980321882329668,0.105717761840721,0.536613417211388,0.576628725046291
7.01910149138184,0,2.21741186877674,0.557307212236998,0.0980319358035773,0.105717761840721,0.53661176790537,0.576629331021131
7.02410149138184,0,2.21740523320585,0.557305373015543,0.0980316839467863,0.105717761840721,0.536610120600644,0.576629933259158
7.02910149138184,0,2.21739860664481,0.557303536296896,0.0980314326612184,0.105717761840721,0.536608475303398,0.576630531783415
7.03410149138184,0,2.21739198911016,0.557301702085619,0.098031181945502,0.105717761840721,0.536606832019737,0.576631126616802
7.03910149138184,0,2.21738538061817,0.5572998703862,0.0980309317982692,0.105717761840721,0.536605190755686,0.576631717782081
7.04410149138184,0,2.21737878118484,0.557298041203049,0.0980306822181559,0.105717761840721,0.536603551517186,0.576632305301871
7.04910149138184,0,2.2173721908259,0.557296214540504,0.0980304332038017,0.105717761840721,0.536601914310101,0.576632889198653
7.05410149138184,0,2.2173656095568,0.557294390402826,0.0980301847538499,0.105717761840721,0.53660027914021,0.576633469494767
7.05910149138184,0,2.21735903739275,0.557292568794206,0.0980299368669478,0.105717761840721,0.536598646013215,0.576634046212419
7.06410149138184,0,2.21735247434866,0.557290749718758,0.0980296895417461,0.105717761840721,0.536597014934741,0.576634619373675
7.06910149138184,0,2.21734592043922,0.557288933180529,0.0980294427768992,0.105717761840721,0.536595385910331,0.576635189000466
7.07410149138184,0,2.21733937567884,0.557287119183489,0.0980291965710654,0.105717761840721,0.536593758945453,0.576635755114587
7.07910149138184,0,2.21733284008167,0.55728530773154,0.0980289509229066,0.105717761840721,0.536592134045496,0.576636317737701
7.08410149138184,0,2.21732631366161,0.557283498828513,0.0980287058310882,0.105717761840721,0.536590511215773,0.576636876891334
7.08910149138184,0,2.21731979643233,0.557281692478168,0.0980284612942795,0.105717761840721,0.536588890461522,0.576637432596882
7.09410149138184,0,2.2173132884072,0.557279888684197,0.0980282173111531,0.105717761840721,0.536587271787905,0.576637984875607
7.09910149138184,0,2.21730678959938,0.55727808745022,0.0980279738803856,0.105717761840721,0.536585655200009,0.576638533748642
7.10410149138184,0,2.21730030002179,0.557276288779794,0.0980277310006569,0.105717761840721,0.536584040702847,0.576639079236989
7.10910149138184,0,2.21729381968706,0.557274492676403,0.0980274886706507,0.105717761840721,0.536582428301358,0.576639621361518
7.11410149138184,0,2.21728734860763,0.557272699143466,0.0980272468890541,0.105717761840721,0.536580818000409,0.576640160142974
7.11910149138184,0,2.21728088679566,0.557270908184335,0.098027005654558,0.105717761840721,0.536579209804794,0.576640695601972
7.12410149138184,0,2.21727443426309,0.557269119802295,0.0980267649658567,0.105717761840721,0.536577603719233,0.576641227759
7.12910149138184,0,2.21726799102163,0.557267334000568,0.098026524821648,0.105717761840721,0.53657599974838,0.576641756634421
7.13410149138184,0,2.21726155708273,0.557265550782308,0.0980262852206333,0.105717761840721,0.536574397896811,0.57664228224847
7.13910149138184,0,2.21725513245762,0.557263770150605,0.0980260461615177,0.105717761840721,0.536572798169038,0.57664280462126
7.14410149138184,0,2.21724871715731,0.557261992108485,0.0980258076430095,0.105717761840721,0.5365712005695,0.576643323772778
7.14910149138184,0,2.21724231119257,0.557260216658912,0.0980255696638207,0.105717761840721,0.536569605102568,0.576643839722888
7.15410149138184,0,2.21723591457394,0.557258443804784,0.0980253322226666,0.105717761840721,0.536568011772543,0.576644352491332
7.15910149138184,0,2.21722952731173,0.557256673548938,0.0980250953182663,0.105717761840721,0.53656642058366,0.57664486209773
7.16410149138184,0,2.21722314941604,0.557254905894149,0.098024858949342,0.105717761840721,0.536564831540084,0.576645368561582
7.16910149138184,0,2.21721678089674,0.557253140843132,0.0980246231146196,0.105717761840721,0.536563244645916,0.576645871902266
7.17410149138184,0,2.21721042176348,0.557251378398537,0.0980243878128282,0.105717761840721,0.536561659905188,0.576646372139042
7.17910149138184,0,2.21720407202569,0.557249618562957,0.0980241530427007,0.105717761840721,0.536560077321866,0.57664686929105
7.18410149138184,0,2.21719773169259,0.557247861338922,0.098023918802973,0.105717761840721,0.536558496899852,0.576647363377312
7.18910149138184,0,2.21719140077317,0.557246106728906,0.0980236850923847,0.105717761840721,0.536556918642983,0.576647854416735
7.19410149138184,0,2.21718507927623,0.557244354735321,0.0980234519096786,0.105717761840721,0.53655534255503,0.576648342428106
7.19910149138184,0,2.21717876721033,0.557242605360521,0.098023219253601,0.105717761840721,0.536553768639701,0.5766488274301
7.20410149138184,0,2.21717246458385,0.557240858606802,0.0980229871229015,0.105717761840721,0.536552196900642,0.576649309441272
7.20910149138184,0,2.21716617140494,0.557239114476403,0.0980227555163332,0.105717761840721,0.536550627341433,0.576649788480067
7.21410149138184,0,2.21715988768155,0.557237372971505,0.0980225244326523,0.105717761840721,0.536549059965594,0.576650264564814
7.21910149138184,0,2.21715361342143,0.557235634094231,0.0980222938706185,0.105717761840721,0.536547494776582,0.576650737713729
7.22410149138184,0,2.21714734863212,0.557233897846651,0.0980220638289949,0.105717761840721,0.536545931777793,0.576651207944918
7.22910149138184,0,2.21714109332095,0.557232164230777,0.0980218343065476,0.105717761840721,0.536544370972561,0.576651675276371
7.23410149138184,0,2.21713484749509,0.557230433248566,0.0980216053020463,0.105717761840721,0.536542812364162,0.576652139725971
7.23910149138184,0,2.21712861116145,0.557228704901919,0.098021376814264,0.105717761840721,0.536541255955809,0.576652601311489
7.24410149138184,0,2.2171223843268,0.557226979192685,0.0980211488419767,0.105717761840721,0.536539701750658,0.576653060050586
7.24910149138184,0,2.21711616699769,0.557225256122657,0.098020921383964,0.105717761840721,0.536538149751804,0.576653515960816
7.25410149138184,0,2.21710995918046,0.557223535693575,0.0980206944390084,0.105717761840721,0.536536599962284,0.576653969059624
7.25910149138184,0,2.2171037608813,0.557221817907126,0.098020468005896,0.105717761840721,0.536535052385077,0.576654419364345
7.26410149138184,0,2.21709757210618,0.557220102764944,0.098020242083416,0.105717761840721,0.536533507023105,0.57665486689221
7.26910149138184,0,2.21709139286088,0.557218390268612,0.0980200166703606,0.105717761840721,0.536531963879232,0.576655311660342
7.27410149138184,0,2.217085223151,0.557216680419659,0.0980197917655256,0.105717761840721,0.536530422956266,0.576655753685761
7.27910149138184,0,2.21707906298197,0.557214973219564,0.0980195673677097,0.105717761840721,0.536528884256957,0.576656192985379
7.28410149138184,0,2.21707291235902,0.557213268669755,0.098019343475715,0.105717761840721,0.536527347784002,0.576656629576006
7.28910149138184,0,2.21706677128718,0.557211566771611,0.0980191200883466,0.105717761840721,0.53652581354004,0.576657063474346
7.29410149138184,0,2.21706063977134,0.557209867526456,0.098018897204413,0.105717761840721,0.536524281527656,0.576657494697002
7.29910149138184,0,2.21705451781618,0.557208170935571,0.0980186748227255,0.105717761840721,0.53652275174938,0.576657923260473
7.30410149138184,0,2.21704840542621,0.557206477000181,0.0980184529420989,0.105717761840721,0.53652122420769,0.576658349181159
7.30910149138184,0,2.21704230260577,0.557204785721468,0.0980182315613511,0.105717761840721,0.536519698905009,0.576658772475355
7.31410149138184,0,2.21703620935901,0.557203097100562,0.0980180106793028,0.105717761840721,0.536518175843705,0.576659193159259
7.31910149138184,0,2.21703012568993,0.557201411138545,0.0980177902947783,0.105717761840721,0.536516655026095,0.576659611248967
7.32410149138184,0,2.21702405160234,0.557199727836453,0.0980175704066045,0.105717761840721,0.536515136454445,0.576660026760477
7.32910149138184,0,2.21701798709988,0.557198047195275,0.0980173510136119,0.105717761840721,0.536513620130967,0.576660439709687
7.33410149138184,0,2.21701193218603,0.557196369215951,0.0980171321146338,0.105717761840721,0.536512106057823,0.576660850112398
7.33910149138184,0,2.21700588686409,0.557194693899376,0.0980169137085065,0.105717761840721,0.536510594237121,0.576661257984314
7.34410149138184,0,2.2169998511372,0.557193021246398,0.0980166957940696,0.105717761840721,0.536509084670922,0.57666166334104
7.34910149138184,0,2.21699382500835,0.557191351257822,0.0980164783701656,0.105717761840721,0.536507577361235,0.576662066198087
7.35410149138184,0,2.21698780848034,0.557189683934403,0.0980162614356401,0.105717761840721,0.53650607231002,0.57666246657087
7.35910149138184,0,2.21698180155582,0.557188019276855,0.0980160449893417,0.105717761840721,0.536504569519185,0.576662864474708
7.36410149138184,0,2.21697580423728,0.557186357285847,0.0980158290301222,0.105717761840721,0.536503068990592,0.576663259924826
7.36910149138184,0,2.21696981652706,0.557184697962003,0.0980156135568362,0.105717761840721,0.536501570726054,0.576663652936356
7.37410149138184,0,2.21696383842733,0.557183041305902,0.0980153985683413,0.105717761840721,0.536500074727334,0.576664043524334
7.37910149138184,0,2.21695786994009,0.557181387318082,0.0980151840634983,0.105717761840721,0.536498580996149,0.576664431703707
7.38410149138184,0,2.21695191106722,0.557179735999037,0.0980149700411708,0.105717761840721,0.536497089534166,0.576664817489326
7.38910149138184,0,2.21694596181041,0.557178087349218,0.0980147565002255,0.105717761840721,0.536495600343009,0.576665200895955
7.39410149138184,0,2.21694002217123,0.557176441369035,0.098014543439532,0.105717761840721,0.536494113424251,0.576665581938262
7.39910149138184,0,2.21693409215106,0.557174798058854,0.0980143308579629,0.105717761840721,0.536492628779422,0.576665960630827
7.40410149138184,0,2.21692817175117,0.557173157419,0.0980141187543937,0.105717761840721,0.536491146410004,0.576666336988142
7.40910149138184,0,2.21692226097266,0.557171519449759,0.0980139071277028,0.105717761840721,0.536489666317435,0.576666711024605
7.41410149138184,0,2.21691635981649,0.557169884151374,0.0980136959767717,0.105717761840721,0.536488188503107,0.57666708275453
7.41910149138184,0,2.21691046828345,0.557168251524047,0.0980134853004847,0.105717761840721,0.536486712968366,0.576667452192139
7.42410149138184,0,2.21690458637422,0.557166621567942,0.098013275097729,0.105717761840721,0.536485239714516,0.576667819351568
7.42910149138184,0,2.21689871408932,0.557164994283181,0.0980130653673948,0.105717761840721,0.536483768742817,0.576668184246867
7.43410149138184,0,2.21689285142913,0.557163369669849,0.0980128561083749,0.105717761840721,0.536482300054482,0.576668546891996
7.43910149138184,0,2.21688699839388,0.557161747727989,0.0980126473195655,0.105717761840721,0.536480833650685,0.576668907300833
7.44410149138184,0,2.21688115498367,0.557160128457608,0.0980124389998652,0.105717761840721,0.536479369532553,0.576669265487167
7.44910149138184,0,2.21687532119845,0.557158511858672,0.0980122311481757,0.105717761840721,0.536477907701173,0.576669621464703
7.45410149138184,0,2.21686949703806,0.557156897931111,0.0980120237634015,0.105717761840721,0.53647644815759,0.576669975247063
7.45910149138184,0,2.21686368250217,0.557155286674817,0.0980118168444499,0.105717761840721,0.536474990902805,0.576670326847784
7.46410149138184,0,2.21685787759032,0.557153678089642,0.0980116103902311,0.105717761840721,0.53647353593778,0.576670676280318
7.46910149138183,0,2.21685208230195,0.557152072175406,0.0980114043996581,0.105717761840721,0.536472083263433,0.576671023558036
7.47410149138183,0,2.21684629663632,0.557150468931886,0.0980111988716468,0.105717761840721,0.536470632880644,0.576671368694225
7.47910149138183,0,2.21684052059259,0.557148868358827,0.0980109938051158,0.105717761840721,0.536469184790251,0.576671711702093
7.48410149138183,0,2.21683475416978,0.557147270455936,0.0980107891989866,0.105717761840721,0.53646773899305,0.576672052594763
7.48910149138183,0,2.21682899736677,0.557145675222886,0.0980105850521832,0.105717761840721,0.536466295489802,0.576672391385279
7.49410149138183,0,2.21682325018234,0.557144082659312,0.0980103813636329,0.105717761840721,0.536464854281224,0.576672728086605
7.49910149138183,0,2.21681751261511,0.557142492764816,0.0980101781322654,0.105717761840721,0.536463415367996,0.576673062711623
7.50410149138183,0,2.2168117846636,0.557140905538963,0.0980099753570131,0.105717761840721,0.536461978750759,0.576673395273137
7.50910149138183,0,2.21680606632618,0.557139320981285,0.0980097730368115,0.105717761840721,0.536460544430115,0.576673725783872
7.51410149138183,0,2.21680035760113,0.55713773909128,0.0980095711705986,0.105717761840721,0.536459112406628,0.576674054256474
7.51910149138183,0,2.21679465848657,0.557136159868411,0.0980093697573153,0.105717761840721,0.536457682680824,0.576674380703513
7.52410149138183,0,2.21678896898052,0.557134583312107,0.0980091687959049,0.105717761840721,0.536456255253192,0.576674705137478
7.52910149138183,0,2.21678328908088,0.557133009421766,0.0980089682853138,0.105717761840721,0.536454830124183,0.576675027570783
7.53410149138183,0,2.21677761878543,0.55713143819675,0.098008768224491,0.105717761840721,0.536453407294213,0.576675348015767
7.53910149138183,0,2.21677195809182,0.557129869636391,0.098008568612388,0.105717761840721,0.536451986763658,0.576675666484689
7.54410149138183,0,2.2167663069976,0.557128303739985,0.0980083694479594,0.105717761840721,0.536450568532862,0.576675982989737
7.54910149138183,0,2.21676066550018,0.5571267405068,0.0980081707301621,0.105717761840721,0.536449152602129,0.576676297543019
7.55410149138183,0,2.21675503359688,0.55712517993607,0.0980079724579559,0.105717761840721,0.536447738971731,0.576676610156572
7.55910149138183,0,2.2167494112849,0.557123622026997,0.0980077746303031,0.105717761840721,0.536446327641901,0.576676920842358
7.56410149138183,0,2.21674379856131,0.557122066778753,0.0980075772461688,0.105717761840721,0.53644491861284,0.576677229612264
7.56910149138183,0,2.21673819542309,0.557120514190477,0.0980073803045209,0.105717761840721,0.536443511884713,0.576677536478104
7.57410149138183,0,2.2167326018671,0.55711896426128,0.0980071838043295,0.105717761840721,0.536442107457651,0.576677841451622
7.57910149138183,0,2.21672701789008,0.557117416990241,0.0980069877445678,0.105717761840721,0.53644070533175,0.576678144544485
7.58410149138183,0,2.21672144348868,0.557115872376408,0.0980067921242113,0.105717761840721,0.536439305507073,0.57667844576829
7.58910149138183,0,2.21671587865942,0.557114330418801,0.0980065969422384,0.105717761840721,0.53643790798365,0.576678745134565
7.59410149138183,0,2.21671032339874,0.557112791116409,0.0980064021976298,0.105717761840721,0.536436512761476,0.576679042654762
7.59910149138183,0,2.21670477770295,0.557111254468193,0.0980062078893691,0.105717761840721,0.536435119840514,0.576679338340267
7.60410149138183,0,2.21669924156827,0.557109720473083,0.0980060140164423,0.105717761840721,0.536433729220696,0.576679632202394
7.60910149138183,0,2.2166937149908,0.557108189129982,0.0980058205778381,0.105717761840721,0.536432340901918,0.576679924252385
7.61410149138183,0,2.21668819796656,0.557106660437763,0.0980056275725478,0.105717761840721,0.536430954884047,0.576680214501417
7.61910149138183,0,2.21668269049144,0.557105134395273,0.098005434999565,0.105717761840721,0.536429571166916,0.576680502960594
7.62410149138183,0,2.21667719256126,0.557103611001329,0.0980052428578863,0.105717761840721,0.53642818975033,0.576680789640955
7.62910149138183,0,2.21667170417171,0.557102090254719,0.0980050511465104,0.105717761840721,0.536426810634058,0.576681074553468
7.63410149138183,0,2.2166662253184,0.557100572154208,0.098004859864439,0.105717761840721,0.536425433817841,0.576681357709036
7.63910149138183,0,2.21666075599684,0.557099056698529,0.098004669010676,0.105717761840721,0.536424059301388,0.576681639118492
7.64410149138183,0,2.21665529620242,0.557097543886391,0.0980044785842281,0.105717761840721,0.53642268708438,0.576681918792604
7.64910149138183,0,2.21664984593048,0.557096033716475,0.0980042885841041,0.105717761840721,0.536421317166464,0.576682196742073
7.65410149138183,0,2.21664440517621,0.557094526187437,0.0980040990093159,0.105717761840721,0.536419949547261,0.576682472977535
7.65910149138183,0,2.21663897393474,0.557093021297904,0.0980039098588774,0.105717761840721,0.536418584226359,0.576682747509559
7.66410149138183,0,2.2166335522011,0.55709151904648,0.0980037211318053,0.105717761840721,0.536417221203318,0.57668302034865
7.66910149138183,0,2.21662813997023,0.557090019431742,0.0980035328271186,0.105717761840721,0.53641586047767,0.576683291505247
7.67410149138183,0,2.21662273723695,0.55708852245224,0.098003344943839,0.105717761840721,0.536414502048917,0.576683560989726
7.67910149138183,0,2.21661734399604,0.557087028106502,0.0980031574809906,0.105717761840721,0.536413145916532,0.576683828812397
7.68410149138183,0,2.21661196024213,0.557085536393029,0.0980029704375998,0.105717761840721,0.53641179207996,0.576684094983509
7.68910149138183,0,2.21660658596982,0.557084047310298,0.0980027838126957,0.105717761840721,0.53641044053862,0.576684359513246
7.69410149138183,0,2.21660122117357,0.557082560856759,0.0980025976053097,0.105717761840721,0.536409091291899,0.57668462241173
7.69910149138183,0,2.21659586584778,0.557081077030842,0.0980024118144757,0.105717761840721,0.536407744339159,0.576684883689021
7.70410149138183,0,2.21659051998677,0.557079595830951,0.0980022264392302,0.105717761840721,0.536406399679736,0.576685143355114
7.70910149138183,0,2.21658518358474,0.557078117255464,0.0980020414786117,0.105717761840721,0.536405057312937,0.576685401419947
7.71410149138183,0,2.21657985663585,0.557076641302738,0.0980018569316617,0.105717761840721,0.536403717238041,0.576685657893394
7.71910149138183,0,2.21657453913414,0.557075167971107,0.0980016727974237,0.105717761840721,0.536402379454304,0.576685912785267
7.72410149138183,0,2.21656923107357,0.55707369725888,0.0980014890749436,0.105717761840721,0.536401043960951,0.57668616610532
7.72910149138183,0,2.21656393244804,0.557072229164344,0.0980013057632701,0.105717761840721,0.536399710757186,0.576686417863245
7.73410149138183,0,2.21655864325134,0.557070763685764,0.0980011228614539,0.105717761840721,0.536398379842184,0.576686668068677
7.73910149138183,0,2.2165533634772,0.557069300821381,0.0980009403685482,0.105717761840721,0.536397051215093,0.576686916731188
7.74410149138183,0,2.21654809311926,0.557067840569414,0.0980007582836087,0.105717761840721,0.53639572487504,0.576687163860293
7.74910149138183,0,2.21654283217109,0.557066382928064,0.0980005766056933,0.105717761840721,0.536394400821124,0.576687409465447
7.75410149138183,0,2.21653758062616,0.557064927895503,0.0980003953338624,0.105717761840721,0.536393079052418,0.576687653556049
7.75910149138183,0,2.21653233847788,0.557063475469888,0.0980002144671788,0.105717761840721,0.536391759567973,0.576687896141438
7.76410149138183,0,2.21652710571957,0.557062025649349,0.0980000340047074,0.105717761840721,0.536390442366814,0.576688137230897
7.76910149138183,0,2.2165218823445,0.557060578432001,0.0979998539455157,0.105717761840721,0.536389127447943,0.57668837683365
7.77410149138183,0,2.21651666834584,0.557059133815933,0.0979996742886734,0.105717761840721,0.536387814810336,0.576688614958864
7.77910149138183,0,2.21651146371668,0.557057691799216,0.0979994950332527,0.105717761840721,0.536386504452946,0.576688851615652
7.78410149138183,0,2.21650626845005,0.557056252379899,0.097999316178328,0.105717761840721,0.536385196374703,0.576689086813069
7.78910149138183,0,2.21650108253891,0.557054815556011,0.0979991377229759,0.105717761840721,0.536383890574514,0.576689320560113
7.79410149138183,0,2.21649590597614,0.557053381325561,0.0979989596662756,0.105717761840721,0.536382587051262,0.57668955286573
7.79910149138183,0,2.21649073875454,0.55705194968654,0.0979987820073083,0.105717761840721,0.536381285803807,0.576689783738807
7.80410149138183,0,2.21648558086685,0.557050520636916,0.0979986047451578,0.105717761840721,0.536379986830986,0.576690013188178
7.80910149138183,0,2.21648043230574,0.55704909417464,0.0979984278789099,0.105717761840721,0.536378690131615,0.576690241222624
7.81410149138183,0,2.2164752930638,0.557047670297642,0.097998251407653,0.105717761840721,0.536377395704487,0.576690467850869
7.81910149138183,0,2.21647016313357,0.557046249003833,0.0979980753304774,0.105717761840721,0.536376103548372,0.576690693081585
7.82410149138183,0,2.21646504250749,0.557044830291108,0.0979978996464759,0.105717761840721,0.536374813662019,0.576690916923389
7.82910149138183,0,2.21645993117797,0.55704341415734,0.0979977243547436,0.105717761840721,0.536373526044156,0.576691139384848
7.83410149138183,0,2.21645482913732,0.557042000600384,0.0979975494543778,0.105717761840721,0.536372240693489,0.576691360474471
7.83910149138183,0,2.21644973637781,0.557040589618078,0.0979973749444781,0.105717761840721,0.536370957608701,0.576691580200721
7.84410149138183,0,2.21644465289162,0.557039181208241,0.0979972008241461,0.105717761840721,0.536369676788457,0.576691798572003
7.84910149138183,0,2.21643957867089,0.557037775368674,0.0979970270924859,0.105717761840721,0.5363683982314,0.576692015596673
7.85410149138183,0,2.21643451370767,0.557036372097161,0.0979968537486038,0.105717761840721,0.536367121936151,0.576692231283036
7.85910149138183,0,2.21642945799397,0.557034971391466,0.0979966807916082,0.105717761840721,0.536365847901313,0.576692445639344
7.86410149138183,0,2.21642441152173,0.55703357324934,0.0979965082206099,0.105717761840721,0.536364576125466,0.576692658673799
7.86910149138183,0,2.21641937428281,0.557032177668513,0.0979963360347216,0.105717761840721,0.536363306607173,0.576692870394552
7.87410149138183,0,2.21641434626903,0.557030784646699,0.0979961642330587,0.105717761840721,0.536362039344974,0.576693080809705
7.87910149138183,0,2.21640932747214,0.557029394181595,0.0979959928147382,0.105717761840721,0.536360774337392,0.576693289927309
7.88410149138183,0,2.21640431788384,0.557028006270884,0.0979958217788798,0.105717761840721,0.53635951158293,0.576693497755365
7.88910149138183,0,2.21639931749575,0.557026620912228,0.0979956511246051,0.105717761840721,0.536358251080071,0.576693704301825
7.89410149138183,0,2.21639432629946,0.557025238103276,0.097995480851038,0.105717761840721,0.536356992827278,0.576693909574593
7.89910149138183,0,2.21638934428646,0.55702385784166,0.0979953109573044,0.105717761840721,0.536355736822997,0.576694113581522
7.90410149138183,0,2.21638437144822,0.557022480124996,0.0979951414425327,0.105717761840721,0.536354483065656,0.57669431633042
7.90910149138183,0,2.21637940777615,0.557021104950884,0.0979949723058531,0.105717761840721,0.536353231553661,0.576694517829042
7.91410149138183,0,2.21637445326157,0.557019732316908,0.0979948035463981,0.105717761840721,0.536351982285404,0.576694718085101
7.91910149138183,0,2.21636950789578,0.557018362220637,0.0979946351633024,0.105717761840721,0.536350735259254,0.576694917106257
7.92410149138183,0,2.21636457167002,0.557016994659626,0.0979944671557028,0.105717761840721,0.536349490473567,0.576695114900126
7.92910149138183,0,2.21635964457545,0.557015629631414,0.0979942995227382,0.105717761840721,0.536348247926678,0.576695311474277
7.93410149138183,0,2.21635472660321,0.557014267133523,0.0979941322635497,0.105717761840721,0.536347007616906,0.57669550683623
7.93910149138182,0,2.21634981774435,0.557012907163464,0.0979939653772804,0.105717761840721,0.53634576954255,0.576695700993462
7.94410149138182,0,2.2163449179899,0.55701154971873,0.0979937988630756,0.105717761840721,0.536344533701896,0.5766958939534
7.94910149138182,0,2.21634002733083,0.557010194796802,0.0979936327200828,0.105717761840721,0.536343300093209,0.576696085723429
7.95410149138182,0,2.21633514575804,0.557008842395146,0.0979934669474513,0.105717761840721,0.53634206871474,0.576696276310885
7.95910149138182,0,2.2163302732624,0.557007492511212,0.0979933015443329,0.105717761840721,0.53634083956472,0.576696465723063
7.96410149138182,0,2.21632540983472,0.55700614514244,0.0979931365098812,0.105717761840721,0.536339612641367,0.576696653967208
7.96910149138182,0,2.21632055546576,0.557004800286253,0.097992971843252,0.105717761840721,0.53633838794288,0.576696841050524
7.97410149138182,0,2.21631571014623,0.557003457940061,0.097992807543603,0.105717761840721,0.536337165467444,0.576697026980169
7.97910149138182,0,2.21631087386679,0.557002118101261,0.0979926436100944,0.105717761840721,0.536335945213226,0.576697211763257
7.98410149138182,0,2.21630604661806,0.557000780767236,0.0979924800418879,0.105717761840721,0.536334727178377,0.576697395406859
7.98807611853637,0,2.21630221575167,0.556999719471609,0.0979923502774177,0.105717761840721,0.536333760513596,0.576697540581573
7.99205074569091,0,2.21629839058112,0.556998659755778,0.097992220742837,0.105717761840721,0.536332795249128,0.57669768504419
7.99602537284546,0,2.21629457110163,0.556997601618411,0.0979920914377278,0.105717761840721,0.536331831384024,0.576697828798202
8,0,2.21629075730842,0.55699654505817,0.0979919623616725,0.105717761840721,0.536330868917328,0.576697971847085
8.005,2.5,3.46410161513775,1,0.0980120637325957,0.105717761840721,0.536329988883401,0.576698150803542
8.01,2.5,3.46410161513775,1,0.098032112802768,0.105717761840721,0.536329764706025,0.576698328656444
8.015,2.5,3.46410161513775,1,0.0980521097082677,0.105717761840721,0.536330190648535,0.576698505412596
8.02,2.5,3.46410161513775,1,0.0980720545848201,0.105717761840721,0.536331261013828,0.57669868107876
8.025,2.5,3.46410161513775,1,0.0980919475677972,0.105717761840721,0.536332970144333,0.576698855661659
8.03,2.5,3.46410161513775,1,0.0981117887922175,0.105717761840721,0.536335312422099,0.576699029167972
8.035,2.5,3.46410161513775,1,0.0981315783927487,0.105717761840721,0.536338282268041,0.576699201604339
8.04,2.5,3.46410161513775,1,0.098151316503709,0.105717761840721,0.536341874141628,0.576699372977357
8.045,2.5,3.46410161513775,1,0.0981710032590671,0.105717761840721,0.536346082540845,0.576699543293583
8.05,2.5,3.46410161513775,1,0.0981906387924417,0.105717761840721,0.536350902002288,0.576699712559535
8.055,2.5,3.46410161513775,1,0.0982102232371045,0.105717761840721,0.536356327100422,0.576699880781688
8.06,2.5,3.46410161513775,1,0.0982297567259811,0.105717761840721,0.536362352447277,0.576700047966481
8.065,2.5,3.46410161513775,1,0.0982492393916514,0.105717761840721,0.53636897269242,0.576700214120308
8.07,2.5,3.46410161513775,1,0.098268671366349,0.105717761840721,0.536376182523034,0.57670037924953
8.075,2.5,3.46410161513775,1,0.0982880527819639,0.105717761840721,0.536383976663202,0.576700543360463
8.08,2.5,3.46410161513775,1,0.0983073837700438,0.105717761840721,0.536392349873615,0.576700706459387
8.085,2.5,3.46410161513775,1,0.0983266644617941,0.105717761840721,0.536401296951532,0.576700868552542
8.09,2.5,3.46410161513775,1,0.0983458949880775,0.105717761840721,0.536410812730869,0.576701029646132
8.095,2.5,3.46410161513775,1,0.0983650754794167,0.105717761840721,0.536420892081496,0.576701189746319
8.1,2.5,3.46410161513775,1,0.0983842060659958,0.105717761840721,0.536431529908952,0.57670134885923
8.105,2.5,3.46410161513775,1,0.0984032868776598,0.105717761840721,0.536442721154406,0.576701506990953
8.11,2.5,3.46410161513775,1,0.0984223180439149,0.105717761840721,0.536454460794745,0.576701664147538
8.115,2.5,3.46410161513775,1,0.0984412996939308,0.105717761840721,0.53646674384189,0.576701820334999
8.12,2.5,3.46410161513775,1,0.0984602319565418,0.105717761840721,0.536479565342511,0.576701975559312
8.125,2.5,3.46410161513775,1,0.0984791149602469,0.105717761840721,0.536492920377997,0.576702129826417
8.13,2.5,3.46410161513775,1,0.0984979488332098,0.105717761840721,0.536506804064541,0.576702283142215
8.135,2.5,3.46410161513775,1,0.098516733703261,0.105717761840721,0.536521211552465,0.576702435512574
8.14,2.5,3.46410161513775,1,0.0985354696978992,0.105717761840721,0.536536138025953,0.576702586943324
8.145,2.5,3.46410161513775,1,0.0985541569442914,0.105717761840721,0.536551578703017,0.576702737440259
8.15,2.5,3.46410161513775,1,0.0985727955692724,0.105717761840721,0.536567528835574,0.576702887009137
8.155,2.5,3.46410161513775,1,0.0985913856993478,0.105717761840721,0.536583983708799,0.576703035655681
8.16,2.5,3.46410161513775,1,0.0986099274606943,0.105717761840721,0.536600938640856,0.576703183385579
8.165,2.5,3.46410161513775,1,0.0986284209791607,0.105717761840721,0.536618388982869,0.576703330204483
8.17,2.5,3.46410161513775,1,0.098646866380267,0.105717761840721,0.536636330118996,0.576703476118012
8.175,2.5,3.46410161513775,1,0.0986652637892071,0.105717761840721,0.536654757465799,0.576703621131748
8.18,2.5,3.46410161513775,1,0.0986836133308499,0.105717761840721,0.536673666471979,0.576703765251241
8.185,2.5,3.46410161513775,1,0.0987019151297393,0.105717761840721,0.536693052618349,0.576703908482003
8.19,2.5,3.46410161513775,1,0.0987201693100942,0.105717761840721,0.53671291141791,0.576704050829517
8.195,2.5,3.46410161513775,1,0.0987383759958106,0.105717761840721,0.536733238415229,0.576704192299229
8.2,2.5,3.46410161513775,1,0.098756535310463,0.105717761840721,0.53675402918619,0.576704332896551
8.20499999999999,2.5,3.46410161513775,1,0.098774647377304,0.105717761840721,0.536775279337959,0.576704472626864
8.21,2.5,3.46410161513775,1,0.0987927123192648,0.105717761840721,0.536796984509063,0.576704611495513
8.215,2.5,3.46410161513775,1,0.0988107302589571,0.105717761840721,0.536819140368783,0.576704749507813
8.22,2.5,3.46410161513775,1,0.0988287013186741,0.105717761840721,0.536841742616908,0.576704886669044
8.22499999999999,2.5,3.46410161513775,1,0.0988466256203909,0.105717761840721,0.536864786983707,0.576705022984455
8.23,2.5,3.46410161513775,1,0.0988645032857641,0.105717761840721,0.53688826923,0.576705158459261
8.235,2.5,3.46410161513775,1,0.0988823344361344,0.105717761840721,0.53691218514657,0.576705293098646
8.23999999999999,2.5,3.46410161513775,1,0.0989001191925271,0.105717761840721,0.53693653055392,0.576705426907761
8.24499999999999,2.5,3.46410161513775,1,0.098917857675653,0.105717761840721,0.536961301302249,0.576705559891728
8.24999999999999,2.5,3.46410161513775,1,0.0989355500059075,0.105717761840721,0.536986493271519,0.576705692055633
8.255,2.5,3.46410161513775,1,0.0989531963033731,0.105717761840721,0.537012102370883,0.576705823404534
8.25999999999999,2.5,3.46410161513775,1,0.0989707966878207,0.105717761840721,0.537038124538446,0.576705953943458
8.26499999999999,2.5,3.46410161513775,1,0.0989883512787096,0.105717761840721,0.537064555741246,0.576706083677398
8.26999999999999,2.5,3.46410161513775,1,0.099005860195187,0.105717761840721,0.537091391975313,0.576706212611318
8.275,2.5,3.46410161513775,1,0.0990233235560908,0.105717761840721,0.537118629265114,0.576706340750153
8.27999999999999,2.5,3.46410161513775,1,0.0990407414799501,0.105717761840721,0.537146263663327,0.576706468098805
8.28499999999999,2.5,3.46410161513775,1,0.0990581140849856,0.105717761840721,0.537174291250808,0.576706594662146
8.28999999999999,2.5,3.46410161513775,1,0.0990754414891096,0.105717761840721,0.537202708136661,0.57670672044502
8.29499999999999,2.5,3.46410161513775,1,0.0990927238099279,0.105717761840721,0.537231510457693,0.57670684545224
8.29999999999999,2.5,3.46410161513775,1,0.0991099611647407,0.105717761840721,0.537260694378191,0.576706969688588
8.30499999999999,2.5,3.46410161513775,1,0.0991271536705435,0.105717761840721,0.537290256089893,0.576707093158819
8.30999999999999,2.5,3.46410161513775,1,0.0991443014440258,0.105717761840721,0.537320191812055,0.576707215867656
8.31499999999999,2.5,3.46410161513775,1,0.0991614046015744,0.105717761840721,0.537350497790921,0.576707337819795
8.31999999999999,2.5,3.46410161513775,1,0.0991784632592736,0.105717761840721,0.537381170299501,0.576707459019901
8.32499999999999,2.5,3.46410161513775,1,0.0991954775329056,0.105717761840721,0.537412205637551,0.576707579472614
8.32999999999999,2.5,3.46410161513775,1,0.0992124475379507,0.105717761840721,0.53744360013163,0.576707699182541
8.33499999999999,2.5,3.46410161513775,1,0.0992293733895888,0.105717761840721,0.537475350134586,0.576707818154263
8.33999999999999,2.5,3.46410161513775,1,0.0992462552027008,0.105717761840721,0.537507452025344,0.576707936392332
8.34499999999999,2.5,3.46410161513775,1,0.0992630930918688,0.105717761840721,0.537539902208879,0.576708053901272
8.34999999999999,2.5,3.46410161513775,1,0.0992798871713758,0.105717761840721,0.537572697116278,0.57670817068558
8.35499999999999,2.5,3.46410161513775,1,0.0992966375552076,0.105717761840721,0.537605833204236,0.576708286749724
8.35999999999999,2.5,3.46410161513775,1,0.0993133443570542,0.105717761840721,0.537639306954847,0.576708402098145
8.36499999999999,2.5,3.46410161513775,1,0.0993300076903099,0.105717761840721,0.537673114875583,0.576708516735256
8.36999999999999,2.5,3.46410161513775,1,0.0993466276680728,0.105717761840721,0.537707253499349,0.576708630665445
8.37499999999999,2.5,3.46410161513775,1,0.0993632044031472,0.105717761840721,0.537741719383998,0.57670874389307
8.37999999999999,2.5,3.46410161513775,1,0.0993797380080444,0.105717761840721,0.537776509112119,0.576708856422464
8.38499999999999,2.5,3.46410161513775,1,0.0993962285949831,0.105717761840721,0.537811619291024,0.576708968257932
8.38999999999999,2.5,3.46410161513775,1,0.0994126762758891,0.105717761840721,0.537847046552798,0.576709079403755
8.39499999999999,2.5,3.46410161513775,1,0.099429081162397,0.105717761840721,0.537882787553826,0.576709189864183
8.39999999999999,2.5,3.46410161513775,1,0.0994454433658521,0.105717761840721,0.537918838974588,0.576709299643445
8.40499999999999,2.5,3.46410161513775,1,0.0994617629973095,0.105717761840721,0.537955197519646,0.57670940874574
8.40999999999999,2.5,3.46410161513775,1,0.0994780401675345,0.105717761840721,0.537991859917689,0.576709517175243
8.41499999999999,2.5,3.46410161513775,1,0.0994942749870049,0.105717761840721,0.538028822921079,0.576709624936103
8.41999999999999,2.5,3.46410161513775,1,0.0995104675659111,0.105717761840721,0.538066083305644,0.576709732032444
8.42499999999999,2.5,3.46410161513775,1,0.0995266180141574,0.105717761840721,0.53810363787067,0.576709838468362
8.42999999999999,2.5,3.46410161513775,1,0.0995427264413607,0.105717761840721,0.538141483438944,0.576709944247931
8.43499999999999,2.5,3.46410161513775,1,0.0995587929568532,0.105717761840721,0.538179616856307,0.576710049375198
8.43999999999999,2.5,3.46410161513775,1,0.0995748176696834,0.105717761840721,0.538218034991462,0.576710153854186
8.44499999999999,2.5,3.46410161513775,1,0.099590800688616,0.105717761840721,0.538256734735954,0.576710257688892
8.44999999999999,2.5,3.46410161513775,1,0.0996067421221315,0.105717761840721,0.538295713004222,0.57671036088329
8.45499999999999,2.5,3.46410161513775,1,0.0996226420784287,0.105717761840721,0.538334966733158,0.576710463441327
8.45999999999999,2.5,3.46410161513775,1,0.0996385006654257,0.105717761840721,0.53837449288192,0.576710565366928
8.46499999999999,2.5,3.46410161513775,1,0.0996543179907595,0.105717761840721,0.538414288431914,0.576710666663993
8.46999999999999,2.5,3.46410161513775,1,0.0996700941617861,0.105717761840721,0.538454350386846,0.576710767336398
8.47499999999999,2.5,3.46410161513775,1,0.0996858292855827,0.105717761840721,0.538494675772288,0.576710867387996
8.47999999999999,2.5,3.46410161513775,1,0.0997015234689484,0.105717761840721,0.538535261635499,0.576710966822613
8.48499999999999,2.5,3.46410161513775,1,0.0997171768184046,0.105717761840721,0.538576105045406,0.576711065644056
8.48999999999999,2.5,3.46410161513775,1,0.0997327894401941,0.105717761840721,0.538617203092655,0.576711163856104
8.49499999999999,2.5,3.46410161513775,1,0.0997483614402843,0.105717761840721,0.538658552889189,0.576711261462517
8.49999999999999,2.5,3.46410161513775,1,0.099763892924367,0.105717761840721,0.538700151568071,0.576711358467029
8.50499999999999,2.5,3.46410161513775,1,0.0997793839978591,0.105717761840721,0.538741996283468,0.576711454873351
8.50999999999999,2.5,3.46410161513775,1,0.0997948347659025,0.105717761840721,0.5387840842107,0.576711550685172
8.51499999999999,2.5,3.46410161513775,1,0.0998102453333656,0.105717761840721,0.538826412545827,0.576711645906159
8.51999999999999,2.5,3.46410161513775,1,0.0998256158048447,0.105717761840721,0.538868978505479,0.576711740539954
8.52499999999999,2.5,3.46410161513775,1,0.0998409462846639,0.105717761840721,0.538911779326838,0.57671183459018
8.52999999999999,2.5,3.46410161513775,1,0.0998562368768749,0.105717761840721,0.538954812267687,0.576711928060433
8.53499999999999,2.5,3.46410161513775,1,0.0998714876852592,0.105717761840721,0.538998074606008,0.576712020954292
8.53999999999999,2.5,3.46410161513775,1,0.0998866988133286,0.105717761840721,0.539041563639815,0.57671211327531
8.54499999999999,2.5,3.46410161513775,1,0.0999018703643257,0.105717761840721,0.539085276687137,0.57671220502702
8.54999999999999,2.5,3.46410161513775,1,0.0999170024412236,0.105717761840721,0.539129211086066,0.576712296212932
8.55499999999999,2.5,3.46410161513775,1,0.0999320951467279,0.105717761840721,0.539173364194364,0.576712386836536
8.55999999999999,2.5,3.46410161513775,1,0.0999471485832772,0.105717761840721,0.539217733389302,0.576712476901298
8.56499999999999,2.5,3.46410161513775,1,0.0999621628530439,0.105717761840721,0.539262316067643,0.576712566410667
8.56999999999999,2.5,3.46410161513775,1,0.0999771380579336,0.105717761840721,0.539307109645686,0.576712655368065
8.57499999999999,2.5,3.46410161513775,1,0.099992074299587,0.105717761840721,0.539352111558886,0.576712743776897
8.57999999999999,2.5,3.46410161513775,1,0.100006971679381,0.105717761840721,0.539397319261698,0.576712831640546
8.58499999999999,2.5,3.46410161513775,1,0.100021830298429,0.105717761840721,0.539442730227557,0.576712918962374
8.58999999999999,2.5,3.46410161513775,1,0.100036650257579,0.105717761840721,0.539488341948921,0.576713005745721
8.59499999999999,2.5,3.46410161513775,1,0.100051431657419,0.105717761840721,0.539534151936906,0.576713091993909
8.59999999999999,2.5,3.46410161513775,1,0.100066174598275,0.105717761840721,0.539580157721125,0.576713177710238
8.60499999999999,2.5,3.46410161513775,1,0.100080879180212,0.105717761840721,0.539626356849678,0.576713262897987
8.60999999999999,2.5,3.46410161513775,1,0.100095545503032,0.105717761840721,0.539672746889187,0.576713347560416
8.61499999999999,2.5,3.46410161513775,1,0.100110173666282,0.105717761840721,0.539719325424442,0.576713431700764
8.61999999999999,2.5,3.46410161513775,1,0.100124763769245,0.105717761840721,0.539766090058248,0.576713515322251
8.62499999999999,2.5,3.46410161513775,1,0.100139315910951,0.105717761840721,0.539813038411406,0.576713598428077
8.62999999999999,2.5,3.46410161513775,1,0.100153830190167,0.105717761840721,0.539860168122758,0.576713681021421
8.63499999999999,2.5,3.46410161513775,1,0.100168306705407,0.105717761840721,0.539907476848837,0.576713763105443
8.63999999999999,2.5,3.46410161513775,1,0.100182745554926,0.105717761840721,0.539954962263712,0.576713844683285
8.64499999999999,2.5,3.46410161513775,1,0.100197146836726,0.105717761840721,0.540002622058982,0.576713925758068
8.64999999999999,2.5,3.46410161513775,1,0.100211510648551,0.105717761840721,0.540050453943811,0.576714006332894
8.65499999999999,2.5,3.46410161513775,1,0.100225837087893,0.105717761840721,0.540098455644584,0.576714086410846
8.65999999999999,2.5,3.46410161513775,1,0.10024012625199,0.105717761840721,0.540146624904769,0.576714165994988
8.66499999999998,2.5,3.46410161513775,1,0.100254378237827,0.105717761840721,0.540194959484897,0.576714245088365
8.66999999999999,2.5,3.46410161513775,1,0.100268593142135,0.105717761840721,0.540243457162603,0.576714323694003
8.67499999999999,2.5,3.46410161513775,1,0.100282771061394,0.105717761840721,0.540292115732293,0.576714401814911
8.67999999999999,2.5,3.46410161513775,1,0.100296912091835,0.105717761840721,0.540340933005001,0.576714479454078
8.68499999999998,2.5,3.46410161513775,1,0.100311016329438,0.105717761840721,0.540389906808379,0.576714556614473
8.68999999999999,2.5,3.46410161513775,1,0.10032508386993,0.105717761840721,0.540439034986729,0.57671463329905
8.69499999999999,2.5,3.46410161513775,1,0.100339114808793,0.105717761840721,0.540488315400686,0.576714709510743
8.69999999999999,2.5,3.46410161513775,1,0.100353109241259,0.105717761840721,0.540537745927072,0.576714785252467
8.70499999999998,2.5,3.46410161513775,1,0.100367067262311,0.105717761840721,0.540587324458889,0.576714860527122
8.70999999999998,2.5,3.46410161513775,1,0.100380988966687,0.105717761840721,0.540637048905352,0.576714935337587
8.71499999999999,2.5,3.46410161513775,1,0.100394874448877,0.105717761840721,0.540686917191574,0.576715009686724
8.71999999999998,2.5,3.46410161513775,1,0.100408723803126,0.105717761840721,0.540736927258433,0.576715083577378
8.72499999999998,2.5,3.46410161513775,1,0.100422537123434,0.105717761840721,0.540787077062556,0.576715157012378
8.72999999999998,2.5,3.46410161513775,1,0.100436314503555,0.105717761840721,0.540837364576357,0.576715229994532
8.73499999999999,2.5,3.46410161513775,1,0.100450056037001,0.105717761840721,0.540887787787728,0.576715302526633
8.73999999999998,2.5,3.46410161513775,1,0.100463761817038,0.105717761840721,0.540938344699908,0.576715374611457
8.74499999999998,2.5,3.46410161513775,1,0.100477431936693,0.105717761840721,0.540989033331468,0.576715446251761
8.74999999999998,2.5,3.46410161513775,1,0.100491066488747,0.105717761840721,0.541039851716353,0.576715517450287
8.75499999999998,2.5,3.46410161513775,1,0.100504665565743,0.105717761840721,0.541090797903572,0.576715588209759
8.75999999999998,2.5,3.46410161513775,1,0.100518229259981,0.105717761840721,0.541141869957078,0.576715658532885
8.76499999999998,2.5,3.46410161513775,1,0.100531757663522,0.105717761840721,0.54119306595575,0.576715728422355
8.76999999999998,2.5,3.46410161513775,1,0.100545250868188,0.105717761840721,0.541244383993432,0.576715797880844
8.77499999999998,2.5,3.46410161513775,1,0.100558708965559,0.105717761840721,0.541295822178636,0.576715866911009
8.77999999999998,2.5,3.46410161513775,1,0.10057213204698,0.105717761840721,0.541347378634419,0.576715935515491
8.78499999999998,2.5,3.46410161513775,1,0.100585520203559,0.105717761840721,0.541399051498372,0.576716003696916
8.78999999999998,2.5,3.46410161513775,1,0.100598873526162,0.105717761840721,0.541450838922651,0.576716071457892
8.79499999999998,2.5,3.46410161513775,1,0.100612192105424,0.105717761840721,0.541502739073693,0.576716138801012
8.79999999999998,2.5,3.46410161513775,1,0.100625476031741,0.105717761840721,0.541554750132095,0.576716205728854
8.80499999999998,2.5,3.46410161513775,1,0.100638725395276,0.105717761840721,0.5416068702926,0.576716272243977
8.80999999999998,2.5,3.46410161513775,1,0.100651940285954,0.105717761840721,0.541659097764132,0.576716338348927
8.81499999999998,2.5,3.46410161513775,1,0.10066512079347,0.105717761840721,0.541711430769517,0.576716404046232
8.81999999999998,2.5,3.46410161513775,1,0.100678267007284,0.105717761840721,0.541763867545361,0.576716469338409
8.82499999999998,2.5,3.46410161513775,1,0.100691379016622,0.105717761840721,0.541816406342046,0.576716534227953
8.82999999999998,2.5,3.46410161513775,1,0.100704456910479,0.105717761840721,0.541869045423753,0.576716598717348
8.83499999999998,2.5,3.46410161513775,1,0.100717500777618,0.105717761840721,0.541921783068198,0.576716662809062
8.83999999999998,2.5,3.46410161513775,1,0.100730510706573,0.105717761840721,0.541974617566512,0.576716726505548
8.84499999999998,2.5,3.46410161513775,1,0.100743486785645,0.105717761840721,0.542027547223232,0.576716789809241
8.84999999999998,2.5,3.46410161513775,1,0.100756429102906,0.105717761840721,0.54208057035633,0.576716852722565
8.85499999999998,2.5,3.46410161513775,1,0.1007693377462,0.105717761840721,0.542133685296951,0.576716915247927
8.85999999999998,2.5,3.46410161513775,1,0.10078221280314,0.105717761840721,0.542186890389298,0.576716977387718
8.86499999999998,2.5,3.46410161513775,1,0.100795054361115,0.105717761840721,0.542240183990623,0.576717039144318
8.86999999999998,2.5,3.46410161513775,1,0.100807862507284,0.105717761840721,0.542293564471256,0.576717100520089
8.87499999999998,2.5,3.46410161513775,1,0.100820637328577,0.105717761840721,0.542347030214348,0.576717161517378
8.87999999999998,2.5,3.46410161513775,1,0.100833378911702,0.105717761840721,0.542400579615759,0.576717222138521
8.88499999999998,2.5,3.46410161513775,1,0.100846087343141,0.105717761840721,0.542454211084053,0.576717282385837
8.88999999999998,2.5,3.46410161513775,1,0.100858762709148,0.105717761840721,0.542507923040519,0.57671734226163
8.89499999999998,2.5,3.46410161513775,1,0.100871405095754,0.105717761840721,0.542561713918928,0.576717401768193
8.89999999999998,2.5,3.46410161513775,1,0.100884014588767,0.105717761840721,0.542615582165421,0.576717460907801
8.90499999999998,2.5,3.46410161513775,1,0.100896591273772,0.105717761840721,0.542669526238498,0.576717519682719
8.90999999999998,2.5,3.46410161513775,1,0.10090913523613,0.105717761840721,0.542723544609053,0.576717578095194
8.91499999999998,2.5,3.46410161513775,1,0.10092164656098,0.105717761840721,0.54277763576012,0.576717636147461
8.91999999999998,2.5,3.46410161513775,1,0.10093412533324,0.105717761840721,0.542831798186777,0.576717693841743
8.92499999999998,2.5,3.46410161513775,1,0.100946571637608,0.105717761840721,0.542886030396131,0.576717751180246
8.92999999999998,2.5,3.46410161513775,1,0.100958985558559,0.105717761840721,0.542940330907347,0.576717808165165
8.93499999999998,2.5,3.46410161513775,1,0.10097136718035,0.105717761840721,0.54299469825141,0.57671786479868
8.93999999999998,2.5,3.46410161513775,1,0.10098371658702,0.105717761840721,0.543049130971023,0.576717921082957
8.94499999999998,2.5,3.46410161513775,1,0.100996033862386,0.105717761840721,0.543103627620597,0.576717977020151
8.94999999999998,2.5,3.46410161513775,1,0.101008319090051,0.105717761840721,0.543158186766279,0.576718032612402
8.95499999999998,2.5,3.46410161513775,1,0.101020572353396,0.105717761840721,0.543212806985718,0.576718087861837
8.95999999999998,2.5,3.46410161513775,1,0.101032793735589,0.105717761840721,0.543267486867966,0.57671814277057
8.96499999999998,2.5,3.46410161513775,1,0.101044983319579,0.105717761840721,0.54332222501347,0.576718197340702
8.96999999999998,2.5,3.46410161513775,1,0.101057141188102,0.105717761840721,0.543377020034098,0.576718251574321
8.97499999999998,2.5,3.46410161513775,1,0.101069267423674,0.105717761840721,0.543431870552912,0.576718305473502
8.97999999999998,2.5,3.46410161513775,1,0.101081362108601,0.105717761840721,0.543486775204068,0.576718359040307
8.98499999999998,2.5,3.46410161513775,1,0.101093425324973,0.105717761840721,0.543541732632815,0.576718412276787
8.98999999999998,2.5,3.46410161513775,1,0.101105457154666,0.105717761840721,0.543596741495513,0.576718465184978
8.99499999999998,2.5,3.46410161513775,1,0.101117457679344,0.105717761840721,0.543651800459414,0.576718517766904
8.99999999999998,2.5,3.46410161513775,1,0.101129426980457,0.105717761840721,0.543706908202571,0.576718570024578
9.00499999999998,2.5,3.46410161513775,1,0.101141365139245,0.105717761840721,0.543762063413824,0.576718621959998
9.00999999999998,2.5,3.46410161513775,1,0.101153272236735,0.105717761840721,0.543817264792832,0.576718673575153
9.01499999999998,2.5,3.46410161513775,1,0.101165148353745,0.105717761840721,0.543872511049848,0.576718724872018
9.01999999999998,2.5,3.46410161513775,1,0.101176993570879,0.105717761840721,0.543927800905638,0.576718775852554
9.02499999999998,2.5,3.46410161513775,1,0.101188807968537,0.105717761840721,0.543983133091462,0.576718826518713
9.02999999999998,2.5,3.46410161513775,1,0.101200591626905,0.105717761840721,0.544038506349108,0.576718876872433
9.03499999999998,2.5,3.46410161513775,1,0.101212344625961,0.105717761840721,0.544093919430673,0.576718926915641
9.03999999999998,2.5,3.46410161513775,1,0.101224067045478,0.105717761840721,0.544149371098483,0.576718976650252
9.04499999999998,2.5,3.46410161513775,1,0.101235758965018,0.105717761840721,0.544204860125074,0.576719026078168
9.04999999999998,2.5,3.46410161513775,1,0.101247420463938,0.105717761840721,0.544260385293227,0.576719075201282
9.05499999999998,2.5,3.46410161513775,1,0.101259051621388,0.105717761840721,0.544315945395754,0.576719124021472
9.05999999999998,2.5,3.46410161513775,1,0.101270652516311,0.105717761840721,0.544371539235416,0.576719172540607
9.06499999999998,2.5,3.46410161513775,1,0.101282223227447,0.105717761840721,0.544427165624913,0.576719220760544
9.06999999999998,2.5,3.46410161513775,1,0.101293763833329,0.105717761840721,0.544482823386909,0.576719268683126
9.07499999999998,2.5,3.46410161513775,1,0.101305274412286,0.105717761840721,0.544538511353828,0.576719316310188
9.07999999999998,2.5,3.46410161513775,1,0.101316755042443,0.105717761840721,0.544594228367776,0.576719363643553
9.08499999999998,2.5,3.46410161513775,1,0.101328205801724,0.105717761840721,0.544649973280527,0.576719410685031
9.08999999999998,2.5,3.46410161513775,1,0.101339626767848,0.105717761840721,0.54470574495355,0.576719457436422
9.09499999999998,2.5,3.46410161513775,1,0.101351018018331,0.105717761840721,0.544761542257809,0.576719503899515
9.09999999999998,2.5,3.46410161513775,1,0.10136237963049,0.105717761840721,0.544817364073688,0.576719550076088
9.10499999999998,2.5,3.46410161513775,1,0.101373711681439,0.105717761840721,0.544873209290975,0.576719595967908
9.10999999999998,2.5,3.46410161513775,1,0.101385014248092,0.105717761840721,0.544929076808892,0.576719641576731
9.11499999999998,2.5,3.46410161513775,1,0.101396287407162,0.105717761840721,0.544984965535897,0.576719686904302
9.11999999999998,2.5,3.46410161513775,1,0.101407531235165,0.105717761840721,0.545040874389613,0.576719731952355
9.12499999999998,2.5,3.46410161513775,1,0.101418745808414,0.105717761840721,0.545096802296812,0.576719776722615
9.12999999999998,2.5,3.46410161513775,1,0.101429931203026,0.105717761840721,0.54515274819344,0.576719821216793
9.13499999999998,2.5,3.46410161513775,1,0.10144108749492,0.105717761840721,0.545208711024434,0.576719865436592
9.13999999999998,2.5,3.46410161513775,1,0.101452214759816,0.105717761840721,0.545264689743639,0.576719909383706
9.14499999999997,2.5,3.46410161513775,1,0.10146331307324,0.105717761840721,0.545320683313807,0.576719953059814
9.14999999999998,2.5,3.46410161513775,1,0.101474382510517,0.105717761840721,0.545376690706612,0.576719996466588
9.15499999999998,2.5,3.46410161513775,1,0.101485423146779,0.105717761840721,0.545432710902471,0.57672003960569
9.15999999999998,2.5,3.46410161513775,1,0.101496435056962,0.105717761840721,0.54548874289047,0.576720082478769
9.16499999999997,2.5,3.46410161513775,1,0.101507418315808,0.105717761840721,0.545544785668357,0.576720125087467
9.16999999999998,2.5,3.46410161513775,1,0.101518372997862,0.105717761840721,0.545600838242559,0.576720167433413
9.17499999999998,2.5,3.46410161513775,1,0.101529299177477,0.105717761840721,0.545656899628009,0.576720209518228
9.17999999999997,2.5,3.46410161513775,1,0.101540196928812,0.105717761840721,0.545712968848071,0.576720251343522
9.18499999999997,2.5,3.46410161513775,1,0.101551066325834,0.105717761840721,0.545769044934533,0.576720292910896
9.18999999999997,2.5,3.46410161513775,1,0.101561907442316,0.105717761840721,0.545825126927627,0.576720334221939
9.19499999999998,2.5,3.46410161513775,1,0.10157272035184,0.105717761840721,0.545881213875858,0.576720375278233
9.19999999999997,2.5,3.46410161513775,1,0.101583505127795,0.105717761840721,0.54593730483593,0.576720416081349
9.20499999999997,2.5,3.46410161513775,1,0.101594261843382,0.105717761840721,0.545993398872743,0.576720456632848
9.20999999999997,2.5,3.46410161513775,1,0.101604990571609,0.105717761840721,0.546049495059408,0.576720496934282
9.21499999999997,2.5,3.46410161513775,1,0.101615691385295,0.105717761840721,0.546105592477082,0.576720536987191
9.21999999999997,2.5,3.46410161513775,1,0.101626364357069,0.105717761840721,0.546161690214898,0.57672057679311
9.22499999999997,2.5,3.46410161513775,1,0.101637009559373,0.105717761840721,0.546217787369959,0.576720616353562
9.22999999999997,2.5,3.46410161513775,1,0.101647627064458,0.105717761840721,0.546273883047353,0.576720655670059
9.23499999999997,2.5,3.46410161513775,1,0.101658216944387,0.105717761840721,0.546329976359996,0.576720694744106
9.23999999999997,2.5,3.46410161513775,1,0.101668779271038,0.105717761840721,0.54638606642856,0.576720733577199
9.24499999999997,2.5,3.46410161513775,1,0.101679314116101,0.105717761840721,0.546442152381464,0.576720772170823
9.24999999999997,2.5,3.46410161513775,1,0.101689821551077,0.105717761840721,0.546498233354899,0.576720810526455
9.25499999999997,2.5,3.46410161513775,1,0.101700301647284,0.105717761840721,0.546554308492665,0.576720848645563
9.25999999999997,2.5,3.46410161513775,1,0.101710754475853,0.105717761840721,0.546610376946104,0.576720886529604
9.26499999999997,2.5,3.46410161513775,1,0.101721180107731,0.105717761840721,0.546666437874096,0.57672092418003
9.26999999999997,2.5,3.46410161513775,1,0.10173157861368,0.105717761840721,0.546722490443074,0.576720961598279
9.27499999999997,2.5,3.46410161513775,1,0.101741950064276,0.105717761840721,0.546778533826873,0.576720998785785
9.27999999999997,2.5,3.46410161513775,1,0.101752294529914,0.105717761840721,0.546834567206662,0.57672103574397
9.28499999999997,2.5,3.46410161513775,1,0.101762612080805,0.105717761840721,0.546890589770938,0.576721072474248
9.28999999999997,2.5,3.46410161513775,1,0.101772902786977,0.105717761840721,0.546946600715547,0.576721108978024
9.29499999999997,2.5,3.46410161513775,1,0.101783166718275,0.105717761840721,0.547002599243529,0.576721145256695
9.29999999999997,2.5,3.46410161513775,1,0.101793403944364,0.105717761840721,0.547058584565056,0.57672118131165
9.30499999999997,2.5,3.46410161513775,1,0.101803614534727,0.105717761840721,0.547114555897427,0.576721217144268
9.30999999999997,2.5,3.46410161513775,1,0.101813798558667,0.105717761840721,0.547170512465084,0.57672125275592
9.31499999999997,2.5,3.46410161513775,1,0.101823956085304,0.105717761840721,0.547226453499468,0.576721288147969
9.31999999999997,2.5,3.46410161513775,1,0.101834087183581,0.105717761840721,0.547282378238951,0.576721323321768
9.32499999999997,2.5,3.46410161513775,1,0.10184419192226,0.105717761840721,0.547338285928837,0.576721358278664
9.32999999999997,2.5,3.46410161513775,1,0.101854270369926,0.105717761840721,0.547394175821374,0.576721393019995
9.33499999999997,2.5,3.46410161513775,1,0.101864322594983,0.105717761840721,0.547450047175615,0.576721427547089
9.33999999999997,2.5,3.46410161513775,1,0.10187434866566,0.105717761840721,0.547505899257352,0.576721461861267
9.34499999999997,2.5,3.46410161513775,1,0.101884348650005,0.105717761840721,0.547561731339118,0.576721495963844
9.34999999999997,2.5,3.46410161513775,1,0.101894322615891,0.105717761840721,0.547617542700194,0.576721529856122
9.35499999999997,2.5,3.46410161513775,1,0.101904270631014,0.105717761840721,0.54767333262648,0.576721563539401
9.35999999999997,2.5,3.46410161513775,1,0.101914192762895,0.105717761840721,0.547729100410426,0.576721597014967
9.36499999999997,2.5,3.46410161513775,1,0.101924089078878,0.105717761840721,0.547784845351036,0.576721630284103
9.36999999999997,2.5,3.46410161513775,1,0.101933959646132,0.105717761840721,0.547840566753877,0.57672166334808
9.37499999999997,2.5,3.46410161513775,1,0.10194380453165,0.105717761840721,0.547896263930944,0.576721696208165
9.37999999999997,2.5,3.46410161513775,1,0.101953623802254,0.105717761840721,0.547951936200608,0.576721728865614
9.38499999999997,2.5,3.46410161513775,1,0.10196341752459,0.105717761840721,0.548007582887604,0.576721761321677
9.38999999999997,2.5,3.46410161513775,1,0.101973185765129,0.105717761840721,0.548063203323051,0.576721793577596
9.39499999999997,2.5,3.46410161513775,1,0.101982928590172,0.105717761840721,0.548118796844318,0.576721825634606
9.39999999999997,2.5,3.46410161513775,1,0.101992646065847,0.105717761840721,0.548174362794966,0.576721857493932
9.40499999999997,2.5,3.46410161513775,1,0.102002338258108,0.105717761840721,0.548229900524749,0.576721889156794
9.40999999999997,2.5,3.46410161513775,1,0.102012005232739,0.105717761840721,0.548285409389622,0.576721920624403
9.41499999999997,2.5,3.46410161513775,1,0.102021647055353,0.105717761840721,0.548340888751617,0.576721951897963
9.41999999999997,2.5,3.46410161513775,1,0.102031263791391,0.105717761840721,0.548396337978787,0.576721982978672
9.42499999999997,2.5,3.46410161513775,1,0.102040855506125,0.105717761840721,0.548451756445201,0.576722013867718
9.42999999999997,2.5,3.46410161513775,1,0.102050422264657,0.105717761840721,0.548507143530956,0.576722044566283
9.43499999999997,2.5,3.46410161513775,1,0.102059964131918,0.105717761840721,0.548562498622058,0.576722075075541
9.43999999999997,2.5,3.46410161513775,1,0.102069481172673,0.105717761840721,0.548617821110363,0.576722105396661
9.44499999999997,2.5,3.46410161513775,1,0.102078973451516,0.105717761840721,0.548673110393573,0.576722135530802
9.44999999999997,2.5,3.46410161513775,1,0.102088441032874,0.105717761840721,0.548728365875254,0.576722165479118
9.45499999999997,2.5,3.46410161513775,1,0.102097883981005,0.105717761840721,0.54878358696471,0.576722195242753
9.45999999999997,2.5,3.46410161513775,1,0.102107302360003,0.105717761840721,0.54883877307693,0.576722224822848
9.46499999999997,2.5,3.46410161513775,1,0.102116696233792,0.105717761840721,0.548893923632591,0.576722254220534
9.46999999999997,2.5,3.46410161513775,1,0.102126065666131,0.105717761840721,0.548949038058062,0.576722283436935
9.47499999999997,2.5,3.46410161513775,1,0.102135410720613,0.105717761840721,0.549004115785292,0.576722312473171
9.47999999999997,2.5,3.46410161513775,1,0.102144731460665,0.105717761840721,0.549059156251755,0.576722341330351
9.48499999999997,2.5,3.46410161513775,1,0.102154027949551,0.105717761840721,0.54911415890045,0.576722370009579
9.48999999999997,2.5,3.46410161513775,1,0.102163300250367,0.105717761840721,0.549169123179911,0.576722398511954
9.49499999999997,2.5,3.46410161513775,1,0.102172548426048,0.105717761840721,0.549224048544091,0.576722426838566
9.49999999999997,2.5,3.46410161513775,1,0.102181772539363,0.105717761840721,0.549278934452316,0.576722454990499
9.50499999999997,2.5,3.46410161513775,1,0.102190972652921,0.105717761840721,0.549333780369277,0.576722482968829
9.50999999999997,2.5,3.46410161513775,1,0.102200148829163,0.105717761840721,0.549388585765045,0.576722510774628
9.51499999999997,2.5,3.46410161513775,1,0.102209301130371,0.105717761840721,0.549443350114958,0.576722538408959
9.51999999999997,2.5,3.46410161513775,1,0.102218429618665,0.105717761840721,0.549498072899572,0.57672256587288
9.52499999999997,2.5,3.46410161513775,1,0.102227534356003,0.105717761840721,0.54955275360466,0.576722593167441
9.52999999999997,2.5,3.46410161513775,1,0.10223661540418,0.105717761840721,0.549607391721218,0.576722620293688
9.53499999999997,2.5,3.46410161513775,1,0.102245672824832,0.105717761840721,0.549661986745363,0.576722647252657
9.53999999999997,2.5,3.46410161513775,1,0.102254706679435,0.105717761840721,0.549716538178281,0.576722674045381
9.54499999999997,2.5,3.46410161513775,1,0.102263717029304,0.105717761840721,0.549771045526225,0.576722700672884
9.54999999999997,2.5,3.46410161513775,1,0.102272703935595,0.105717761840721,0.549825508300527,0.576722727136185
9.55499999999997,2.5,3.46410161513775,1,0.102281667459304,0.105717761840721,0.549879926017488,0.576722753436298
9.55999999999997,2.5,3.46410161513775,1,0.102290607661269,0.105717761840721,0.54993429819834,0.576722779574228
9.56499999999997,2.5,3.46410161513775,1,0.10229952460217,0.105717761840721,0.549988624369234,0.576722805550975
9.56999999999997,2.5,3.46410161513775,1,0.10230841834253,0.105717761840721,0.550042904061255,0.576722831367534
9.57499999999997,2.5,3.46410161513775,1,0.102317288942711,0.105717761840721,0.55009713681032,0.576722857024892
9.57999999999997,2.5,3.46410161513775,1,0.102326136462922,0.105717761840721,0.550151322157129,0.576722882524031
9.58499999999997,2.5,3.46410161513775,1,0.102334960963213,0.105717761840721,0.550205459647167,0.576722907865927
9.58999999999997,2.5,3.46410161513775,1,0.102343762503478,0.105717761840721,0.55025954883071,0.576722933051549
9.59499999999997,2.5,3.46410161513775,1,0.102352541143456,0.105717761840721,0.550313589262726,0.57672295808186
9.59999999999997,2.5,3.46410161513775,1,0.102361296942731,0.105717761840721,0.550367580502831,0.57672298295782
9.60499999999996,2.5,3.46410161513775,1,0.10237002996073,0.105717761840721,0.550421522115289,0.576723007680379
9.60999999999997,2.5,3.46410161513775,1,0.102378740256726,0.105717761840721,0.550475413669017,0.576723032250483
9.61499999999997,2.5,3.46410161513775,1,0.102387427889839,0.105717761840721,0.550529254737489,0.576723056669074
9.61999999999997,2.5,3.46410161513775,1,0.102396092919034,0.105717761840721,0.550583044898698,0.576723080937084
9.62499999999996,2.5,3.46410161513775,1,0.102404735403124,0.105717761840721,0.550636783735144,0.576723105055442
9.62999999999997,2.5,3.46410161513775,1,0.102413355400767,0.105717761840721,0.550690470833854,0.576723129025072
9.63499999999997,2.5,3.46410161513775,1,0.102421952970469,0.105717761840721,0.550744105786276,0.576723152846891
9.63999999999997,2.5,3.46410161513775,1,0.102430528170586,0.105717761840721,0.550797688188248,0.576723176521809
9.64499999999996,2.5,3.46410161513775,1,0.102439081059318,0.105717761840721,0.550851217639987,0.576723200050734
9.64999999999996,2.5,3.46410161513775,1,0.102447611694718,0.105717761840721,0.550904693746103,0.576723223434564
9.65499999999997,2.5,3.46410161513775,1,0.102456120134684,0.105717761840721,0.550958116115506,0.576723246674195
9.65999999999996,2.5,3.46410161513775,1,0.102464606436966,0.105717761840721,0.551011484361362,0.576723269770517
9.66499999999996,2.5,3.46410161513775,1,0.102473070659163,0.105717761840721,0.551064798101095,0.576723292724413
9.66999999999996,2.5,3.46410161513775,1,0.102481512858724,0.105717761840721,0.551118056956393,0.57672331553676
9.67499999999997,2.5,3.46410161513775,1,0.102489933092949,0.105717761840721,0.551171260553118,0.576723338208433
9.67999999999996,2.5,3.46410161513775,1,0.102498331418987,0.105717761840721,0.551224408521268,0.576723360740298
9.68499999999996,2.5,3.46410161513775,1,0.102506707893842,0.105717761840721,0.551277500494974,0.576723383133218
9.68999999999996,2.5,3.46410161513775,1,0.102515062574366,0.105717761840721,0.551330536112508,0.576723405388049
9.69499999999996,2.5,3.46410161513775,1,0.102523395517265,0.105717761840721,0.551383515016194,0.576723427505643
9.69999999999996,2.5,3.46410161513775,1,0.102531706779096,0.105717761840721,0.551436436852375,0.576723449486847
9.70499999999996,2.5,3.46410161513775,1,0.102539996416272,0.105717761840721,0.551489301271402,0.576723471332501
9.70999999999996,2.5,3.46410161513775,1,0.102548264485056,0.105717761840721,0.551542107927651,0.576723493043441
9.71499999999996,2.5,3.46410161513775,1,0.102556511041566,0.105717761840721,0.551594856479431,0.576723514620498
9.71999999999996,2.5,3.46410161513775,1,0.102564736141773,0.105717761840721,0.551647546588951,0.576723536064498
9.72499999999996,2.5,3.46410161513775,1,0.102572939841503,0.105717761840721,0.551700177922315,0.576723557376261
9.72999999999996,2.5,3.46410161513775,1,0.102581122196438,0.105717761840721,0.55175275014953,0.576723578556603
9.73499999999996,2.5,3.46410161513775,1,0.102589283262113,0.105717761840721,0.551805262944426,0.576723599606333
9.73999999999996,2.5,3.46410161513775,1,0.10259742309392,0.105717761840721,0.551857715984616,0.576723620526258
9.74499999999996,2.5,3.46410161513775,1,0.102605541747106,0.105717761840721,0.551910108951495,0.576723641317178
9.74999999999996,2.5,3.46410161513775,1,0.102613639276774,0.105717761840721,0.551962441530249,0.576723661979888
9.75499999999996,2.5,3.46410161513775,1,0.102621715737886,0.105717761840721,0.552014713409771,0.576723682515179
9.75999999999996,2.5,3.46410161513775,1,0.102629771185257,0.105717761840721,0.55206692428263,0.576723702923837
9.76499999999996,2.5,3.46410161513775,1,0.102637805673564,0.105717761840721,0.552119073845063,0.576723723206642
9.76999999999996,2.5,3.46410161513775,1,0.102645819257337,0.105717761840721,0.552171161796989,0.576723743364372
9.77499999999996,2.5,3.46410161513775,1,0.102653811990968,0.105717761840721,0.552223187841925,0.576723763397796
9.77999999999996,2.5,3.46410161513775,1,0.102661783928706,0.105717761840721,0.552275151686955,0.576723783307682
9.78499999999996,2.5,3.46410161513775,1,0.102669735124657,0.105717761840721,0.552327053042725,0.576723803094791
9.78999999999996,2.5,3.46410161513775,1,0.10267766563279,0.105717761840721,0.552378891623451,0.576723822759881
9.79499999999996,2.5,3.46410161513775,1,0.102685575506931,0.105717761840721,0.552430667146846,0.576723842303704
9.79999999999996,2.5,3.46410161513775,1,0.102693464800766,0.105717761840721,0.55248237933408,0.576723861727007
9.80499999999996,2.5,3.46410161513775,1,0.102701333567843,0.105717761840721,0.552534027909782,0.576723881030535
9.80999999999996,2.5,3.46410161513775,1,0.102709181861569,0.105717761840721,0.552585612602049,0.576723900215025
9.81499999999996,2.5,3.46410161513775,1,0.102717009735211,0.105717761840721,0.552637133142365,0.576723919281212
9.81999999999996,2.5,3.46410161513775,1,0.102724817241902,0.105717761840721,0.552688589265573,0.576723938229824
9.82499999999996,2.5,3.46410161513775,1,0.102732604434631,0.105717761840721,0.552739980709874,0.576723957061589
9.82999999999996,2.5,3.46410161513775,1,0.102740371366254,0.105717761840721,0.552791307216828,0.576723975777224
9.83499999999996,2.5,3.46410161513775,1,0.102748118089485,0.105717761840721,0.552842568531288,0.576723994377448
9.83999999999996,2.5,3.46410161513775,1,0.102755844656906,0.105717761840721,0.552893764401365,0.576724012862971
9.84499999999996,2.5,3.46410161513775,1,0.102763551120958,0.105717761840721,0.552944894578424,0.576724031234501
9.84999999999996,2.5,3.46410161513775,1,0.102771237533946,0.105717761840721,0.552995958817095,0.576724049492741
9.85499999999996,2.5,3.46410161513775,1,0.102778903948041,0.105717761840721,0.553046956875199,0.57672406763839
9.85999999999996,2.5,3.46410161513775,1,0.102786550415277,0.105717761840721,0.55309788851372,0.576724085672141
9.86499999999996,2.5,3.46410161513775,1,0.102794176987553,0.105717761840721,0.553148753496797,0.576724103594685
9.86999999999996,2.5,3.46410161513775,1,0.102801783716633,0.105717761840721,0.55319955159174,0.576724121406707
9.87499999999996,2.5,3.46410161513775,1,0.102809370654144,0.105717761840721,0.553250282568951,0.57672413910889
9.87999999999996,2.5,3.46410161513775,1,0.102816937851583,0.105717761840721,0.553300946201901,0.57672415670191
9.88499999999996,2.5,3.46410161513775,1,0.10282448536031,0.105717761840721,0.553351542267126,0.576724174186441
9.88999999999996,2.5,3.46410161513775,1,0.102832013231551,0.105717761840721,0.553402070544231,0.576724191563151
9.89499999999996,2.5,3.46410161513775,1,0.102839521516401,0.105717761840721,0.553452530815827,0.576724208832706
9.89999999999996,2.5,3.46410161513775,1,0.102847010265821,0.105717761840721,0.553502922867498,0.576724225995766
9.90499999999996,2.5,3.46410161513775,1,0.102854479530638,0.105717761840721,0.5535532464878,0.576724243052989
9.90999999999996,2.5,3.46410161513775,1,0.102861929361549,0.105717761840721,0.553603501468271,0.576724260005026
9.91499999999996,2.5,3.46410161513775,1,0.102869359809118,0.105717761840721,0.553653687603358,0.576724276852526
9.91999999999996,2.5,3.46410161513775,1,0.102876770923777,0.105717761840721,0.553703804690397,0.576724293596134
9.92499999999996,2.5,3.46410161513775,1,0.102884162755829,0.105717761840721,0.553753852529605,0.576724310236491
9.92999999999996,2.5,3.46410161513775,1,0.102891535355442,0.105717761840721,0.553803830924087,0.576724326774233
9.93499999999996,2.5,3.46410161513775,1,0.102898888772657,0.105717761840721,0.553853739679775,0.576724343209993
9.93999999999996,2.5,3.46410161513775,1,0.102906223057385,0.105717761840721,0.553903578605399,0.5767243595444
9.94499999999996,2.5,3.46410161513775,1,0.102913538259404,0.105717761840721,0.553953347512482,0.576724375778079
9.94999999999996,2.5,3.46410161513775,1,0.102920834428365,0.105717761840721,0.554003046215353,0.576724391911651
9.95499999999996,2.5,3.46410161513775,1,0.102928111613789,0.105717761840721,0.554052674531078,0.576724407945734
9.95999999999996,2.5,3.46410161513775,1,0.102935369865069,0.105717761840721,0.554102232279435,0.576724423880941
9.96499999999996,2.5,3.46410161513775,1,0.102942609231468,0.105717761840721,0.554151719282914,0.576724439717881
9.96999999999996,2.5,3.46410161513775,1,0.102949829762122,0.105717761840721,0.554201135366721,0.576724455457161
9.97499999999996,2.5,3.46410161513775,1,0.102957031506039,0.105717761840721,0.55425048035872,0.576724471099383
9.97999999999996,2.5,3.46410161513775,1,0.102964214512099,0.105717761840721,0.554299754089403,0.576724486645146
9.98499999999996,2.5,3.46410161513775,1,0.102971378829055,0.105717761840721,0.55434895639189,0.576724502095043
9.98999999999996,2.5,3.46410161513775,1,0.102978524505533,0.105717761840721,0.554398087101937,0.576724517449668
9.99499999999996,2.5,3.46410161513775,1,0.102985651590034,0.105717761840721,0.554447146057873,0.576724532709606
9.99999999999996,2.5,3.46410161513775,1,0.10299276013093,0.105717761840721,0.554496133100577,0.576724547875442
10.005,2.5,3.46410161513775,1,0.102999850176469,0.105717761840721,0.554545048073475,0.576724562947756
10.01,2.5,3.46410161513775,1,0.103006921774774,0.105717761840721,0.554593890822548,0.576724577927125
10.015,2.5,3.46410161513775,1,0.103013974973841,0.105717761840721,0.554642661196271,0.576724592814121
10.02,2.5,3.46410161513775,1,0.103021009821542,0.105717761840721,0.554691359045591,0.576724607609316
10.025,2.5,3.46410161513775,1,0.103028026365626,0.105717761840721,0.554739984223925,0.576724622313274
10.03,2.5,3.46410161513775,1,0.103035024653714,0.105717761840721,0.554788536587163,0.576724636926559
10.035,2.5,3.46410161513775,1,0.103042004733307,0.105717761840721,0.554837015993615,0.576724651449729
10.04,2.5,3.46410161513775,1,0.103048966651781,0.105717761840721,0.554885422303986,0.57672466588334
10.045,2.5,3.46410161513775,1,0.103055910456387,0.105717761840721,0.554933755381373,0.576724680227945
10.05,2.5,3.46410161513775,1,0.103062836194256,0.105717761840721,0.554982015091273,0.576724694484092
10.055,2.5,3.46410161513775,1,0.103069743912394,0.105717761840721,0.555030201301525,0.576724708652327
10.06,2.5,3.46410161513775,1,0.103076633657686,0.105717761840721,0.555078313882289,0.576724722733192
10.065,2.5,3.46410161513775,1,0.103083505476895,0.105717761840721,0.555126352706046,0.576724736727225
10.07,2.5,3.46410161513775,1,0.103090359416661,0.105717761840721,0.555174317647598,0.576724750634963
10.075,2.5,3.46410161513775,1,0.103097195523504,0.105717761840721,0.555222208584019,0.576724764456937
10.08,2.5,3.46410161513775,1,0.103104013843823,0.105717761840721,0.555270025394633,0.576724778193676
10.085,2.5,3.46410161513775,1,0.103110814423896,0.105717761840721,0.555317767961008,0.576724791845706
10.09,2.5,3.46410161513775,1,0.10311759730988,0.105717761840721,0.555365436166964,0.57672480541355
10.095,2.5,3.46410161513775,1,0.103124362547813,0.105717761840721,0.555413029898523,0.576724818897725
10.1,2.5,3.46410161513775,1,0.103131110183611,0.105717761840721,0.555460549043883,0.576724832298749
10.105,2.5,3.46410161513775,1,0.103137840263074,0.105717761840721,0.555507993493418,0.576724845617134
10.11,2.5,3.46410161513775,1,0.10314455283188,0.105717761840721,0.555555363139685,0.57672485885339
10.115,2.5,3.46410161513775,1,0.103151247935589,0.105717761840721,0.555602657877371,0.576724872008022
10.12,2.5,3.46410161513775,1,0.103157925619643,0.105717761840721,0.555649877603271,0.576724885081535
10.125,2.5,3.46410161513775,1,0.103164585929366,0.105717761840721,0.555697022216289,0.576724898074429
10.13,2.5,3.46410161513775,1,0.103171228909961,0.105717761840721,0.555744091617443,0.576724910987201
10.135,2.5,3.46410161513775,1,0.103177854606518,0.105717761840721,0.555791085709812,0.576724923820344
10.14,2.5,3.46410161513775,1,0.103184463064007,0.105717761840721,0.555838004398519,0.576724936574351
10.145,2.5,3.46410161513775,1,0.103191054327281,0.105717761840721,0.555884847590729,0.576724949249708
10.15,2.5,3.46410161513775,1,0.103197628441077,0.105717761840721,0.55593161519565,0.576724961846901
10.155,2.5,3.46410161513775,1,0.103204185450016,0.105717761840721,0.555978307124493,0.576724974366413
10.16,2.5,3.46410161513775,1,0.103210725398601,0.105717761840721,0.556024923290442,0.576724986808721
10.165,2.5,3.46410161513775,1,0.103217248331221,0.105717761840721,0.556071463608659,0.576724999174302
10.17,2.5,3.46410161513775,1,0.10322375429215,0.105717761840721,0.556117927996288,0.57672501146363
10.175,2.5,3.46410161513775,1,0.103230243325544,0.105717761840721,0.556164316372407,0.576725023677174
10.18,2.5,3.46410161513775,1,0.103236715475447,0.105717761840721,0.556210628658009,0.576725035815402
10.185,2.5,3.46410161513775,1,0.103243170785788,0.105717761840721,0.556256864775998,0.576725047878778
10.19,2.5,3.46410161513775,1,0.10324960930038,0.105717761840721,0.556303024651199,0.576725059867764
10.195,2.5,3.46410161513775,1,0.103256031062922,0.105717761840721,0.556349108210306,0.576725071782818
10.2,2.5,3.46410161513775,1,0.103262436117003,0.105717761840721,0.55639511538187,0.576725083624397
10.205,2.5,3.46410161513775,1,0.103268824506093,0.105717761840721,0.556441046096292,0.576725095392953
10.21,2.5,3.46410161513775,1,0.103275196273554,0.105717761840721,0.556486900285828,0.576725107088937
10.215,2.5,3.46410161513775,1,0.103281551462632,0.105717761840721,0.556532677884548,0.576725118712797
10.22,2.5,3.46410161513775,1,0.103287890116462,0.105717761840721,0.556578378828315,0.576725130264976
10.225,2.5,3.46410161513775,1,0.103294212278066,0.105717761840721,0.556624003054784,0.576725141745918
10.23,2.5,3.46410161513775,1,0.103300517990354,0.105717761840721,0.556669550503406,0.576725153156061
10.235,2.5,3.46410161513775,1,0.103306807296124,0.105717761840721,0.556715021115387,0.576725164495843
10.24,2.5,3.46410161513775,1,0.103313080238065,0.105717761840721,0.556760414833667,0.576725175765696
10.245,2.5,3.46410161513775,1,0.103319336858753,0.105717761840721,0.556805731602919,0.576725186966052
10.25,2.5,3.46410161513775,1,0.103325577200652,0.105717761840721,0.556850971369556,0.57672519809734
10.255,2.5,3.46410161513775,1,0.103331801306118,0.105717761840721,0.556896134081686,0.576725209159986
10.26,2.5,3.46410161513775,1,0.103338009217395,0.105717761840721,0.556941219689098,0.576725220154413
10.265,2.5,3.46410161513775,1,0.103344200976619,0.105717761840721,0.556986228143256,0.576725231081041
10.27,2.5,3.46410161513775,1,0.103350376625814,0.105717761840721,0.557031159397305,0.576725241940289
10.275,2.5,3.46410161513775,1,0.103356536206897,0.105717761840721,0.557076013406034,0.576725252732572
10.28,2.5,3.46410161513775,1,0.103362679761675,0.105717761840721,0.557120790125853,0.576725263458303
10.285,2.5,3.46410161513775,1,0.103368807331844,0.105717761840721,0.557165489514795,0.576725274117893
10.29,2.5,3.46410161513775,1,0.103374918958996,0.105717761840721,0.557210111532519,0.576725284711749
10.295,2.5,3.46410161513775,1,0.103381014684611,0.105717761840721,0.557254656140272,0.576725295240277
10.3,2.5,3.46410161513775,1,0.103387094550062,0.105717761840721,0.55729912330087,0.57672530570388
10.3049999999999,2.5,3.46410161513775,1,0.103393158596616,0.105717761840721,0.557343512978697,0.576725316102958
10.31,2.5,3.46410161513775,1,0.103399206865431,0.105717761840721,0.557387825139712,0.576725326437908
10.315,2.5,3.46410161513775,1,0.103405239397558,0.105717761840721,0.557432059751407,0.576725336709127
10.32,2.5,3.46410161513775,1,0.103411256233941,0.105717761840721,0.557476216782791,0.576725346917007
10.3249999999999,2.5,3.46410161513775,1,0.10341725741542,0.105717761840721,0.557520296204392,0.576725357061939
10.33,2.5,3.46410161513775,1,0.103423242982724,0.105717761840721,0.557564297988255,0.576725367144311
10.335,2.5,3.46410161513775,1,0.103429212976481,0.105717761840721,0.557608222107911,0.576725377164509
10.34,2.5,3.46410161513775,1,0.103435167437209,0.105717761840721,0.557652068538358,0.576725387122917
10.3449999999999,2.5,3.46410161513775,1,0.103441106405324,0.105717761840721,0.557695837256059,0.576725397019914
10.3499999999999,2.5,3.46410161513775,1,0.103447029921136,0.105717761840721,0.557739528238947,0.576725406855881
10.355,2.5,3.46410161513775,1,0.103452938024848,0.105717761840721,0.557783141466388,0.576725416631193
10.3599999999999,2.5,3.46410161513775,1,0.103458830756561,0.105717761840721,0.557826676919167,0.576725426346225
10.3649999999999,2.5,3.46410161513775,1,0.10346470815627,0.105717761840721,0.557870134579484,0.576725436001347
10.3699999999999,2.5,3.46410161513775,1,0.103470570263867,0.105717761840721,0.55791351443096,0.576725445596931
10.375,2.5,3.46410161513775,1,0.10347641711914,0.105717761840721,0.557956816458603,0.576725455133342
10.3799999999999,2.5,3.46410161513775,1,0.103482248761773,0.105717761840721,0.558000040648788,0.576725464610945
10.3849999999999,2.5,3.46410161513775,1,0.103488065231347,0.105717761840721,0.558043186989259,0.576725474030104
10.3899999999999,2.5,3.46410161513775,1,0.10349386656734,0.105717761840721,0.558086255469134,0.576725483391179
10.3949999999999,2.5,3.46410161513775,1,0.103499652809127,0.105717761840721,0.558129246078868,0.576725492694527
10.3999999999999,2.5,3.46410161513775,1,0.103505423995981,0.105717761840721,0.558172158810239,0.576725501940505
10.4049999999999,2.5,3.46410161513775,1,0.103511180167073,0.105717761840721,0.558214993656347,0.576725511129467
10.4099999999999,2.5,3.46410161513775,1,0.103516921361471,0.105717761840721,0.558257750611618,0.576725520261764
10.4149999999999,2.5,3.46410161513775,1,0.103522647618144,0.105717761840721,0.55830042967177,0.576725529337746
10.4199999999999,2.5,3.46410161513775,1,0.103528358975955,0.105717761840721,0.558343030833798,0.576725538357759
10.4249999999999,2.5,3.46410161513775,1,0.103534055473671,0.105717761840721,0.558385554095975,0.57672554732215
10.4299999999999,2.5,3.46410161513775,1,0.103539737149954,0.105717761840721,0.558427999457853,0.57672555623126
10.4349999999999,2.5,3.46410161513775,1,0.103545404043369,0.105717761840721,0.558470366920232,0.576725565085432
10.4399999999999,2.5,3.46410161513775,1,0.103551056192377,0.105717761840721,0.558512656485145,0.576725573885003
10.4449999999999,2.5,3.46410161513775,1,0.103556693635341,0.105717761840721,0.55855486815586,0.576725582630311
10.4499999999999,2.5,3.46410161513775,1,0.103562316410525,0.105717761840721,0.558597001936877,0.57672559132169
10.4549999999999,2.5,3.46410161513775,1,0.103567924556091,0.105717761840721,0.558639057833904,0.576725599959472
10.4599999999999,2.5,3.46410161513775,1,0.103573518110105,0.105717761840721,0.558681035853837,0.576725608543989
10.4649999999999,2.5,3.46410161513775,1,0.10357909711053,0.105717761840721,0.558722936004763,0.576725617075568
10.4699999999999,2.5,3.46410161513775,1,0.103584661595233,0.105717761840721,0.558764758295961,0.576725625554536
10.4749999999999,2.5,3.46410161513775,1,0.103590211601982,0.105717761840721,0.558806502737873,0.576725633981218
10.4799999999999,2.5,3.46410161513775,1,0.103595747168446,0.105717761840721,0.55884816934209,0.576725642355935
10.4849999999999,2.5,3.46410161513775,1,0.103601268332197,0.105717761840721,0.55888975812135,0.576725650679009
10.4899999999999,2.5,3.46410161513775,1,0.103606775130709,0.105717761840721,0.558931269089542,0.576725658950758
10.4949999999999,2.5,3.46410161513775,1,0.103612267601357,0.105717761840721,0.558972702261678,0.576725667171498
10.4999999999999,2.5,3.46410161513775,1,0.10361774578142,0.105717761840721,0.559014057653877,0.576725675341544
10.5049999999999,2.5,3.46410161513775,1,0.103623209708082,0.105717761840721,0.559055335283364,0.576725683461208
10.5099999999999,2.5,3.46410161513775,1,0.103628659418425,0.105717761840721,0.559096535168477,0.576725691530801
10.5149999999999,2.5,3.46410161513775,1,0.103634094949441,0.105717761840721,0.559137657328634,0.576725699550633
10.5199999999999,2.5,3.46410161513775,1,0.10363951633802,0.105717761840721,0.559178701784322,0.576725707521009
10.5249999999999,2.5,3.46410161513775,1,0.10364492362096,0.105717761840721,0.559219668557096,0.576725715442235
10.5299999999999,2.5,3.46410161513775,1,0.103650316834961,0.105717761840721,0.559260557669581,0.576725723314614
10.5349999999999,2.5,3.46410161513775,1,0.103655696016628,0.105717761840721,0.559301369145446,0.576725731138446
10.5399999999999,2.5,3.46410161513775,1,0.103661061202472,0.105717761840721,0.55934210300939,0.576725738914033
10.5449999999999,2.5,3.46410161513775,1,0.103666412428907,0.105717761840721,0.55938275928714,0.57672574664167
10.5499999999999,2.5,3.46410161513775,1,0.103671749732254,0.105717761840721,0.559423338005458,0.576725754321654
10.5549999999999,2.5,3.46410161513775,1,0.103677073148739,0.105717761840721,0.55946383919211,0.576725761954278
10.5599999999999,2.5,3.46410161513775,1,0.103682382714493,0.105717761840721,0.559504262875853,0.576725769539835
10.5649999999999,2.5,3.46410161513775,1,0.103687678465554,0.105717761840721,0.55954460908644,0.576725777078615
10.5699999999999,2.5,3.46410161513775,1,0.103692960437865,0.105717761840721,0.559584877854617,0.576725784570906
10.5749999999999,2.5,3.46410161513775,1,0.103698228667276,0.105717761840721,0.559625069212097,0.576725792016995
10.5799999999999,2.5,3.46410161513775,1,0.103703483189545,0.105717761840721,0.559665183191552,0.576725799417166
10.5849999999999,2.5,3.46410161513775,1,0.103708724040336,0.105717761840721,0.559705219826609,0.576725806771704
10.5899999999999,2.5,3.46410161513775,1,0.10371395125522,0.105717761840721,0.559745179151855,0.576725814080889
10.5949999999999,2.5,3.46410161513775,1,0.103719164869674,0.105717761840721,0.559785061202807,0.576725821345001
10.5999999999999,2.5,3.46410161513775,1,0.103724364919087,0.105717761840721,0.559824866015907,0.576725828564318
10.6049999999999,2.5,3.46410161513775,1,0.103729551438751,0.105717761840721,0.559864593628515,0.576725835739117
10.6099999999999,2.5,3.46410161513775,1,0.103734724463869,0.105717761840721,0.559904244078915,0.576725842869671
10.6149999999999,2.5,3.46410161513775,1,0.103739884029552,0.105717761840721,0.559943817406291,0.576725849956254
10.6199999999999,2.5,3.46410161513775,1,0.103745030170819,0.105717761840721,0.559983313650711,0.576725856999136
10.6249999999999,2.5,3.46410161513775,1,0.103750162922599,0.105717761840721,0.560022732853132,0.576725863998588
10.6299999999999,2.5,3.46410161513775,1,0.103755282319729,0.105717761840721,0.560062075055399,0.576725870954877
10.6349999999999,2.5,3.46410161513775,1,0.103760388396956,0.105717761840721,0.560101340300223,0.576725877868269
10.6399999999999,2.5,3.46410161513775,1,0.103765481188936,0.105717761840721,0.560140528631166,0.576725884739029
10.6449999999999,2.5,3.46410161513775,1,0.103770560730236,0.105717761840721,0.560179640092647,0.576725891567419
10.6499999999999,2.5,3.46410161513775,1,0.103775627055332,0.105717761840721,0.560218674729936,0.576725898353702
10.6549999999999,2.5,3.46410161513775,1,0.103780680198609,0.105717761840721,0.56025763258914,0.576725905098136
10.6599999999999,2.5,3.46410161513775,1,0.103785720194366,0.105717761840721,0.560296513717183,0.57672591180098
10.6649999999999,2.5,3.46410161513775,1,0.103790747076811,0.105717761840721,0.560335318161812,0.57672591846249
10.6699999999999,2.5,3.46410161513775,1,0.103795760880062,0.105717761840721,0.560374045971598,0.576725925082921
10.6749999999999,2.5,3.46410161513775,1,0.103800761638149,0.105717761840721,0.56041269719591,0.576725931662526
10.6799999999999,2.5,3.46410161513775,1,0.103805749385014,0.105717761840721,0.560451271884908,0.576725938201557
10.6849999999999,2.5,3.46410161513775,1,0.10381072415451,0.105717761840721,0.560489770089543,0.576725944700265
10.6899999999999,2.5,3.46410161513775,1,0.103815685980403,0.105717761840721,0.560528191861554,0.576725951158898
10.6949999999999,2.5,3.46410161513775,1,0.103820634896368,0.105717761840721,0.560566537253453,0.576725957577703
10.6999999999999,2.5,3.46410161513775,1,0.103825570935998,0.105717761840721,0.560604806318509,0.576725963956925
10.7049999999999,2.5,3.46410161513775,1,0.103830494132793,0.105717761840721,0.56064299911075,0.576725970296809
10.7099999999999,2.5,3.46410161513775,1,0.103835404520168,0.105717761840721,0.560681115684966,0.576725976597598
10.7149999999999,2.5,3.46410161513775,1,0.103840302131452,0.105717761840721,0.560719156096687,0.576725982859532
10.7199999999999,2.5,3.46410161513775,1,0.103845186999887,0.105717761840721,0.56075712040217,0.576725989082851
10.7249999999999,2.5,3.46410161513775,1,0.103850059158627,0.105717761840721,0.560795008658402,0.576725995267794
10.7299999999999,2.5,3.46410161513775,1,0.103854918640742,0.105717761840721,0.560832820923104,0.576726001414596
10.7349999999999,2.5,3.46410161513775,1,0.103859765479213,0.105717761840721,0.560870557254703,0.576726007523493
10.7399999999999,2.5,3.46410161513775,1,0.103864599706937,0.105717761840721,0.560908217712329,0.576726013594719
10.7449999999999,2.5,3.46410161513775,1,0.103869421356727,0.105717761840721,0.560945802355813,0.576726019628506
10.7499999999999,2.5,3.46410161513775,1,0.103874230461307,0.105717761840721,0.560983311245686,0.576726025625085
10.7549999999999,2.5,3.46410161513775,1,0.103879027053318,0.105717761840721,0.561020744443163,0.576726031584686
10.7599999999999,2.5,3.46410161513775,1,0.103883811165318,0.105717761840721,0.56105810201013,0.576726037507536
10.7649999999999,2.5,3.46410161513775,1,0.103888582829775,0.105717761840721,0.561095384009146,0.576726043393862
10.7699999999999,2.5,3.46410161513775,1,0.103893342079078,0.105717761840721,0.561132590503444,0.576726049243889
10.7749999999999,2.5,3.46410161513775,1,0.103898088945528,0.105717761840721,0.561169721556912,0.576726055057841
10.7799999999999,2.5,3.46410161513775,1,0.103902823461344,0.105717761840721,0.561206777234082,0.576726060835941
10.7849999999999,2.5,3.46410161513775,1,0.10390754565866,0.105717761840721,0.561243757600132,0.57672606657841
10.7899999999999,2.5,3.46410161513775,1,0.103912255569528,0.105717761840721,0.561280662720887,0.576726072285467
10.7949999999999,2.5,3.46410161513775,1,0.103916953225914,0.105717761840721,0.561317492662799,0.576726077957331
10.7999999999999,2.5,3.46410161513775,1,0.103921638659703,0.105717761840721,0.561354247492938,0.576726083594218
10.8049999999999,2.5,3.46410161513775,1,0.103926311902696,0.105717761840721,0.561390927278995,0.576726089196345
10.8099999999999,2.5,3.46410161513775,1,0.103930972986613,0.105717761840721,0.56142753208928,0.576726094763926
10.8149999999999,2.5,3.46410161513775,1,0.103935621943089,0.105717761840721,0.561464061992703,0.576726100297174
10.8199999999999,2.5,3.46410161513775,1,0.103940258803677,0.105717761840721,0.56150051705877,0.576726105796301
10.8249999999999,2.5,3.46410161513775,1,0.10394488359985,0.105717761840721,0.561536897357578,0.576726111261516
10.8299999999999,2.5,3.46410161513775,1,0.103949496362997,0.105717761840721,0.56157320295982,0.576726116693029
10.8349999999999,2.5,3.46410161513775,1,0.103954097124427,0.105717761840721,0.561609433936762,0.576726122091049
10.8399999999999,2.5,3.46410161513775,1,0.103958685915366,0.105717761840721,0.561645590360243,0.576726127455781
10.8449999999999,2.5,3.46410161513775,1,0.10396326276696,0.105717761840721,0.561681672302667,0.576726132787431
10.8499999999999,2.5,3.46410161513775,1,0.103967827710272,0.105717761840721,0.561717679837006,0.576726138086202
10.8549999999999,2.5,3.46410161513775,1,0.103972380776287,0.105717761840721,0.561753613036788,0.576726143352298
10.8599999999999,2.5,3.46410161513775,1,0.103976921995908,0.105717761840721,0.561789471976082,0.57672614858592
10.8649999999999,2.5,3.46410161513775,1,0.103981451399956,0.105717761840721,0.561825256729502,0.576726153787268
10.8699999999999,2.5,3.46410161513775,1,0.103985969019175,0.105717761840721,0.561860967372205,0.576726158956542
10.8749999999999,2.5,3.46410161513775,1,0.103990474884226,0.105717761840721,0.561896603979878,0.576726164093939
10.8799999999999,2.5,3.46410161513775,1,0.103994969025693,0.105717761840721,0.561932166628729,0.576726169199655
10.8849999999999,2.5,3.46410161513775,1,0.103999451474078,0.105717761840721,0.561967655395484,0.576726174273886
10.8899999999999,2.5,3.46410161513775,1,0.104003922259805,0.105717761840721,0.562003070357392,0.576726179316827
10.8949999999999,2.5,3.46410161513775,1,0.104008381413219,0.105717761840721,0.562038411592206,0.576726184328669
10.8999999999999,2.5,3.46410161513775,1,0.104012828964584,0.105717761840721,0.562073679178178,0.576726189309606
10.9049999999999,2.5,3.46410161513775,1,0.104017264944088,0.105717761840721,0.562108873194055,0.576726194259827
10.9099999999999,2.5,3.46410161513775,1,0.104021689381839,0.105717761840721,0.562143993719084,0.576726199179522
10.9149999999999,2.5,3.46410161513775,1,0.104026102307867,0.105717761840721,0.562179040832995,0.576726204068879
10.9199999999999,2.5,3.46410161513775,1,0.104030503752124,0.105717761840721,0.562214014615992,0.576726208928085
10.9249999999999,2.5,3.46410161513775,1,0.104034893744483,0.105717761840721,0.562248915148755,0.576726213757326
10.9299999999999,2.5,3.46410161513775,1,0.104039272314741,0.105717761840721,0.562283742512439,0.576726218556788
10.9349999999999,2.5,3.46410161513775,1,0.104043639492616,0.105717761840721,0.562318496788662,0.576726223326652
10.9399999999999,2.5,3.46410161513775,1,0.104047995307749,0.105717761840721,0.562353178059494,0.576726228067103
10.9449999999999,2.5,3.46410161513775,1,0.104052339789705,0.105717761840721,0.562387786407458,0.576726232778322
10.9499999999999,2.5,3.46410161513775,1,0.104056672967971,0.105717761840721,0.562422321915533,0.576726237460488
10.9549999999999,2.5,3.46410161513775,1,0.104060994871958,0.105717761840721,0.562456784667137,0.576726242113781
10.9599999999999,2.5,3.46410161513775,1,0.104065305530999,0.105717761840721,0.562491174746122,0.576726246738379
10.9649999999999,2.5,3.46410161513775,1,0.104069604974352,0.105717761840721,0.56252549223677,0.576726251334459
10.9699999999999,2.5,3.46410161513775,1,0.104073893231198,0.105717761840721,0.562559737223798,0.576726255902196
10.9749999999999,2.5,3.46410161513775,1,0.104078170330643,0.105717761840721,0.562593909792344,0.576726260441766
10.9799999999999,2.5,3.46410161513775,1,0.104082436301718,0.105717761840721,0.562628010027954,0.576726264953343
10.9849999999999,2.5,3.46410161513775,1,0.104086691173376,0.105717761840721,0.562662038016591,0.576726269437098
10.9899999999999,2.5,3.46410161513775,1,0.104090934974497,0.105717761840721,0.562695993844629,0.576726273893203
10.9949999999999,2.5,3.46410161513775,1,0.104095167733883,0.105717761840721,0.56272987759884,0.57672627832183
10.9999999999999,2.5,3.46410161513775,1,0.104099389480265,0.105717761840721,0.562763689366391,0.576726282723147
11.0049999999999,2.5,3.46410161513775,1,0.104103600242297,0.105717761840721,0.562797429234841,0.576726287097322
11.0099999999999,2.5,3.46410161513775,1,0.104107800048557,0.105717761840721,0.562831097292141,0.576726291444524
11.0149999999999,2.5,3.46410161513775,1,0.104111988927552,0.105717761840721,0.562864693626624,0.576726295764918
11.0199999999999,2.5,3.46410161513775,1,0.104116166907712,0.105717761840721,0.562898218326994,0.57672630005867
11.0249999999999,2.5,3.46410161513775,1,0.104120334017395,0.105717761840721,0.562931671482332,0.576726304325944
11.0299999999999,2.5,3.46410161513775,1,0.104124490284884,0.105717761840721,0.562965053182089,0.576726308566904
11.0349999999999,2.5,3.46410161513775,1,0.104128635738388,0.105717761840721,0.562998363516081,0.576726312781711
11.0399999999999,2.5,3.46410161513775,1,0.104132770406045,0.105717761840721,0.563031602574477,0.576726316970527
11.0449999999999,2.5,3.46410161513775,1,0.104136894315916,0.105717761840721,0.5630647704478,0.576726321133512
11.0499999999999,2.5,3.46410161513775,1,0.104141007495993,0.105717761840721,0.563097867226931,0.576726325270826
11.0549999999999,2.5,3.46410161513775,1,0.104145109974193,0.105717761840721,0.563130893003091,0.576726329382626
11.0599999999999,2.5,3.46410161513775,1,0.10414920177836,0.105717761840721,0.563163847867842,0.576726333469071
11.0649999999999,2.5,3.46410161513775,1,0.104153282936267,0.105717761840721,0.56319673191308,0.576726337530316
11.0699999999999,2.5,3.46410161513775,1,0.104157353475613,0.105717761840721,0.563229545231037,0.576726341566517
11.0749999999999,2.5,3.46410161513775,1,0.104161413424026,0.105717761840721,0.563262287914274,0.576726345577828
11.0799999999999,2.5,3.46410161513775,1,0.104165462809063,0.105717761840721,0.56329496005567,0.576726349564403
11.0849999999999,2.5,3.46410161513775,1,0.104169501658208,0.105717761840721,0.563327561748422,0.576726353526394
11.0899999999999,2.5,3.46410161513775,1,0.104173529998873,0.105717761840721,0.563360093086049,0.576726357463953
11.0949999999999,2.5,3.46410161513775,1,0.104177547858401,0.105717761840721,0.563392554162376,0.576726361377231
11.0999999999999,2.5,3.46410161513775,1,0.10418155526406,0.105717761840721,0.563424945071534,0.576726365266377
11.1049999999999,2.5,3.46410161513775,1,0.104185552243052,0.105717761840721,0.563457265907952,0.57672636913154
11.1099999999999,2.5,3.46410161513775,1,0.104189538822504,0.105717761840721,0.563489516766365,0.576726372972869
11.1149999999999,2.5,3.46410161513775,1,0.104193515029475,0.105717761840721,0.5635216977418,0.576726376790509
11.1199999999999,2.5,3.46410161513775,1,0.104197480890951,0.105717761840721,0.563553808929566,0.576726380584607
11.1249999999999,2.5,3.46410161513775,1,0.104201436433852,0.105717761840721,0.563585850425263,0.576726384355309
11.1299999999999,2.5,3.46410161513775,1,0.104205381685023,0.105717761840721,0.563617822324774,0.576726388102758
11.1349999999999,2.5,3.46410161513775,1,0.104209316671243,0.105717761840721,0.563649724724259,0.576726391827098
11.1399999999999,2.5,3.46410161513775,1,0.104213241419219,0.105717761840721,0.563681557720148,0.576726395528472
11.1449999999999,2.5,3.46410161513775,1,0.104217155955589,0.105717761840721,0.56371332140914,0.57672639920702
11.1499999999999,2.5,3.46410161513775,1,0.104221060306924,0.105717761840721,0.563745015888206,0.576726402862885
11.1549999999999,2.5,3.46410161513775,1,0.104224954499722,0.105717761840721,0.563776641254575,0.576726406496205
11.1599999999999,2.5,3.46410161513775,1,0.104228838560415,0.105717761840721,0.563808197605733,0.57672641010712
11.1649999999999,2.5,3.46410161513775,1,0.104232712515365,0.105717761840721,0.563839685039418,0.576726413695767
11.1699999999999,2.5,3.46410161513775,1,0.104236576390865,0.105717761840721,0.563871103653623,0.576726417262285
11.1749999999999,2.5,3.46410161513775,1,0.104240430213141,0.105717761840721,0.56390245354659,0.576726420806809
11.1799999999999,2.5,3.46410161513775,1,0.10424427400835,0.105717761840721,0.563933734816794,0.576726424329476
11.1849999999999,2.5,3.46410161513775,1,0.104248107802581,0.105717761840721,0.563964947562954,0.57672642783042
11.1899999999999,2.5,3.46410161513775,1,0.104251931621854,0.105717761840721,0.563996091884029,0.576726431309775
11.1949999999999,2.5,3.46410161513775,1,0.104255745492123,0.105717761840721,0.564027167879205,0.576726434767674
11.1999999999999,2.5,3.46410161513775,1,0.104259549439274,0.105717761840721,0.564058175647896,0.57672643820425
11.2049999999999,2.5,3.46410161513775,1,0.104263343489126,0.105717761840721,0.564089115289739,0.576726441619633
11.2099999999999,2.5,3.46410161513775,1,0.104267127667429,0.105717761840721,0.564119986904598,0.576726445013955
11.2149999999999,2.5,3.46410161513775,1,0.104270901999868,0.105717761840721,0.56415079059255,0.576726448387346
11.2199999999999,2.5,3.46410161513775,1,0.10427466651206,0.105717761840721,0.564181526453887,0.576726451739934
11.2249999999999,2.5,3.46410161513775,1,0.104278421229557,0.105717761840721,0.564212194589108,0.576726455071848
11.2299999999999,2.5,3.46410161513775,1,0.104282166177842,0.105717761840721,0.564242795098926,0.576726458383215
11.2349999999999,2.5,3.46410161513775,1,0.104285901382333,0.105717761840721,0.564273328084254,0.576726461674163
11.2399999999999,2.5,3.46410161513775,1,0.104289626868383,0.105717761840721,0.564303793646203,0.576726464944816
11.2449999999999,2.5,3.46410161513775,1,0.104293342661277,0.105717761840721,0.564334191886081,0.576726468195301
11.2499999999999,2.5,3.46410161513775,1,0.104297048786236,0.105717761840721,0.564364522905395,0.576726471425741
11.2549999999999,2.5,3.46410161513775,1,0.104300745268414,0.105717761840721,0.564394786805838,0.576726474636261
11.2599999999999,2.5,3.46410161513775,1,0.104304432132899,0.105717761840721,0.564424983689289,0.576726477826982
11.2649999999999,2.5,3.46410161513775,1,0.104308109404717,0.105717761840721,0.56445511365781,0.576726480998027
11.2699999999999,2.5,3.46410161513775,1,0.104311777108825,0.105717761840721,0.564485176813648,0.576726484149518
11.2749999999999,2.5,3.46410161513775,1,0.104315435270118,0.105717761840721,0.564515173259224,0.576726487281575
11.2799999999999,2.5,3.46410161513775,1,0.104319083913424,0.105717761840721,0.564545103097132,0.576726490394317
11.2849999999999,2.5,3.46410161513775,1,0.104322723063507,0.105717761840721,0.564574966430136,0.576726493487864
11.2899999999999,2.5,3.46410161513775,1,0.104326352745068,0.105717761840721,0.564604763361173,0.576726496562335
11.2949999999999,2.5,3.46410161513775,1,0.104329972982742,0.105717761840721,0.56463449399334,0.576726499617847
11.2999999999999,2.5,3.46410161513775,1,0.104333583801101,0.105717761840721,0.564664158429895,0.576726502654516
11.3049999999999,2.5,3.46410161513775,1,0.104337185224653,0.105717761840721,0.564693756774255,0.57672650567246
11.3099999999999,2.5,3.46410161513775,1,0.10434077727784,0.105717761840721,0.564723289129995,0.576726508671793
11.3149999999999,2.5,3.46410161513775,1,0.104344359985045,0.105717761840721,0.56475275560084,0.57672651165263
11.3199999999999,2.5,3.46410161513775,1,0.104347933370583,0.105717761840721,0.564782156290664,0.576726514615085
11.3249999999999,2.5,3.46410161513775,1,0.104351497458708,0.105717761840721,0.564811491303484,0.576726517559273
11.3299999999999,2.5,3.46410161513775,1,0.10435505227361,0.105717761840721,0.564840760743469,0.576726520485304
11.3349999999999,2.5,3.46410161513775,1,0.104358597839418,0.105717761840721,0.564869964714922,0.576726523393292
11.3399999999999,2.5,3.46410161513775,1,0.104362134180195,0.105717761840721,0.564899103322285,0.576726526283347
11.3449999999999,2.5,3.46410161513775,1,0.104365661319944,0.105717761840721,0.564928176670132,0.576726529155581
11.3499999999999,2.5,3.46410161513775,1,0.104369179282605,0.105717761840721,0.564957184863173,0.576726532010102
11.3549999999999,2.5,3.46410161513775,1,0.104372688092055,0.105717761840721,0.564986128006247,0.576726534847021
11.3599999999999,2.5,3.46410161513775,1,0.104376187772109,0.105717761840721,0.565015006204316,0.576726537666446
11.3649999999999,2.5,3.46410161513775,1,0.104379678346521,0.105717761840721,0.565043819562464,0.576726540468484
11.3699999999999,2.5,3.46410161513775,1,0.104383159838983,0.105717761840721,0.565072568185901,0.576726543253244
11.3749999999999,2.5,3.46410161513775,1,0.104386632273123,0.105717761840721,0.565101252179953,0.57672654602083
11.3799999999999,2.5,3.46410161513775,1,0.10439009567251,0.105717761840721,0.565129871650058,0.57672654877135
11.3849999999999,2.5,3.46410161513775,1,0.104393550060652,0.105717761840721,0.565158426701768,0.576726551504909
11.3899999999999,2.5,3.46410161513775,1,0.104396995460995,0.105717761840721,0.565186917440747,0.576726554221611
11.3949999999999,2.5,3.46410161513775,1,0.104400431896923,0.105717761840721,0.565215343972765,0.57672655692156
11.3999999999999,2.5,3.46410161513775,1,0.10440385939176,0.105717761840721,0.565243706403694,0.576726559604859
11.4049999999999,2.5,3.46410161513775,1,0.10440727796877,0.105717761840721,0.56527200483951,0.576726562271612
11.4099999999999,2.5,3.46410161513775,1,0.104410687651156,0.105717761840721,0.565300239386287,0.57672656492192
11.4149999999999,2.5,3.46410161513775,1,0.104414088462059,0.105717761840721,0.5653284101502,0.576726567555884
11.4199999999999,2.5,3.46410161513775,1,0.104417480424563,0.105717761840721,0.565356517237512,0.576726570173606
11.4249999999999,2.5,3.46410161513775,1,0.10442086356169,0.105717761840721,0.565384560754578,0.576726572775185
11.4299999999999,2.5,3.46410161513775,1,0.104424237896402,0.105717761840721,0.565412540807848,0.576726575360721
11.4349999999999,2.5,3.46410161513775,1,0.1044276034516,0.105717761840721,0.565440457503854,0.576726577930313
11.4399999999999,2.5,3.46410161513775,1,0.10443096025013,0.105717761840721,0.565468310949213,0.57672658048406
11.4449999999999,2.5,3.46410161513775,1,0.104434308314773,0.105717761840721,0.565496101250622,0.576726583022059
11.4499999999999,2.5,3.46410161513775,1,0.104437647668254,0.105717761840721,0.56552382851486,0.576726585544406
11.4549999999999,2.5,3.46410161513775,1,0.104440978333239,0.105717761840721,0.565551492848783,0.5767265880512
11.4599999999999,2.5,3.46410161513775,1,0.104444300332333,0.105717761840721,0.56557909435932,0.576726590542535
11.4649999999999,2.5,3.46410161513775,1,0.104447613688085,0.105717761840721,0.565606633153469,0.576726593018507
11.4699999999999,2.5,3.46410161513775,1,0.104450918422981,0.105717761840721,0.565634109338304,0.57672659547921
11.4749999999999,2.5,3.46410161513775,1,0.104454214559454,0.105717761840721,0.565661523020964,0.576726597924739
11.4799999999999,2.5,3.46410161513775,1,0.104457502119874,0.105717761840721,0.565688874308652,0.576726600355188
11.4849999999999,2.5,3.46410161513775,1,0.104460781126555,0.105717761840721,0.565716163308632,0.576726602770649
11.4899999999999,2.5,3.46410161513775,1,0.104464051601752,0.105717761840721,0.565743390128233,0.576726605171215
11.4949999999999,2.5,3.46410161513775,1,0.104467313567664,0.105717761840721,0.565770554874841,0.576726607556977
11.4999999999999,2.5,3.46410161513775,1,0.10447056704643,0.105717761840721,0.565797657655897,0.576726609928027
11.5049999999999,2.5,3.46410161513775,1,0.104473812060133,0.105717761840721,0.565824698578893,0.576726612284457
11.5099999999999,2.5,3.46410161513775,1,0.104477048630797,0.105717761840721,0.565851677751378,0.576726614626354
11.5149999999999,2.5,3.46410161513775,1,0.104480276780389,0.105717761840721,0.56587859528095,0.57672661695381
11.5199999999999,2.5,3.46410161513775,1,0.104483496530821,0.105717761840721,0.565905451275251,0.576726619266914
11.5249999999999,2.5,3.46410161513775,1,0.104486707903946,0.105717761840721,0.565932245841967,0.576726621565754
11.5299999999999,2.5,3.46410161513775,1,0.104489910921559,0.105717761840721,0.565958979088833,0.576726623850417
11.5349999999999,2.5,3.46410161513775,1,0.104493105605401,0.105717761840721,0.565985651123623,0.576726626120992
11.5399999999999,2.5,3.46410161513775,1,0.104496291977156,0.105717761840721,0.566012262054145,0.576726628377565
11.5449999999999,2.5,3.46410161513775,1,0.104499470058449,0.105717761840721,0.566038811988247,0.576726630620223
11.5499999999999,2.5,3.46410161513775,1,0.104502639870851,0.105717761840721,0.566065301033815,0.576726632849051
11.5549999999999,2.5,3.46410161513775,1,0.104505801435878,0.105717761840721,0.566091729298764,0.576726635064135
11.5599999999999,2.5,3.46410161513775,1,0.104508954774986,0.105717761840721,0.56611809689104,0.57672663726556
11.5649999999999,2.5,3.46410161513775,1,0.104512099909579,0.105717761840721,0.566144403918617,0.576726639453409
11.5699999999999,2.5,3.46410161513775,1,0.104515236861004,0.105717761840721,0.566170650489498,0.576726641627766
11.5749999999999,2.5,3.46410161513775,1,0.104518365650553,0.105717761840721,0.566196836711709,0.576726643788715
11.5799999999999,2.5,3.46410161513775,1,0.10452148629946,0.105717761840721,0.5662229626933,0.576726645936338
11.5849999999999,2.5,3.46410161513775,1,0.104524598828907,0.105717761840721,0.56624902854234,0.576726648070717
11.5899999999999,2.5,3.46410161513775,1,0.104527703260019,0.105717761840721,0.566275034366919,0.576726650191935
11.5949999999999,2.5,3.46410161513775,1,0.104530799613868,0.105717761840721,0.566300980275143,0.576726652300072
11.5999999999999,2.5,3.46410161513775,1,0.104533887911469,0.105717761840721,0.566326866375133,0.576726654395209
11.6049999999999,2.5,3.46410161513775,1,0.104536968173782,0.105717761840721,0.566352692775022,0.576726656477426
11.6099999999999,2.5,3.46410161513775,1,0.104540040421715,0.105717761840721,0.566378459582959,0.576726658546803
11.6149999999999,2.5,3.46410161513775,1,0.104543104676121,0.105717761840721,0.566404166907097,0.576726660603418
11.6199999999999,2.5,3.46410161513775,1,0.104546160957796,0.105717761840721,0.566429814855602,0.576726662647352
11.6249999999999,2.5,3.46410161513775,1,0.104549209287484,0.105717761840721,0.566455403536639,0.576726664678681
11.6299999999999,2.5,3.46410161513775,1,0.104552249685877,0.105717761840721,0.566480933058385,0.576726666697484
11.6349999999999,2.5,3.46410161513775,1,0.104555282173609,0.105717761840721,0.566506403529015,0.576726668703837
11.6399999999999,2.5,3.46410161513775,1,0.104558306771263,0.105717761840721,0.566531815056705,0.576726670697818
11.6449999999999,2.5,3.46410161513775,1,0.104561323499367,0.105717761840721,0.56655716774963,0.576726672679503
11.6499999999999,2.5,3.46410161513775,1,0.104564332378398,0.105717761840721,0.566582461715964,0.576726674648968
11.6549999999999,2.5,3.46410161513775,1,0.104567333428777,0.105717761840721,0.566607697063875,0.576726676606288
11.6599999999999,2.5,3.46410161513775,1,0.104570326670873,0.105717761840721,0.566632873901524,0.576726678551538
11.6649999999999,2.5,3.46410161513775,1,0.104573312125003,0.105717761840721,0.566657992337064,0.576726680484792
11.6699999999999,2.5,3.46410161513775,1,0.104576289811429,0.105717761840721,0.566683052478641,0.576726682406124
11.6749999999999,2.5,3.46410161513775,1,0.104579259750362,0.105717761840721,0.566708054434388,0.576726684315609
11.6799999999999,2.5,3.46410161513775,1,0.104582221961959,0.105717761840721,0.566732998312425,0.576726686213318
11.6849999999999,2.5,3.46410161513775,1,0.104585176466326,0.105717761840721,0.566757884220856,0.576726688099325
11.6899999999999,2.5,3.46410161513775,1,0.104588123283516,0.105717761840721,0.566782712267774,0.576726689973702
11.6949999999999,2.5,3.46410161513775,1,0.10459106243353,0.105717761840721,0.56680748256125,0.57672669183652
11.6999999999999,2.5,3.46410161513775,1,0.104593993936317,0.105717761840721,0.566832195209336,0.576726693687851
11.7049999999999,2.5,3.46410161513775,1,0.104596917811773,0.105717761840721,0.566856850320063,0.576726695527765
11.7099999999999,2.5,3.46410161513775,1,0.104599834079745,0.105717761840721,0.566881448001442,0.576726697356334
11.7149999999999,2.5,3.46410161513775,1,0.104602742760024,0.105717761840721,0.56690598836146,0.576726699173626
11.7199999999999,2.5,3.46410161513775,1,0.104605643872354,0.105717761840721,0.566930471508075,0.576726700979711
11.7249999999999,2.5,3.46410161513775,1,0.104608537436425,0.105717761840721,0.566954897549221,0.57672670277466
11.7299999999999,2.5,3.46410161513775,1,0.104611423471876,0.105717761840721,0.566979266592802,0.576726704558539
11.7349999999999,2.5,3.46410161513775,1,0.104614301998297,0.105717761840721,0.567003578746695,0.576726706331418
11.7399999999999,2.5,3.46410161513775,1,0.104617173035223,0.105717761840721,0.567027834118742,0.576726708093365
11.7449999999999,2.5,3.46410161513775,1,0.104620036602142,0.105717761840721,0.567052032816753,0.576726709844446
11.7499999999999,2.5,3.46410161513775,1,0.10462289271849,0.105717761840721,0.567076174948506,0.576726711584729
11.7549999999999,2.5,3.46410161513775,1,0.104625741403652,0.105717761840721,0.567100260621741,0.57672671331428
11.7599999999999,2.5,3.46410161513775,1,0.104628582676962,0.105717761840721,0.567124289944162,0.576726715033166
11.7649999999999,2.5,3.46410161513775,1,0.104631416557706,0.105717761840721,0.567148263023432,0.576726716741451
11.7699999999999,2.5,3.46410161513775,1,0.104634243065117,0.105717761840721,0.567172179967178,0.576726718439203
11.7749999999999,2.5,3.46410161513775,1,0.10463706221838,0.105717761840721,0.567196040882984,0.576726720126486
11.7799999999999,2.5,3.46410161513775,1,0.104639874036629,0.105717761840721,0.567219845878391,0.576726721803363
11.7849999999999,2.5,3.46410161513775,1,0.104642678538949,0.105717761840721,0.567243595060894,0.5767267234699
11.7899999999999,2.5,3.46410161513775,1,0.104645475744375,0.105717761840721,0.567267288537946,0.57672672512616
11.7949999999999,2.5,3.46410161513775,1,0.104648265671892,0.105717761840721,0.567290926416953,0.576726726772206
11.7999999999999,2.5,3.46410161513775,1,0.104651048340436,0.105717761840721,0.567314508805271,0.576726728408102
11.8049999999999,2.5,3.46410161513775,1,0.104653823768895,0.105717761840721,0.567338035810206,0.57672673003391
11.8099999999999,2.5,3.46410161513775,1,0.104656591976105,0.105717761840721,0.567361507539018,0.576726731649692
11.8149999999999,2.5,3.46410161513775,1,0.104659352980855,0.105717761840721,0.567384924098912,0.57672673325551
11.8199999999999,2.5,3.46410161513775,1,0.104662106801885,0.105717761840721,0.567408285597039,0.576726734851426
11.8249999999999,2.5,3.46410161513775,1,0.104664853457886,0.105717761840721,0.567431592140495,0.576726736437501
11.8299999999999,2.5,3.46410161513775,1,0.1046675929675,0.105717761840721,0.567454843836325,0.576726738013794
11.8349999999999,2.5,3.46410161513775,1,0.104670325349322,0.105717761840721,0.567478040791513,0.576726739580368
11.8399999999999,2.5,3.46410161513775,1,0.104673050621896,0.105717761840721,0.567501183112986,0.576726741137281
11.8449999999999,2.5,3.46410161513775,1,0.104675768803719,0.105717761840721,0.567524270907611,0.576726742684593
11.8499999999999,2.5,3.46410161513775,1,0.104678479913242,0.105717761840721,0.567547304282197,0.576726744222363
11.8549999999999,2.5,3.46410161513775,1,0.104681183968864,0.105717761840721,0.567570283343489,0.57672674575065
11.8599999999999,2.5,3.46410161513775,1,0.104683880988939,0.105717761840721,0.56759320819817,0.576726747269513
11.8649999999999,2.5,3.46410161513775,1,0.104686570991773,0.105717761840721,0.567616078952857,0.57672674877901
11.8699999999999,2.5,3.46410161513775,1,0.104689253995623,0.105717761840721,0.567638895714105,0.576726750279199
11.8749999999999,2.5,3.46410161513775,1,0.1046919300187,0.105717761840721,0.567661658588402,0.576726751770136
11.8799999999999,2.5,3.46410161513775,1,0.104694599079166,0.105717761840721,0.567684367682167,0.576726753251879
11.8849999999999,2.5,3.46410161513775,1,0.104697261195137,0.105717761840721,0.56770702310175,0.576726754724485
11.8899999999999,2.5,3.46410161513775,1,0.104699916384682,0.105717761840721,0.567729624953435,0.57672675618801
11.8949999999999,2.5,3.46410161513775,1,0.104702564665822,0.105717761840721,0.567752173343433,0.57672675764251
11.8999999999999,2.5,3.46410161513775,1,0.104705206056533,0.105717761840721,0.567774668377882,0.576726759088041
11.9049999999999,2.5,3.46410161513775,1,0.104707840574741,0.105717761840721,0.567797110162847,0.576726760524657
11.9099999999999,2.5,3.46410161513775,1,0.104710468238327,0.105717761840721,0.567819498804322,0.576726761952415
11.9149999999999,2.5,3.46410161513775,1,0.104713089065128,0.105717761840721,0.567841834408225,0.576726763371368
11.9199999999999,2.5,3.46410161513775,1,0.10471570307293,0.105717761840721,0.567864117080395,0.576726764781571
11.9249999999999,2.5,3.46410161513775,1,0.104718310279477,0.105717761840721,0.567886346926597,0.576726766183077
11.9299999999999,2.5,3.46410161513775,1,0.104720910702463,0.105717761840721,0.567908524052517,0.576726767575942
11.9349999999999,2.5,3.46410161513775,1,0.104723504359539,0.105717761840721,0.567930648563763,0.576726768960216
11.9399999999999,2.5,3.46410161513775,1,0.104726091268308,0.105717761840721,0.567952720565859,0.576726770335955
11.9449999999999,2.5,3.46410161513775,1,0.104728671446329,0.105717761840721,0.567974740164252,0.57672677170321
11.9499999999999,2.5,3.46410161513775,1,0.104731244911114,0.105717761840721,0.567996707464306,0.576726773062034
11.9549999999999,2.5,3.46410161513775,1,0.104733811680129,0.105717761840721,0.568018622571301,0.576726774412478
11.9599999999999,2.5,3.46410161513775,1,0.104736371770797,0.105717761840721,0.568040485590432,0.576726775754595
11.9649999999999,2.5,3.46410161513775,1,0.104738925200493,0.105717761840721,0.568062296626812,0.576726777088435
11.9699999999999,2.5,3.46410161513775,1,0.104741471986548,0.105717761840721,0.568084055785465,0.57672677841405
11.9749999999999,2.5,3.46410161513775,1,0.104744012146248,0.105717761840721,0.568105763171332,0.576726779731491
11.9799999999999,2.5,3.46410161513775,1,0.104746545696834,0.105717761840721,0.568127418889261,0.576726781040807
11.9849999999999,2.5,3.46410161513775,1,0.104749072655501,0.105717761840721,0.568149023044015,0.576726782342049
11.9899999999999,2.5,3.46410161513775,1,0.104751593039401,0.105717761840721,0.568170575740266,0.576726783635267
11.9949999999999,2.5,3.46410161513775,1,0.10475410686564,0.105717761840721,0.568192077082597,0.57672678492051
11.9999999999999,2.5,3.46410161513775,1,0.104756614151281,0.105717761840721,0.568213527175498,0.576726786197828
12.0049999999999,2.5,3.46410161513775,1,0.10475911491334,0.105717761840721,0.568234926123367,0.576726787467269
12.0099999999999,2.5,3.46410161513775,1,0.104761609168792,0.105717761840721,0.568256274030508,0.576726788728882
12.0149999999999,2.5,3.46410161513775,1,0.104764096934566,0.105717761840721,0.568277571001135,0.576726789982715
12.0199999999999,2.5,3.46410161513775,1,0.104766578227546,0.105717761840721,0.568298817139362,0.576726791228816
12.0249999999999,2.5,3.46410161513775,1,0.104769053064575,0.105717761840721,0.56832001254921,0.576726792467232
12.0299999999999,2.5,3.46410161513775,1,0.104771521462448,0.105717761840721,0.568341157334604,0.576726793698012
12.0349999999999,2.5,3.46410161513775,1,0.104773983437921,0.105717761840721,0.568362251599369,0.576726794921202
12.0399999999999,2.5,3.46410161513775,1,0.104776439007703,0.105717761840721,0.568383295447236,0.57672679613685
12.0449999999999,2.5,3.46410161513775,1,0.104778888188461,0.105717761840721,0.568404288981831,0.576726797345001
12.0499999999999,2.5,3.46410161513775,1,0.104781330996819,0.105717761840721,0.568425232306688,0.576726798545701
12.0549999999999,2.5,3.46410161513775,1,0.104783767449355,0.105717761840721,0.568446125525234,0.576726799738997
12.0599999999999,2.5,3.46410161513775,1,0.104786197562608,0.105717761840721,0.568466968740797,0.576726800924935
12.0649999999999,2.5,3.46410161513775,1,0.10478862135307,0.105717761840721,0.568487762056604,0.57672680210356
12.0699999999999,2.5,3.46410161513775,1,0.104791038837194,0.105717761840721,0.568508505575776,0.576726803274916
12.0749999999999,2.5,3.46410161513775,1,0.104793450031386,0.105717761840721,0.568529199401336,0.576726804439049
12.0799999999999,2.5,3.46410161513775,1,0.104795854952013,0.105717761840721,0.568549843636196,0.576726805596004
12.0849999999999,2.5,3.46410161513775,1,0.104798253615398,0.105717761840721,0.568570438383166,0.576726806745823
12.0899999999999,2.5,3.46410161513775,1,0.10480064603782,0.105717761840721,0.568590983744952,0.576726807888553
12.0949999999999,2.5,3.46410161513775,1,0.104803032235518,0.105717761840721,0.568611479824152,0.576726809024235
12.0999999999999,2.5,3.46410161513775,1,0.104805412224688,0.105717761840721,0.568631926723254,0.576726810152915
12.1049999999999,2.5,3.46410161513775,1,0.104807786021483,0.105717761840721,0.568652324544641,0.576726811274634
12.1099999999999,2.5,3.46410161513775,1,0.104810153642015,0.105717761840721,0.568672673390588,0.576726812389436
12.1149999999999,2.5,3.46410161513775,1,0.104812515102354,0.105717761840721,0.568692973363259,0.576726813497363
12.1199999999999,2.5,3.46410161513775,1,0.104814870418527,0.105717761840721,0.568713224564708,0.576726814598458
12.1249999999999,2.5,3.46410161513775,1,0.104817219606521,0.105717761840721,0.568733427096879,0.576726815692763
12.1299999999999,2.5,3.46410161513775,1,0.104819562682281,0.105717761840721,0.568753581061604,0.57672681678032
12.1349999999999,2.5,3.46410161513775,1,0.104821899661709,0.105717761840721,0.568773686560604,0.576726817861171
12.1399999999999,2.5,3.46410161513775,1,0.104824230560667,0.105717761840721,0.568793743695485,0.576726818935356
12.1449999999999,2.5,3.46410161513775,1,0.104826555394975,0.105717761840721,0.568813752567742,0.576726820002917
12.1499999999999,2.5,3.46410161513775,1,0.104828874180414,0.105717761840721,0.568833713278756,0.576726821063895
12.1549999999999,2.5,3.46410161513775,1,0.104831186932721,0.105717761840721,0.568853625929793,0.57672682211833
12.1599999999999,2.5,3.46410161513775,1,0.104833493667594,0.105717761840721,0.568873490622002,0.576726823166263
12.1649999999999,2.5,3.46410161513775,1,0.104835794400688,0.105717761840721,0.568893307456418,0.576726824207734
12.1699999999999,2.5,3.46410161513775,1,0.104838089147621,0.105717761840721,0.568913076533959,0.576726825242783
12.1749999999999,2.5,3.46410161513775,1,0.104840377923966,0.105717761840721,0.568932797955427,0.576726826271448
12.1799999999999,2.5,3.46410161513775,1,0.104842660745258,0.105717761840721,0.568952471821506,0.576726827293771
12.1849999999999,2.5,3.46410161513775,1,0.104844937626992,0.105717761840721,0.568972098232759,0.576726828309789
12.1899999999999,2.5,3.46410161513775,1,0.104847208584622,0.105717761840721,0.568991677289635,0.576726829319541
12.1949999999999,2.5,3.46410161513775,1,0.10484947363356,0.105717761840721,0.56901120909246,0.576726830323067
12.1999999999999,2.5,3.46410161513775,1,0.104851732789181,0.105717761840721,0.569030693741442,0.576726831320405
12.2049999999999,2.5,3.46410161513775,1,0.104853986066818,0.105717761840721,0.569050131336666,0.576726832311592
12.2099999999999,2.5,3.46410161513775,1,0.104856233481765,0.105717761840721,0.569069521978099,0.576726833296667
12.2149999999999,2.5,3.46410161513775,1,0.104858475049275,0.105717761840721,0.569088865765585,0.576726834275668
12.2199999999999,2.5,3.46410161513775,1,0.104860710784563,0.105717761840721,0.569108162798846,0.576726835248631
12.2249999999999,2.5,3.46410161513775,1,0.104862940702804,0.105717761840721,0.569127413177481,0.576726836215595
12.2299999999999,2.5,3.46410161513775,1,0.104865164819132,0.105717761840721,0.569146617000966,0.576726837176595
12.2349999999999,2.5,3.46410161513775,1,0.104867383148642,0.105717761840721,0.569165774368654,0.57672683813167
12.2399999999999,2.5,3.46410161513775,1,0.104869595706393,0.105717761840721,0.569184885379773,0.576726839080855
12.2449999999999,2.5,3.46410161513775,1,0.1048718025074,0.105717761840721,0.569203950133426,0.576726840024186
12.2499999999999,2.5,3.46410161513775,1,0.104874003566642,0.105717761840721,0.569222968728592,0.576726840961701
12.2549999999999,2.5,3.46410161513775,1,0.104876198899058,0.105717761840721,0.569241941264124,0.576726841893434
12.2599999999999,2.5,3.46410161513775,1,0.104878388519548,0.105717761840721,0.569260867838748,0.576726842819422
12.2649999999999,2.5,3.46410161513775,1,0.104880572442975,0.105717761840721,0.569279748551062,0.576726843739699
12.2699999999999,2.5,3.46410161513775,1,0.10488275068416,0.105717761840721,0.569298583499541,0.576726844654301
12.2749999999999,2.5,3.46410161513775,1,0.104884923257889,0.105717761840721,0.569317372782529,0.576726845563264
12.2799999999999,2.5,3.46410161513775,1,0.104887090178907,0.105717761840721,0.569336116498244,0.576726846466621
12.2849999999999,2.5,3.46410161513775,1,0.104889251461922,0.105717761840721,0.569354814744772,0.576726847364407
12.2899999999999,2.5,3.46410161513775,1,0.104891407121603,0.105717761840721,0.569373467620074,0.576726848256657
12.2949999999999,2.5,3.46410161513775,1,0.10489355717258,0.105717761840721,0.56939207522198,0.576726849143405
12.2999999999999,2.5,3.46410161513775,1,0.104895701629448,0.105717761840721,0.569410637648191,0.576726850024685
12.3049999999999,2.5,3.46410161513775,1,0.104897840506761,0.105717761840721,0.569429154996274,0.57672685090053
12.3099999999999,2.5,3.46410161513775,1,0.104899973819035,0.105717761840721,0.569447627363671,0.576726851770974
12.3149999999999,2.5,3.46410161513775,1,0.104902101580752,0.105717761840721,0.569466054847689,0.576726852636051
12.3199999999999,2.5,3.46410161513775,1,0.104904223806351,0.105717761840721,0.569484437545504,0.576726853495793
12.3249999999999,2.5,3.46410161513775,1,0.104906340510239,0.105717761840721,0.56950277555416,0.576726854350233
12.3299999999999,2.5,3.46410161513775,1,0.10490845170678,0.105717761840721,0.569521068970571,0.576726855199405
12.3349999999999,2.5,3.46410161513775,1,0.104910557410305,0.105717761840721,0.569539317891516,0.576726856043339
12.3399999999999,2.5,3.46410161513775,1,0.104912657635105,0.105717761840721,0.56955752241364,0.57672685688207
12.3449999999999,2.5,3.46410161513775,1,0.104914752395435,0.105717761840721,0.569575682633456,0.576726857715628
12.3499999999999,2.5,3.46410161513775,1,0.104916841705513,0.105717761840721,0.569593798647344,0.576726858544046
12.3549999999999,2.5,3.46410161513775,1,0.10491892557952,0.105717761840721,0.569611870551548,0.576726859367356
12.3599999999999,2.5,3.46410161513775,1,0.1049210040316,0.105717761840721,0.569629898442177,0.576726860185589
12.3649999999999,2.5,3.46410161513775,1,0.104923077075859,0.105717761840721,0.569647882415207,0.576726860998775
12.3699999999999,2.5,3.46410161513775,1,0.104925144726368,0.105717761840721,0.569665822566477,0.576726861806948
12.3749999999999,2.5,3.46410161513775,1,0.10492720699716,0.105717761840721,0.569683718991691,0.576726862610136
12.3799999999999,2.5,3.46410161513775,1,0.104929263902234,0.105717761840721,0.569701571786417,0.576726863408372
12.3849999999999,2.5,3.46410161513775,1,0.104931315455549,0.105717761840721,0.569719381046086,0.576726864201685
12.3899999999999,2.5,3.46410161513775,1,0.10493336167103,0.105717761840721,0.569737146865991,0.576726864990106
12.3949999999999,2.5,3.46410161513775,1,0.104935402562566,0.105717761840721,0.569754869341292,0.576726865773665
12.3999999999999,2.5,3.46410161513775,1,0.104937438144008,0.105717761840721,0.569772548567009,0.576726866552393
12.4049999999999,2.5,3.46410161513775,1,0.104939468429173,0.105717761840721,0.569790184638022,0.576726867326318
12.4099999999999,2.5,3.46410161513775,1,0.10494149343184,0.105717761840721,0.569807777649076,0.576726868095471
12.4149999999999,2.5,3.46410161513775,1,0.104943513165754,0.105717761840721,0.569825327694779,0.57672686885988
12.4199999999999,2.5,3.46410161513775,1,0.104945527644624,0.105717761840721,0.569842834869596,0.576726869619576
12.4249999999999,2.5,3.46410161513775,1,0.104947536882122,0.105717761840721,0.569860299267856,0.576726870374587
12.4299999999999,2.5,3.46410161513775,1,0.104949540891886,0.105717761840721,0.569877720983748,0.576726871124943
12.4349999999999,2.5,3.46410161513775,1,0.104951539687516,0.105717761840721,0.569895100111321,0.576726871870671
12.4399999999999,2.5,3.46410161513775,1,0.104953533282581,0.105717761840721,0.569912436744486,0.5767268726118
12.4449999999999,2.5,3.46410161513775,1,0.10495552169061,0.105717761840721,0.56992973097701,0.576726873348359
12.4499999999999,2.5,3.46410161513775,1,0.1049575049251,0.105717761840721,0.569946982902525,0.576726874080376
12.4549999999999,2.5,3.46410161513775,1,0.104959482999512,0.105717761840721,0.569964192614517,0.57672687480788
12.4599999999999,2.5,3.46410161513775,1,0.10496145592727,0.105717761840721,0.569981360206335,0.576726875530896
12.4649999999999,2.5,3.46410161513775,1,0.104963423721767,0.105717761840721,0.569998485771185,0.576726876249455
12.4699999999999,2.5,3.46410161513775,1,0.104965386396358,0.105717761840721,0.57001556940213,0.576726876963582
12.4749999999999,2.5,3.46410161513775,1,0.104967343964364,0.105717761840721,0.570032611192095,0.576726877673305
12.4799999999999,2.5,3.46410161513775,1,0.104969296439071,0.105717761840721,0.57004961123386,0.576726878378652
12.4849999999999,2.5,3.46410161513775,1,0.104971243833733,0.105717761840721,0.570066569620065,0.576726879079649
12.4899999999999,2.5,3.46410161513775,1,0.104973186161566,0.105717761840721,0.570083486443205,0.576726879776324
12.4949999999999,2.5,3.46410161513775,1,0.104975123435753,0.105717761840721,0.570100361795634,0.576726880468702
12.4999999999999,2.5,3.46410161513775,1,0.104977055669444,0.105717761840721,0.570117195769563,0.576726881156811
12.5049999999999,2.5,3.46410161513775,1,0.104978982875752,0.105717761840721,0.570133988457059,0.576726881840676
12.5099999999999,2.5,3.46410161513775,1,0.104980905067759,0.105717761840721,0.570150739950046,0.576726882520324
12.5149999999999,2.5,3.46410161513775,1,0.10498282225851,0.105717761840721,0.570167450340306,0.576726883195782
12.5199999999999,2.5,3.46410161513775,1,0.104984734461019,0.105717761840721,0.570184119719474,0.576726883867073
12.5249999999999,2.5,3.46410161513775,1,0.104986641688264,0.105717761840721,0.570200748179044,0.576726884534226
12.5299999999999,2.5,3.46410161513775,1,0.10498854395319,0.105717761840721,0.570217335810364,0.576726885197264
12.5349999999999,2.5,3.46410161513775,1,0.104990441268708,0.105717761840721,0.570233882704637,0.576726885856213
12.5399999999999,2.5,3.46410161513775,1,0.104992333647696,0.105717761840721,0.570250388952924,0.576726886511099
12.5449999999999,2.5,3.46410161513775,1,0.104994221102998,0.105717761840721,0.570266854646138,0.576726887161947
12.5499999999999,2.5,3.46410161513775,1,0.104996103647424,0.105717761840721,0.570283279875049,0.576726887808781
12.5549999999999,2.5,3.46410161513775,1,0.104997981293752,0.105717761840721,0.570299664730282,0.576726888451626
12.5599999999999,2.5,3.46410161513775,1,0.104999854054726,0.105717761840721,0.570316009302315,0.576726889090507
12.5649999999999,2.5,3.46410161513775,1,0.105001721943057,0.105717761840721,0.570332313681481,0.576726889725449
12.5699999999999,2.5,3.46410161513775,1,0.105003584971423,0.105717761840721,0.570348577957968,0.576726890356475
12.5749999999999,2.5,3.46410161513775,1,0.105005443152468,0.105717761840721,0.570364802221818,0.576726890983609
12.5799999999999,2.5,3.46410161513775,1,0.105007296498806,0.105717761840721,0.570380986562926,0.576726891606877
12.5849999999999,2.5,3.46410161513775,1,0.105009145023014,0.105717761840721,0.570397131071041,0.5767268922263
12.5899999999999,2.5,3.46410161513775,1,0.10501098873764,0.105717761840721,0.570413235835766,0.576726892841904
12.5949999999999,2.5,3.46410161513775,1,0.105012827655197,0.105717761840721,0.570429300946558,0.576726893453712
12.5999999999999,2.5,3.46410161513775,1,0.105014661788166,0.105717761840721,0.570445326492725,0.576726894061748
12.6049999999999,2.5,3.46410161513775,1,0.105016491148997,0.105717761840721,0.570461312563431,0.576726894666033
12.6099999999999,2.5,3.46410161513775,1,0.105018315750105,0.105717761840721,0.570477259247691,0.576726895266592
12.6149999999999,2.5,3.46410161513775,1,0.105020135603875,0.105717761840721,0.570493166634373,0.576726895863448
12.6199999999999,2.5,3.46410161513775,1,0.105021950722659,0.105717761840721,0.570509034812199,0.576726896456624
12.6249999999999,2.5,3.46410161513775,1,0.105023761118775,0.105717761840721,0.570524863869742,0.576726897046141
12.6299999999999,2.5,3.46410161513775,1,0.105025566804513,0.105717761840721,0.570540653895429,0.576726897632023
12.6349999999999,2.5,3.46410161513775,1,0.105027367792128,0.105717761840721,0.570556404977538,0.576726898214292
12.6399999999999,2.5,3.46410161513775,1,0.105029164093843,0.105717761840721,0.570572117204199,0.57672689879297
12.6449999999999,2.5,3.46410161513775,1,0.10503095572185,0.105717761840721,0.570587790663396,0.57672689936808
12.6499999999999,2.5,3.46410161513775,1,0.10503274268831,0.105717761840721,0.570603425442963,0.576726899939644
12.6549999999999,2.5,3.46410161513775,1,0.105034525005352,0.105717761840721,0.570619021630586,0.576726900507683
12.6599999999999,2.5,3.46410161513775,1,0.105036302685072,0.105717761840721,0.570634579313804,0.576726901072219
12.6649999999999,2.5,3.46410161513775,1,0.105038075739537,0.105717761840721,0.570650098580007,0.576726901633274
12.6699999999999,2.5,3.46410161513775,1,0.105039844180779,0.105717761840721,0.570665579516435,0.576726902190869
12.6749999999999,2.5,3.46410161513775,1,0.105041608020803,0.105717761840721,0.570681022210182,0.576726902745025
12.6799999999999,2.5,3.46410161513775,1,0.10504336727158,0.105717761840721,0.570696426748192,0.576726903295764
12.6849999999999,2.5,3.46410161513775,1,0.10504512194505,0.105717761840721,0.570711793217259,0.576726903843107
12.6899999999999,2.5,3.46410161513775,1,0.105046872053123,0.105717761840721,0.570727121704031,0.576726904387075
12.6949999999999,2.5,3.46410161513775,1,0.105048617607678,0.105717761840721,0.570742412295005,0.576726904927688
12.6999999999999,2.5,3.46410161513775,1,0.105050358620562,0.105717761840721,0.570757665076529,0.576726905464968
12.7049999999999,2.5,3.46410161513775,1,0.105052095103591,0.105717761840721,0.570772880134803,0.576726905998934
12.7099999999999,2.5,3.46410161513775,1,0.105053827068552,0.105717761840721,0.570788057555876,0.576726906529608
12.7149999999999,2.5,3.46410161513775,1,0.1050555545272,0.105717761840721,0.570803197425651,0.576726907057009
12.7199999999999,2.5,3.46410161513775,1,0.10505727749126,0.105717761840721,0.570818299829877,0.576726907581158
12.7249999999999,2.5,3.46410161513775,1,0.105058995972426,0.105717761840721,0.570833364854157,0.576726908102074
12.7299999999999,2.5,3.46410161513775,1,0.105060709982362,0.105717761840721,0.570848392583944,0.576726908619779
12.7349999999999,2.5,3.46410161513775,1,0.105062419532701,0.105717761840721,0.570863383104541,0.57672690913429
12.7399999999999,2.5,3.46410161513775,1,0.105064124635047,0.105717761840721,0.570878336501101,0.57672690964563
12.7449999999999,2.5,3.46410161513775,1,0.105065825300973,0.105717761840721,0.570893252858629,0.576726910153815
12.7499999999999,2.5,3.46410161513775,1,0.10506752154202,0.105717761840721,0.570908132261977,0.576726910658867
12.7549999999999,2.5,3.46410161513775,1,0.105069213369703,0.105717761840721,0.570922974795851,0.576726911160805
12.7599999999999,2.5,3.46410161513775,1,0.105070900795505,0.105717761840721,0.570937780544805,0.576726911659647
12.7649999999999,2.5,3.46410161513775,1,0.105072583830878,0.105717761840721,0.570952549593244,0.576726912155413
12.7699999999999,2.5,3.46410161513775,1,0.105074262487245,0.105717761840721,0.570967282025422,0.576726912648122
12.7749999999999,2.5,3.46410161513775,1,0.105075936776,0.105717761840721,0.570981977925444,0.576726913137793
12.7799999999999,2.5,3.46410161513775,1,0.105077606708507,0.105717761840721,0.570996637377266,0.576726913624444
12.7849999999999,2.5,3.46410161513775,1,0.1050792722961,0.105717761840721,0.571011260464691,0.576726914108094
12.7899999999999,2.5,3.46410161513775,1,0.105080933550085,0.105717761840721,0.571025847271375,0.576726914588761
12.7949999999999,2.5,3.46410161513775,1,0.105082590481736,0.105717761840721,0.571040397880823,0.576726915066465
12.7999999999999,2.5,3.46410161513775,1,0.105084243102299,0.105717761840721,0.571054912376389,0.576726915541222
12.8049999999999,2.5,3.46410161513775,1,0.105085891422991,0.105717761840721,0.571069390841277,0.576726916013052
12.8099999999999,2.5,3.46410161513775,1,0.105087535455001,0.105717761840721,0.571083833358542,0.576726916481973
12.8149999999999,2.5,3.46410161513775,1,0.105089175209486,0.105717761840721,0.571098240011089,0.576726916948002
12.8199999999999,2.5,3.46410161513775,1,0.105090810697575,0.105717761840721,0.57111261088167,0.576726917411156
12.8249999999999,2.5,3.46410161513775,1,0.10509244193037,0.105717761840721,0.571126946052891,0.576726917871455
12.8299999999999,2.5,3.46410161513775,1,0.105094068918943,0.105717761840721,0.571141245607204,0.576726918328916
12.8349999999999,2.5,3.46410161513775,1,0.105095691674335,0.105717761840721,0.571155509626913,0.576726918783555
12.8399999999999,2.5,3.46410161513775,1,0.105097310207561,0.105717761840721,0.571169738194171,0.576726919235391
12.8449999999999,2.5,3.46410161513775,1,0.105098924529606,0.105717761840721,0.571183931390981,0.57672691968444
12.8499999999999,2.5,3.46410161513775,1,0.105100534651428,0.105717761840721,0.571198089299197,0.57672692013072
12.8549999999999,2.5,3.46410161513775,1,0.105102140583954,0.105717761840721,0.57121221200052,0.576726920574249
12.8599999999999,2.5,3.46410161513775,1,0.105103742338085,0.105717761840721,0.571226299576502,0.576726921015042
12.8649999999999,2.5,3.46410161513775,1,0.105105339924692,0.105717761840721,0.571240352108547,0.576726921453117
12.8699999999999,2.5,3.46410161513775,1,0.105106933354619,0.105717761840721,0.571254369677906,0.576726921888491
12.8749999999999,2.5,3.46410161513775,1,0.105108522638679,0.105717761840721,0.57126835236568,0.576726922321179
12.8799999999999,2.5,3.46410161513775,1,0.105110107787662,0.105717761840721,0.571282300252821,0.5767269227512
12.8849999999999,2.5,3.46410161513775,1,0.105111688812324,0.105717761840721,0.571296213420131,0.576726923178569
12.8899999999999,2.5,3.46410161513775,1,0.105113265723398,0.105717761840721,0.571310091948261,0.576726923603302
12.8949999999999,2.5,3.46410161513775,1,0.105114838531585,0.105717761840721,0.571323935917712,0.576726924025416
12.8999999999999,2.5,3.46410161513775,1,0.105116407247562,0.105717761840721,0.571337745408834,0.576726924444928
12.9049999999999,2.5,3.46410161513775,1,0.105117971881975,0.105717761840721,0.57135152050183,0.576726924861852
12.9099999999999,2.5,3.46410161513775,1,0.105119532445444,0.105717761840721,0.57136526127675,0.576726925276205
12.9149999999999,2.5,3.46410161513775,1,0.105121088948561,0.105717761840721,0.571378967813494,0.576726925688003
12.9199999999999,2.5,3.46410161513775,1,0.105122641401891,0.105717761840721,0.571392640191814,0.576726926097262
12.9249999999999,2.5,3.46410161513775,1,0.10512418981597,0.105717761840721,0.571406278491311,0.576726926503997
12.9299999999999,2.5,3.46410161513775,1,0.105125734201307,0.105717761840721,0.571419882791435,0.576726926908223
12.9349999999999,2.5,3.46410161513775,1,0.105127274568386,0.105717761840721,0.571433453171488,0.576726927309957
12.9399999999999,2.5,3.46410161513775,1,0.105128810927661,0.105717761840721,0.571446989710621,0.576726927709214
12.9449999999999,2.5,3.46410161513775,1,0.10513034328956,0.105717761840721,0.571460492487836,0.576726928106009
12.9499999999999,2.5,3.46410161513775,1,0.105131871664483,0.105717761840721,0.571473961581984,0.576726928500357
12.9549999999999,2.5,3.46410161513775,1,0.105133396062804,0.105717761840721,0.571487397071768,0.576726928892273
12.9599999999999,2.5,3.46410161513775,1,0.105134916494869,0.105717761840721,0.57150079903574,0.576726929281772
12.9649999999999,2.5,3.46410161513775,1,0.105136432970998,0.105717761840721,0.571514167552302,0.576726929668869
12.9699999999999,2.5,3.46410161513775,1,0.105137945501484,0.105717761840721,0.571527502699707,0.576726930053579
12.9749999999999,2.5,3.46410161513775,1,0.105139454096592,0.105717761840721,0.57154080455606,0.576726930435917
12.9799999999999,2.5,3.46410161513775,1,0.105140958766562,0.105717761840721,0.571554073199315,0.576726930815897
12.9849999999999,2.5,3.46410161513775,1,0.105142459521607,0.105717761840721,0.571567308707277,0.576726931193534
12.9899999999999,2.5,3.46410161513775,1,0.105143956371912,0.105717761840721,0.5715805111576,0.576726931568842
12.9949999999999,2.5,3.46410161513775,1,0.105145449327638,0.105717761840721,0.571593680627791,0.576726931941836
12.9999999999999,2.5,3.46410161513775,1,0.105146938398917,0.105717761840721,0.571606817195208,0.57672693231253
13.0049999999999,2.5,3.46410161513775,1,0.105148423595855,0.105717761840721,0.571619920937058,0.576726932680938
13.0099999999999,2.5,3.46410161513775,1,0.105149904928534,0.105717761840721,0.571632991930399,0.576726933047073
13.0149999999999,2.5,3.46410161513775,1,0.105151382407008,0.105717761840721,0.571646030252142,0.576726933410952
13.0199999999999,2.5,3.46410161513775,1,0.105152856041305,0.105717761840721,0.571659035979048,0.576726933772586
13.0249999999999,2.5,3.46410161513775,1,0.105154325841426,0.105717761840721,0.571672009187728,0.57672693413199
13.0299999999999,2.5,3.46410161513775,1,0.105155791817348,0.105717761840721,0.571684949954645,0.576726934489178
13.0349999999999,2.5,3.46410161513775,1,0.10515725397902,0.105717761840721,0.571697858356114,0.576726934844163
13.0399999999999,2.5,3.46410161513775,1,0.105158712336367,0.105717761840721,0.571710734468301,0.576726935196959
13.0449999999999,2.5,3.46410161513775,1,0.105160166899288,0.105717761840721,0.571723578367223,0.57672693554758
13.0499999999999,2.5,3.46410161513775,1,0.105161617677653,0.105717761840721,0.571736390128748,0.576726935896038
13.0549999999999,2.5,3.46410161513775,1,0.105163064681311,0.105717761840721,0.571749169828598,0.576726936242348
13.0599999999999,2.5,3.46410161513775,1,0.105164507920083,0.105717761840721,0.571761917542343,0.576726936586522
13.0649999999999,2.5,3.46410161513775,1,0.105165947403764,0.105717761840721,0.571774633345408,0.576726936928574
13.0699999999999,2.5,3.46410161513775,1,0.105167383142125,0.105717761840721,0.571787317313069,0.576726937268516
13.0749999999999,2.5,3.46410161513775,1,0.10516881514491,0.105717761840721,0.571799969520452,0.576726937606362
13.0799999999999,2.5,3.46410161513775,1,0.105170243421838,0.105717761840721,0.571812590042538,0.576726937942125
13.0849999999999,2.5,3.46410161513775,1,0.105171667982604,0.105717761840721,0.571825178954158,0.576726938275817
13.0899999999999,2.5,3.46410161513775,1,0.105173088836877,0.105717761840721,0.571837736329996,0.576726938607452
13.0949999999999,2.5,3.46410161513775,1,0.1051745059943,0.105717761840721,0.571850262244589,0.576726938937041
13.0999999999999,2.5,3.46410161513775,1,0.105175919464492,0.105717761840721,0.571862756772325,0.576726939264598
13.1049999999999,2.5,3.46410161513775,1,0.105177329257047,0.105717761840721,0.571875219987445,0.576726939590135
13.1099999999999,2.5,3.46410161513775,1,0.105178735381534,0.105717761840721,0.571887651964044,0.576726939913665
13.1149999999999,2.5,3.46410161513775,1,0.105180137847495,0.105717761840721,0.571900052776066,0.576726940235199
13.1199999999999,2.5,3.46410161513775,1,0.10518153666445,0.105717761840721,0.571912422497313,0.576726940554751
13.1249999999999,2.5,3.46410161513775,1,0.105182931841894,0.105717761840721,0.571924761201436,0.576726940872332
13.1299999999999,2.5,3.46410161513775,1,0.105184323389295,0.105717761840721,0.571937068961941,0.576726941187955
13.1349999999999,2.5,3.46410161513775,1,0.105185711316099,0.105717761840721,0.571949345852184,0.576726941501631
13.1399999999999,2.5,3.46410161513775,1,0.105187095631725,0.105717761840721,0.57196159194538,0.576726941813373
13.1449999999999,2.5,3.46410161513775,1,0.10518847634557,0.105717761840721,0.571973807314592,0.576726942123193
13.1499999999999,2.5,3.46410161513775,1,0.105189853467004,0.105717761840721,0.571985992032738,0.576726942431102
13.1549999999999,2.5,3.46410161513775,1,0.105191227005376,0.105717761840721,0.571998146172591,0.576726942737113
13.1599999999999,2.5,3.46410161513775,1,0.105192596970006,0.105717761840721,0.572010269806777,0.576726943041236
13.1649999999999,2.5,3.46410161513775,1,0.105193963370194,0.105717761840721,0.572022363007774,0.576726943343484
13.1699999999999,2.5,3.46410161513775,1,0.105195326215214,0.105717761840721,0.572034425847917,0.576726943643868
13.1749999999999,2.5,3.46410161513775,1,0.105196685514316,0.105717761840721,0.572046458399393,0.5767269439424
13.1799999999999,2.5,3.46410161513775,1,0.105198041276725,0.105717761840721,0.572058460734242,0.576726944239091
13.1849999999999,2.5,3.46410161513775,1,0.105199393511644,0.105717761840721,0.572070432924363,0.576726944533952
13.1899999999999,2.5,3.46410161513775,1,0.105200742228251,0.105717761840721,0.572082375041503,0.576726944826995
13.1949999999999,2.5,3.46410161513775,1,0.1052020874357,0.105717761840721,0.572094287157269,0.576726945118231
13.1999999999999,2.5,3.46410161513775,1,0.10520342914312,0.105717761840721,0.572106169343119,0.576726945407671
13.2049999999999,2.5,3.46410161513775,1,0.105204767359619,0.105717761840721,0.572118021670368,0.576726945695326
13.2099999999999,2.5,3.46410161513775,1,0.10520610209428,0.105717761840721,0.572129844210186,0.576726945981207
13.2149999999999,2.5,3.46410161513775,1,0.105207433356161,0.105717761840721,0.572141637033595,0.576726946265325
13.2199999999999,2.5,3.46410161513775,1,0.105208761154299,0.105717761840721,0.572153400211475,0.576726946547691
13.2249999999999,2.5,3.46410161513775,1,0.105210085497705,0.105717761840721,0.572165133814562,0.576726946828316
13.2299999999999,2.5,3.46410161513775,1,0.105211406395369,0.105717761840721,0.572176837913444,0.576726947107211
13.2349999999999,2.5,3.46410161513775,1,0.105212723856255,0.105717761840721,0.572188512578568,0.576726947384386
13.2399999999999,2.5,3.46410161513775,1,0.105214037889305,0.105717761840721,0.572200157880235,0.576726947659851
13.2449999999999,2.5,3.46410161513775,1,0.105215348503439,0.105717761840721,0.572211773888601,0.576726947933618
13.2499999999999,2.5,3.46410161513775,1,0.105216655707551,0.105717761840721,0.57222336067368,0.576726948205696
13.2549999999999,2.5,3.46410161513775,1,0.105217959510514,0.105717761840721,0.57223491830534,0.576726948476097
13.2599999999999,2.5,3.46410161513775,1,0.105219259921178,0.105717761840721,0.572246446853308,0.57672694874483
13.2649999999999,2.5,3.46410161513775,1,0.105220556948368,0.105717761840721,0.572257946387164,0.576726949011906
13.2699999999999,2.5,3.46410161513775,1,0.105221850600888,0.105717761840721,0.572269416976348,0.576726949277335
13.2749999999999,2.5,3.46410161513775,1,0.105223140887518,0.105717761840721,0.572280858690153,0.576726949541128
13.2799999999999,2.5,3.46410161513775,1,0.105224427817016,0.105717761840721,0.572292271597731,0.576726949803293
13.2849999999999,2.5,3.46410161513775,1,0.105225711398117,0.105717761840721,0.572303655768092,0.576726950063842
13.2899999999999,2.5,3.46410161513775,1,0.105226991639533,0.105717761840721,0.5723150112701,0.576726950322785
13.2949999999999,2.5,3.46410161513775,1,0.105228268549952,0.105717761840721,0.572326338172479,0.57672695058013
13.2999999999999,2.5,3.46410161513775,1,0.105229542138042,0.105717761840721,0.572337636543809,0.576726950835889
13.3049999999999,2.5,3.46410161513775,1,0.105230812412447,0.105717761840721,0.572348906452527,0.57672695109007
13.3099999999999,2.5,3.46410161513775,1,0.105232079381788,0.105717761840721,0.57236014796693,0.576726951342684
13.3149999999999,2.5,3.46410161513775,1,0.105233343054666,0.105717761840721,0.57237136115517,0.57672695159374
13.3199999999999,2.5,3.46410161513775,1,0.105234603439656,0.105717761840721,0.572382546085259,0.576726951843248
13.3249999999999,2.5,3.46410161513775,1,0.105235860545313,0.105717761840721,0.572393702825066,0.576726952091217
13.3299999999999,2.5,3.46410161513775,1,0.105237114380171,0.105717761840721,0.572404831442319,0.576726952337657
13.3349999999999,2.5,3.46410161513775,1,0.105238364952738,0.105717761840721,0.572415932004604,0.576726952582578
13.3399999999999,2.5,3.46410161513775,1,0.105239612271503,0.105717761840721,0.572427004579365,0.576726952825988
13.3449999999999,2.5,3.46410161513775,1,0.105240856344931,0.105717761840721,0.572438049233907,0.576726953067897
13.3499999999999,2.5,3.46410161513775,1,0.105242097181468,0.105717761840721,0.572449066035391,0.576726953308315
13.3549999999999,2.5,3.46410161513775,1,0.105243334789534,0.105717761840721,0.57246005505084,0.576726953547249
13.3599999999999,2.5,3.46410161513775,1,0.105244569177529,0.105717761840721,0.572471016347132,0.576726953784711
13.3649999999999,2.5,3.46410161513775,1,0.105245800353832,0.105717761840721,0.57248194999101,0.576726954020708
13.3699999999999,2.5,3.46410161513775,1,0.105247028326799,0.105717761840721,0.572492856049072,0.57672695425525
13.3749999999999,2.5,3.46410161513775,1,0.105248253104765,0.105717761840721,0.572503734587776,0.576726954488345
13.3799999999999,2.5,3.46410161513775,1,0.105249474696042,0.105717761840721,0.572514585673444,0.576726954720003
13.3849999999999,2.5,3.46410161513775,1,0.105250693108922,0.105717761840721,0.572525409372253,0.576726954950233
13.3899999999999,2.5,3.46410161513775,1,0.105251908351674,0.105717761840721,0.572536205750243,0.576726955179042
13.3949999999999,2.5,3.46410161513775,1,0.105253120432548,0.105717761840721,0.572546974873313,0.576726955406441
13.3999999999999,2.5,3.46410161513775,1,0.105254329359768,0.105717761840721,0.572557716807224,0.576726955632438
13.4049999999999,2.5,3.46410161513775,1,0.105255535141542,0.105717761840721,0.572568431617597,0.576726955857041
13.4099999999999,2.5,3.46410161513775,1,0.105256737786052,0.105717761840721,0.572579119369913,0.576726956080258
13.4149999999999,2.5,3.46410161513775,1,0.105257937301462,0.105717761840721,0.572589780129515,0.5767269563021
13.4199999999999,2.5,3.46410161513775,1,0.105259133695912,0.105717761840721,0.572600413961606,0.576726956522573
13.4249999999999,2.5,3.46410161513775,1,0.105260326977524,0.105717761840721,0.572611020931253,0.576726956741687
13.4299999999999,2.5,3.46410161513775,1,0.105261517154396,0.105717761840721,0.572621601103382,0.576726956959449
13.4349999999999,2.5,3.46410161513775,1,0.105262704234607,0.105717761840721,0.572632154542781,0.576726957175869
13.4399999999999,2.5,3.46410161513775,1,0.105263888226212,0.105717761840721,0.5726426813141,0.576726957390954
13.4449999999999,2.5,3.46410161513775,1,0.10526506913725,0.105717761840721,0.572653181481852,0.576726957604713
13.4499999999999,2.5,3.46410161513775,1,0.105266246975734,0.105717761840721,0.572663655110412,0.576726957817154
13.4549999999999,2.5,3.46410161513775,1,0.105267421749659,0.105717761840721,0.572674102264016,0.576726958028284
13.4599999999999,2.5,3.46410161513775,1,0.105268593466999,0.105717761840721,0.572684523006764,0.576726958238113
13.4649999999999,2.5,3.46410161513775,1,0.105269762135705,0.105717761840721,0.572694917402618,0.576726958446647
13.4699999999999,2.5,3.46410161513775,1,0.105270927763712,0.105717761840721,0.572705285515403,0.576726958653896
13.4749999999999,2.5,3.46410161513775,1,0.105272090358929,0.105717761840721,0.572715627408807,0.576726958859867
13.4799999999999,2.5,3.46410161513775,1,0.105273249929248,0.105717761840721,0.572725943146382,0.576726959064567
13.4849999999999,2.5,3.46410161513775,1,0.105274406482539,0.105717761840721,0.572736232791542,0.576726959268006
13.4899999999999,2.5,3.46410161513775,1,0.105275560026651,0.105717761840721,0.572746496407567,0.576726959470189
13.4949999999999,2.5,3.46410161513775,1,0.105276710569415,0.105717761840721,0.572756734057598,0.576726959671126
13.4999999999999,2.5,3.46410161513775,1,0.10527785811864,0.105717761840721,0.572766945804641,0.576726959870824
13.5049999999999,2.5,3.46410161513775,1,0.105279002682114,0.105717761840721,0.572777131711567,0.57672696006929
13.5099999999999,2.5,3.46410161513775,1,0.105280144267605,0.105717761840721,0.572787291841111,0.576726960266533
13.5149999999999,2.5,3.46410161513775,1,0.105281282882862,0.105717761840721,0.572797426255871,0.576726960462559
13.5199999999999,2.5,3.46410161513775,1,0.105282418535613,0.105717761840721,0.572807535018312,0.576726960657376
13.5249999999999,2.5,3.46410161513775,1,0.105283551233566,0.105717761840721,0.572817618190763,0.576726960850992
13.5299999999999,2.5,3.46410161513775,1,0.105284680984408,0.105717761840721,0.572827675835416,0.576726961043414
13.5349999999999,2.5,3.46410161513775,1,0.105285807795809,0.105717761840721,0.572837708014332,0.57672696123465
13.5399999999999,2.5,3.46410161513775,1,0.105286931675416,0.105717761840721,0.572847714789435,0.576726961424706
13.5449999999999,2.5,3.46410161513775,1,0.105288052630856,0.105717761840721,0.572857696222515,0.57672696161359
13.5499999999999,2.5,3.46410161513775,1,0.105289170669739,0.105717761840721,0.572867652375227,0.57672696180131
13.5549999999999,2.5,3.46410161513775,1,0.105290285799652,0.105717761840721,0.572877583309094,0.576726961987872
13.5599999999999,2.5,3.46410161513775,1,0.105291398028164,0.105717761840721,0.572887489085503,0.576726962173283
13.5649999999999,2.5,3.46410161513775,1,0.105292507362825,0.105717761840721,0.57289736976571,0.576726962357551
13.5699999999999,2.5,3.46410161513775,1,0.105293613811163,0.105717761840721,0.572907225410834,0.576726962540682
13.5749999999999,2.5,3.46410161513775,1,0.105294717380689,0.105717761840721,0.572917056081863,0.576726962722685
13.5799999999999,2.5,3.46410161513775,1,0.105295818078893,0.105717761840721,0.572926861839653,0.576726962903565
13.5849999999999,2.5,3.46410161513775,1,0.105296915913245,0.105717761840721,0.572936642744924,0.576726963083329
13.5899999999999,2.5,3.46410161513775,1,0.105298010891197,0.105717761840721,0.572946398858265,0.576726963261986
13.5949999999999,2.5,3.46410161513775,1,0.10529910302018,0.105717761840721,0.572956130240133,0.57672696343954
13.5999999999999,2.5,3.46410161513775,1,0.105300192307608,0.105717761840721,0.572965836950853,0.576726963615999
13.6049999999999,2.5,3.46410161513775,1,0.105301278760873,0.105717761840721,0.572975519050615,0.576726963791371
13.6099999999999,2.5,3.46410161513775,1,0.10530236238735,0.105717761840721,0.572985176599479,0.576726963965661
13.6149999999999,2.5,3.46410161513775,1,0.105303443194394,0.105717761840721,0.572994809657375,0.576726964138876
13.6199999999999,2.5,3.46410161513775,1,0.105304521189339,0.105717761840721,0.573004418284098,0.576726964311023
13.6249999999999,2.5,3.46410161513775,1,0.105305596379504,0.105717761840721,0.573014002539314,0.576726964482108
13.6299999999999,2.5,3.46410161513775,1,0.105306668772185,0.105717761840721,0.573023562482557,0.576726964652138
13.6349999999999,2.5,3.46410161513775,1,0.105307738374662,0.105717761840721,0.57303309817323,0.57672696482112
13.6399999999999,2.5,3.46410161513775,1,0.105308805194193,0.105717761840721,0.573042609670605,0.57672696498906
13.6449999999999,2.5,3.46410161513775,1,0.10530986923802,0.105717761840721,0.573052097033825,0.576726965155964
13.6499999999999,2.5,3.46410161513775,1,0.105310930513364,0.105717761840721,0.573061560321899,0.576726965321839
13.6549999999999,2.5,3.46410161513775,1,0.105311989027429,0.105717761840721,0.57307099959371,0.576726965486691
13.6599999999999,2.5,3.46410161513775,1,0.1053130447874,0.105717761840721,0.573080414908008,0.576726965650527
13.6649999999999,2.5,3.46410161513775,1,0.105314097800442,0.105717761840721,0.573089806323414,0.576726965813352
13.6699999999999,2.5,3.46410161513775,1,0.105315148073701,0.105717761840721,0.57309917389842,0.576726965975173
13.6749999999999,2.5,3.46410161513775,1,0.105316195614307,0.105717761840721,0.573108517691389,0.576726966135996
13.6799999999999,2.5,3.46410161513775,1,0.10531724042937,0.105717761840721,0.573117837760553,0.576726966295828
13.6849999999999,2.5,3.46410161513775,1,0.105318282525981,0.105717761840721,0.573127134164016,0.576726966454673
13.6899999999999,2.5,3.46410161513775,1,0.105319321911212,0.105717761840721,0.573136406959752,0.57672696661254
13.6949999999999,2.5,3.46410161513775,1,0.10532035859212,0.105717761840721,0.573145656205609,0.576726966769432
13.6999999999999,2.5,3.46410161513775,1,0.105321392575739,0.105717761840721,0.573154881959305,0.576726966925358
13.7049999999999,2.5,3.46410161513775,1,0.105322423869088,0.105717761840721,0.573164084278428,0.576726967080322
13.7099999999999,2.5,3.46410161513775,1,0.105323452479166,0.105717761840721,0.573173263220441,0.57672696723433
13.7149999999999,2.5,3.46410161513775,1,0.105324478412955,0.105717761840721,0.573182418842677,0.576726967387388
13.7199999999999,2.5,3.46410161513775,1,0.105325501677419,0.105717761840721,0.573191551202343,0.576726967539503
13.7249999999999,2.5,3.46410161513775,1,0.105326522279502,0.105717761840721,0.573200660356517,0.576726967690679
13.7299999999999,2.5,3.46410161513775,1,0.105327540226131,0.105717761840721,0.573209746362151,0.576726967840924
13.7349999999999,2.5,3.46410161513775,1,0.105328555524217,0.105717761840721,0.573218809276069,0.576726967990241
13.7399999999999,2.5,3.46410161513775,1,0.105329568180648,0.105717761840721,0.573227849154968,0.576726968138639
13.7449999999999,2.5,3.46410161513775,1,0.1053305782023,0.105717761840721,0.57323686605542,0.57672696828612
13.7499999999999,2.5,3.46410161513775,1,0.105331585596027,0.105717761840721,0.573245860033868,0.576726968432693
13.7549999999999,2.5,3.46410161513775,1,0.105332590368667,0.105717761840721,0.573254831146631,0.576726968578362
13.7599999999999,2.5,3.46410161513775,1,0.105333592527039,0.105717761840721,0.573263779449902,0.576726968723132
13.7649999999999,2.5,3.46410161513775,1,0.105334592077945,0.105717761840721,0.573272704999745,0.576726968867009
13.7699999999999,2.5,3.46410161513775,1,0.10533558902817,0.105717761840721,0.573281607852103,0.57672696901
13.7749999999999,2.5,3.46410161513775,1,0.10533658338448,0.105717761840721,0.573290488062789,0.576726969152108
13.7799999999999,2.5,3.46410161513775,1,0.105337575153624,0.105717761840721,0.573299345687495,0.576726969293341
13.7849999999999,2.5,3.46410161513775,1,0.105338564342334,0.105717761840721,0.573308180781785,0.576726969433702
13.7899999999999,2.5,3.46410161513775,1,0.105339550957323,0.105717761840721,0.573316993401098,0.576726969573198
13.7949999999999,2.5,3.46410161513775,1,0.105340535005288,0.105717761840721,0.573325783600751,0.576726969711833
13.7999999999999,2.5,3.46410161513775,1,0.105341516492907,0.105717761840721,0.573334551435934,0.576726969849614
13.8049999999999,2.5,3.46410161513775,1,0.105342495426844,0.105717761840721,0.573343296961715,0.576726969986545
13.8099999999999,2.5,3.46410161513775,1,0.105343471813741,0.105717761840721,0.573352020233035,0.576726970122632
13.8149999999999,2.5,3.46410161513775,1,0.105344445660225,0.105717761840721,0.573360721304715,0.576726970257879
13.8199999999999,2.5,3.46410161513775,1,0.105345416972908,0.105717761840721,0.573369400231448,0.576726970392292
13.8249999999999,2.5,3.46410161513775,1,0.10534638575838,0.105717761840721,0.573378057067808,0.576726970525877
13.8299999999999,2.5,3.46410161513775,1,0.105347352023218,0.105717761840721,0.573386691868242,0.576726970658638
13.8349999999999,2.5,3.46410161513775,1,0.10534831577398,0.105717761840721,0.573395304687076,0.57672697079058
13.8399999999999,2.5,3.46410161513775,1,0.105349277017208,0.105717761840721,0.573403895578514,0.576726970921708
13.8449999999999,2.5,3.46410161513775,1,0.105350235759424,0.105717761840721,0.573412464596636,0.576726971052028
13.8499999999999,2.5,3.46410161513775,1,0.105351192007137,0.105717761840721,0.5734210117954,0.576726971181544
13.8549999999999,2.5,3.46410161513775,1,0.105352145766837,0.105717761840721,0.57342953722864,0.576726971310262
13.8599999999999,2.5,3.46410161513775,1,0.105353097044998,0.105717761840721,0.573438040950072,0.576726971438185
13.8649999999999,2.5,3.46410161513775,1,0.105354045848075,0.105717761840721,0.573446523013287,0.57672697156532
13.8699999999999,2.5,3.46410161513775,1,0.105354992182509,0.105717761840721,0.573454983471756,0.576726971691671
13.8749999999999,2.5,3.46410161513775,1,0.105355936054723,0.105717761840721,0.573463422378827,0.576726971817243
13.8799999999999,2.5,3.46410161513775,1,0.105356877471124,0.105717761840721,0.573471839787729,0.57672697194204
13.8849999999999,2.5,3.46410161513775,1,0.105357816438099,0.105717761840721,0.573480235751569,0.576726972066068
13.8899999999999,2.5,3.46410161513775,1,0.105358752962024,0.105717761840721,0.573488610323332,0.576726972189331
13.8949999999999,2.5,3.46410161513775,1,0.105359687049254,0.105717761840721,0.573496963555886,0.576726972311834
13.8999999999999,2.5,3.46410161513775,1,0.10536061870613,0.105717761840721,0.573505295501974,0.576726972433582
13.9049999999999,2.5,3.46410161513775,1,0.105361547938973,0.105717761840721,0.573513606214222,0.576726972554578
13.9099999999999,2.5,3.46410161513775,1,0.105362474754093,0.105717761840721,0.573521895745136,0.576726972674829
13.9149999999999,2.5,3.46410161513775,1,0.105363399157778,0.105717761840721,0.573530164147102,0.576726972794338
13.9199999999999,2.5,3.46410161513775,1,0.105364321156304,0.105717761840721,0.573538411472385,0.57672697291311
13.9249999999999,2.5,3.46410161513775,1,0.105365240755928,0.105717761840721,0.573546637773133,0.576726973031149
13.9299999999999,2.5,3.46410161513775,1,0.105366157962892,0.105717761840721,0.573554843101373,0.576726973148461
13.9349999999999,2.5,3.46410161513775,1,0.105367072783421,0.105717761840721,0.573563027509014,0.576726973265049
13.9399999999999,2.5,3.46410161513775,1,0.105367985223724,0.105717761840721,0.573571191047846,0.576726973380919
13.9449999999999,2.5,3.46410161513775,1,0.105368895289995,0.105717761840721,0.573579333769542,0.576726973496073
13.9499999999999,2.5,3.46410161513775,1,0.10536980298841,0.105717761840721,0.573587455725655,0.576726973610518
13.9549999999999,2.5,3.46410161513775,1,0.105370708325129,0.105717761840721,0.57359555696762,0.576726973724257
13.9599999999999,2.5,3.46410161513775,1,0.105371611306298,0.105717761840721,0.573603637546754,0.576726973837295
13.9649999999999,2.5,3.46410161513775,1,0.105372511938046,0.105717761840721,0.57361169751426,0.576726973949635
13.9699999999999,2.5,3.46410161513775,1,0.105373410226485,0.105717761840721,0.573619736921218,0.576726974061283
13.9749999999999,2.5,3.46410161513775,1,0.105374306177713,0.105717761840721,0.573627755818594,0.576726974172242
13.9799999999999,2.5,3.46410161513775,1,0.105375199797809,0.105717761840721,0.573635754257236,0.576726974282517
13.9849999999999,2.5,3.46410161513775,1,0.105376091092841,0.105717761840721,0.573643732287877,0.576726974392112
13.9899999999999,2.5,3.46410161513775,1,0.105376980068856,0.105717761840721,0.573651689961131,0.576726974501031
13.9949999999999,2.5,3.46410161513775,1,0.105377866731889,0.105717761840721,0.573659627327497,0.576726974609279
13.9999999999999,2.5,3.46410161513775,1,0.105378751087958,0.105717761840721,0.573667544437358,0.576726974716859
14.0049999999999,2.5,3.46410161513775,1,0.105379633143065,0.105717761840721,0.573675441340979,0.576726974823775
14.0099999999999,2.5,3.46410161513775,1,0.105380512903198,0.105717761840721,0.573683318088513,0.576726974930033
14.0149999999999,2.5,3.46410161513775,1,0.105381390374326,0.105717761840721,0.573691174729993,0.576726975035635
14.0199999999999,2.5,3.46410161513775,1,0.105382265562406,0.105717761840721,0.57369901131534,0.576726975140585
14.0249999999999,2.5,3.46410161513775,1,0.105383138473378,0.105717761840721,0.573706827894359,0.576726975244889
14.0299999999999,2.5,3.46410161513775,1,0.105384009113167,0.105717761840721,0.573714624516739,0.57672697534855
14.0349999999999,2.5,3.46410161513775,1,0.105384877487682,0.105717761840721,0.573722401232056,0.576726975451571
14.0399999999999,2.5,3.46410161513775,1,0.105385743602816,0.105717761840721,0.57373015808977,0.576726975553957
14.0449999999999,2.5,3.46410161513775,1,0.105386607464449,0.105717761840721,0.573737895139228,0.576726975655711
14.0499999999999,2.5,3.46410161513775,1,0.105387469078444,0.105717761840721,0.573745612429662,0.576726975756838
14.0549999999999,2.5,3.46410161513775,1,0.105388328450648,0.105717761840721,0.573753310010191,0.576726975857342
14.0599999999999,2.5,3.46410161513775,1,0.105389185586895,0.105717761840721,0.573760987929818,0.576726975957225
14.0649999999999,2.5,3.46410161513775,1,0.105390040493001,0.105717761840721,0.573768646237436,0.576726976056493
14.0699999999999,2.5,3.46410161513775,1,0.105390893174771,0.105717761840721,0.573776284981822,0.576726976155149
14.0749999999999,2.5,3.46410161513775,1,0.10539174363799,0.105717761840721,0.573783904211641,0.576726976253196
14.0799999999999,2.5,3.46410161513775,1,0.105392591888432,0.105717761840721,0.573791503975446,0.576726976350638
14.0849999999999,2.5,3.46410161513775,1,0.105393437931853,0.105717761840721,0.573799084321675,0.57672697644748
14.0899999999999,2.5,3.46410161513775,1,0.105394281773997,0.105717761840721,0.573806645298657,0.576726976543725
14.0949999999999,2.5,3.46410161513775,1,0.105395123420589,0.105717761840721,0.573814186954606,0.576726976639376
14.0999999999999,2.5,3.46410161513775,1,0.105395962877344,0.105717761840721,0.573821709337625,0.576726976734437
14.1049999999999,2.5,3.46410161513775,1,0.105396800149958,0.105717761840721,0.573829212495705,0.576726976828912
14.1099999999999,2.5,3.46410161513775,1,0.105397635244114,0.105717761840721,0.573836696476725,0.576726976922804
14.1149999999999,2.5,3.46410161513775,1,0.105398468165481,0.105717761840721,0.573844161328454,0.576726977016117
14.1199999999999,2.5,3.46410161513775,1,0.105399298919711,0.105717761840721,0.573851607098548,0.576726977108855
14.1249999999999,2.5,3.46410161513775,1,0.105400127512444,0.105717761840721,0.573859033834554,0.576726977201021
14.1299999999999,2.5,3.46410161513775,1,0.105400953949302,0.105717761840721,0.573866441583907,0.576726977292619
14.1349999999999,2.5,3.46410161513775,1,0.105401778235896,0.105717761840721,0.573873830393932,0.576726977383652
14.1399999999999,2.5,3.46410161513775,1,0.10540260037782,0.105717761840721,0.573881200311843,0.576726977474123
14.1449999999999,2.5,3.46410161513775,1,0.105403420380653,0.105717761840721,0.573888551384745,0.576726977564037
14.1499999999999,2.5,3.46410161513775,1,0.105404238249963,0.105717761840721,0.573895883659631,0.576726977653396
14.1549999999999,2.5,3.46410161513775,1,0.105405053991299,0.105717761840721,0.573903197183386,0.576726977742204
14.1599999999999,2.5,3.46410161513775,1,0.105405867610199,0.105717761840721,0.573910492002786,0.576726977830465
14.1649999999999,2.5,3.46410161513775,1,0.105406679112184,0.105717761840721,0.573917768164497,0.576726977918181
14.1699999999999,2.5,3.46410161513775,1,0.105407488502763,0.105717761840721,0.573925025715075,0.576726978005356
14.1749999999999,2.5,3.46410161513775,1,0.10540829578743,0.105717761840721,0.573932264700968,0.576726978091994
14.1799999999999,2.5,3.46410161513775,1,0.105409100971662,0.105717761840721,0.573939485168515,0.576726978178097
14.1849999999999,2.5,3.46410161513775,1,0.105409904060926,0.105717761840721,0.573946687163948,0.57672697826367
14.1899999999999,2.5,3.46410161513775,1,0.105410705060673,0.105717761840721,0.573953870733389,0.576726978348714
14.1949999999999,2.5,3.46410161513775,1,0.105411503976338,0.105717761840721,0.573961035922851,0.576726978433235
14.1999999999999,2.5,3.46410161513775,1,0.105412300813344,0.105717761840721,0.573968182778242,0.576726978517234
14.2049999999999,2.5,3.46410161513775,1,0.105413095577101,0.105717761840721,0.573975311345362,0.576726978600715
14.2099999999999,2.5,3.46410161513775,1,0.105413888273001,0.105717761840721,0.5739824216699,0.576726978683681
14.2149999999999,2.5,3.46410161513775,1,0.105414678906425,0.105717761840721,0.573989513797443,0.576726978766136
14.2199999999999,2.5,3.46410161513775,1,0.10541546748274,0.105717761840721,0.573996587773466,0.576726978848082
14.2249999999999,2.5,3.46410161513775,1,0.105416254007298,0.105717761840721,0.574003643643342,0.576726978929523
14.2299999999999,2.5,3.46410161513775,1,0.105417038485437,0.105717761840721,0.574010681452333,0.576726979010462
14.2349999999999,2.5,3.46410161513775,1,0.105417820922481,0.105717761840721,0.574017701245597,0.576726979090901
14.2399999999999,2.5,3.46410161513775,1,0.105418601323742,0.105717761840721,0.574024703068186,0.576726979170845
14.2449999999999,2.5,3.46410161513775,1,0.105419379694515,0.105717761840721,0.574031686965045,0.576726979250295
14.2499999999999,2.5,3.46410161513775,1,0.105420156040085,0.105717761840721,0.574038652981014,0.576726979329256
14.2549999999999,2.5,3.46410161513775,1,0.10542093036572,0.105717761840721,0.574045601160827,0.57672697940773
14.2599999999999,2.5,3.46410161513775,1,0.105421702676676,0.105717761840721,0.574052531549112,0.57672697948572
14.2649999999999,2.5,3.46410161513775,1,0.105422472978194,0.105717761840721,0.574059444190393,0.576726979563228
14.2699999999999,2.5,3.46410161513775,1,0.105423241275504,0.105717761840721,0.574066339129089,0.576726979640259
14.2749999999999,2.5,3.46410161513775,1,0.105424007573819,0.105717761840721,0.574073216409513,0.576726979716815
14.2799999999999,2.5,3.46410161513775,1,0.105424771878342,0.105717761840721,0.574080076075876,0.576726979792899
14.2849999999999,2.5,3.46410161513775,1,0.105425534194258,0.105717761840721,0.574086918172281,0.576726979868514
14.2899999999999,2.5,3.46410161513775,1,0.105426294526743,0.105717761840721,0.57409374274273,0.576726979943662
14.2949999999999,2.5,3.46410161513775,1,0.105427052880957,0.105717761840721,0.57410054983112,0.576726980018347
14.2999999999999,2.5,3.46410161513775,1,0.105427809262047,0.105717761840721,0.574107339481245,0.576726980092571
14.3049999999999,2.5,3.46410161513775,1,0.105428563675147,0.105717761840721,0.574114111736793,0.576726980166338
14.3099999999999,2.5,3.46410161513775,1,0.105429316125377,0.105717761840721,0.574120866641352,0.57672698023965
14.3149999999999,2.5,3.46410161513775,1,0.105430066617844,0.105717761840721,0.574127604238404,0.576726980312509
14.3199999999999,2.5,3.46410161513775,1,0.105430815157643,0.105717761840721,0.57413432457133,0.57672698038492
14.3249999999999,2.5,3.46410161513775,1,0.105431561749854,0.105717761840721,0.574141027683409,0.576726980456883
14.3299999999999,2.5,3.46410161513775,1,0.105432306399543,0.105717761840721,0.574147713617814,0.576726980528403
14.3349999999999,2.5,3.46410161513775,1,0.105433049111766,0.105717761840721,0.57415438241762,0.576726980599482
14.3399999999999,2.5,3.46410161513775,1,0.105433789891564,0.105717761840721,0.574161034125798,0.576726980670123
14.3449999999999,2.5,3.46410161513775,1,0.105434528743963,0.105717761840721,0.574167668785215,0.576726980740328
14.3499999999999,2.5,3.46410161513775,1,0.105435265673979,0.105717761840721,0.574174286438641,0.5767269808101
14.3549999999999,2.5,3.46410161513775,1,0.105436000686614,0.105717761840721,0.57418088712874,0.576726980879442
14.3599999999999,2.5,3.46410161513775,1,0.105436733786856,0.105717761840721,0.574187470898077,0.576726980948357
14.3649999999999,2.5,3.46410161513775,1,0.105437464979682,0.105717761840721,0.574194037789117,0.576726981016846
14.3699999999999,2.5,3.46410161513775,1,0.105438194270053,0.105717761840721,0.574200587844221,0.576726981084913
14.3749999999999,2.5,3.46410161513775,1,0.105438921662921,0.105717761840721,0.574207121105652,0.57672698115256
14.3799999999999,2.5,3.46410161513775,1,0.105439647163221,0.105717761840721,0.574213637615572,0.57672698121979
14.3849999999999,2.5,3.46410161513775,1,0.105440370775879,0.105717761840721,0.574220137416041,0.576726981286606
14.3899999999999,2.5,3.46410161513775,1,0.105441092505804,0.105717761840721,0.574226620549023,0.576726981353009
14.3949999999999,2.5,3.46410161513775,1,0.105441812357897,0.105717761840721,0.574233087056377,0.576726981419003
14.3999999999999,2.5,3.46410161513775,1,0.105442530337043,0.105717761840721,0.574239536979866,0.57672698148459
14.4049999999999,2.5,3.46410161513775,1,0.105443246448115,0.105717761840721,0.574245970361152,0.576726981549773
14.4099999999999,2.5,3.46410161513775,1,0.105443960695973,0.105717761840721,0.574252387241799,0.576726981614553
14.4149999999999,2.5,3.46410161513775,1,0.105444673085465,0.105717761840721,0.57425878766327,0.576726981678935
14.4199999999999,2.5,3.46410161513775,1,0.105445383621427,0.105717761840721,0.574265171666932,0.576726981742919
14.4249999999999,2.5,3.46410161513775,1,0.105446092308681,0.105717761840721,0.57427153929405,0.576726981806508
14.4299999999999,2.5,3.46410161513775,1,0.105446799152037,0.105717761840721,0.574277890585794,0.576726981869706
14.4349999999999,2.5,3.46410161513775,1,0.105447504156293,0.105717761840721,0.574284225583233,0.576726981932513
14.4399999999999,2.5,3.46410161513775,1,0.105448207326233,0.105717761840721,0.574290544327339,0.576726981994934
14.4449999999999,2.5,3.46410161513775,1,0.105448908666631,0.105717761840721,0.574296846858987,0.576726982056969
14.4499999999999,2.5,3.46410161513775,1,0.105449608182246,0.105717761840721,0.574303133218953,0.576726982118622
14.4549999999999,2.5,3.46410161513775,1,0.105450305877827,0.105717761840721,0.574309403447916,0.576726982179895
14.4599999999999,2.5,3.46410161513775,1,0.105451001758109,0.105717761840721,0.574315657586459,0.57672698224079
14.4649999999999,2.5,3.46410161513775,1,0.105451695827814,0.105717761840721,0.574321895675066,0.576726982301309
14.4699999999999,2.5,3.46410161513775,1,0.105452388091654,0.105717761840721,0.574328117754126,0.576726982361455
14.4749999999999,2.5,3.46410161513775,1,0.105453078554327,0.105717761840721,0.574334323863929,0.576726982421231
14.4799999999999,2.5,3.46410161513775,1,0.105453767220521,0.105717761840721,0.574340514044671,0.576726982480637
14.4849999999999,2.5,3.46410161513775,1,0.105454454094908,0.105717761840721,0.57434668833645,0.576726982539678
14.4899999999999,2.5,3.46410161513775,1,0.105455139182151,0.105717761840721,0.574352846779271,0.576726982598354
14.4949999999999,2.5,3.46410161513775,1,0.1054558224869,0.105717761840721,0.574358989413038,0.576726982656669
14.4999999999999,2.5,3.46410161513775,1,0.105456504013792,0.105717761840721,0.574365116277565,0.576726982714623
14.5049999999999,2.5,3.46410161513775,1,0.105457183767454,0.105717761840721,0.574371227412566,0.576726982772221
14.5099999999999,2.5,3.46410161513775,1,0.105457861752499,0.105717761840721,0.574377322857663,0.576726982829463
14.5149999999999,2.5,3.46410161513775,1,0.105458537973528,0.105717761840721,0.57438340265238,0.576726982886352
14.5199999999999,2.5,3.46410161513775,1,0.105459212435132,0.105717761840721,0.574389466836149,0.576726982942891
14.5249999999999,2.5,3.46410161513775,1,0.105459885141887,0.105717761840721,0.574395515448306,0.576726982999081
14.5299999999999,2.5,3.46410161513775,1,0.105460556098361,0.105717761840721,0.574401548528093,0.576726983054924
14.5349999999999,2.5,3.46410161513775,1,0.105461225309107,0.105717761840721,0.574407566114656,0.576726983110423
14.5399999999999,2.5,3.46410161513775,1,0.105461892778667,0.105717761840721,0.57441356824705,0.576726983165579
14.5449999999999,2.5,3.46410161513775,1,0.105462558511571,0.105717761840721,0.574419554964235,0.576726983220396
14.5499999999999,2.5,3.46410161513775,1,0.105463222512338,0.105717761840721,0.574425526305074,0.576726983274875
14.5549999999999,2.5,3.46410161513775,1,0.105463884785475,0.105717761840721,0.574431482308342,0.576726983329017
14.5599999999999,2.5,3.46410161513775,1,0.105464545335476,0.105717761840721,0.574437423012718,0.576726983382826
14.5649999999999,2.5,3.46410161513775,1,0.105465204166825,0.105717761840721,0.574443348456786,0.576726983436303
14.5699999999999,2.5,3.46410161513775,1,0.105465861283994,0.105717761840721,0.574449258679042,0.57672698348945
14.5749999999999,2.5,3.46410161513775,1,0.105466516691443,0.105717761840721,0.574455153717884,0.576726983542269
14.5799999999999,2.5,3.46410161513775,1,0.10546717039362,0.105717761840721,0.574461033611622,0.576726983594763
14.5849999999999,2.5,3.46410161513775,1,0.105467822394962,0.105717761840721,0.574466898398471,0.576726983646933
14.5899999999999,2.5,3.46410161513775,1,0.105468472699894,0.105717761840721,0.574472748116554,0.576726983698781
14.5949999999999,2.5,3.46410161513775,1,0.105469121312831,0.105717761840721,0.574478582803904,0.57672698375031
14.5999999999999,2.5,3.46410161513775,1,0.105469768238174,0.105717761840721,0.574484402498459,0.576726983801521
14.6049999999999,2.5,3.46410161513775,1,0.105470413480314,0.105717761840721,0.57449020723807,0.576726983852415
14.6099999999999,2.5,3.46410161513775,1,0.105471057043631,0.105717761840721,0.574495997060493,0.576726983902997
14.6149999999999,2.5,3.46410161513775,1,0.105471698932493,0.105717761840721,0.574501772003394,0.576726983953266
14.6199999999999,2.5,3.46410161513775,1,0.105472339151256,0.105717761840721,0.574507532104348,0.576726984003225
14.6249999999999,2.5,3.46410161513775,1,0.105472977704267,0.105717761840721,0.57451327740084,0.576726984052876
14.6299999999999,2.5,3.46410161513775,1,0.105473614595858,0.105717761840721,0.574519007930263,0.576726984102221
14.6349999999999,2.5,3.46410161513775,1,0.105474249830353,0.105717761840721,0.574524723729922,0.576726984151262
14.6399999999999,2.5,3.46410161513775,1,0.105474883412063,0.105717761840721,0.574530424837028,0.5767269842
14.6449999999999,2.5,3.46410161513775,1,0.105475515345288,0.105717761840721,0.574536111288707,0.576726984248438
14.6499999999999,2.5,3.46410161513775,1,0.105476145634318,0.105717761840721,0.574541783121991,0.576726984296577
14.6549999999999,2.5,3.46410161513775,1,0.10547677428343,0.105717761840721,0.574547440373824,0.576726984344419
14.6599999999999,2.5,3.46410161513775,1,0.105477401296892,0.105717761840721,0.574553083081061,0.576726984391966
14.6649999999999,2.5,3.46410161513775,1,0.105478026678959,0.105717761840721,0.574558711280467,0.57672698443922
14.6699999999999,2.5,3.46410161513775,1,0.105478650433876,0.105717761840721,0.574564325008719,0.576726984486182
14.6749999999999,2.5,3.46410161513775,1,0.105479272565876,0.105717761840721,0.574569924302404,0.576726984532855
14.6799999999999,2.5,3.46410161513775,1,0.105479893079181,0.105717761840721,0.574575509198022,0.57672698457924
14.6849999999999,2.5,3.46410161513775,1,0.105480511978005,0.105717761840721,0.574581079731982,0.576726984625339
14.6899999999999,2.5,3.46410161513775,1,0.105481129266546,0.105717761840721,0.574586635940607,0.576726984671154
14.6949999999999,2.5,3.46410161513775,1,0.105481744948996,0.105717761840721,0.574592177860131,0.576726984716686
14.6999999999999,2.5,3.46410161513775,1,0.105482359029531,0.105717761840721,0.574597705526701,0.576726984761938
14.7049999999999,2.5,3.46410161513775,1,0.105482971512322,0.105717761840721,0.574603218976374,0.57672698480691
14.7099999999999,2.5,3.46410161513775,1,0.105483582401524,0.105717761840721,0.574608718245123,0.576726984851606
14.7149999999999,2.5,3.46410161513775,1,0.105484191701284,0.105717761840721,0.574614203368831,0.576726984896025
14.7199999999999,2.5,3.46410161513775,1,0.105484799415738,0.105717761840721,0.574619674383294,0.576726984940171
14.7249999999999,2.5,3.46410161513775,1,0.10548540554901,0.105717761840721,0.574625131324223,0.576726984984044
14.7299999999999,2.5,3.46410161513775,1,0.105486010105214,0.105717761840721,0.57463057422724,0.576726985027647
14.7349999999999,2.5,3.46410161513775,1,0.105486613088453,0.105717761840721,0.574636003127881,0.576726985070981
14.7399999999999,2.5,3.46410161513775,1,0.105487214502821,0.105717761840721,0.574641418061598,0.576726985114047
14.7449999999999,2.5,3.46410161513775,1,0.105487814352399,0.105717761840721,0.574646819063754,0.576726985156849
14.7499999999999,2.5,3.46410161513775,1,0.105488412641258,0.105717761840721,0.574652206169626,0.576726985199386
14.7549999999999,2.5,3.46410161513775,1,0.105489009373459,0.105717761840721,0.574657579414407,0.576726985241661
14.7599999999999,2.5,3.46410161513775,1,0.105489604553052,0.105717761840721,0.574662938833204,0.576726985283675
14.7649999999999,2.5,3.46410161513775,1,0.105490198184078,0.105717761840721,0.574668284461037,0.57672698532543
14.7699999999999,2.5,3.46410161513775,1,0.105490790270565,0.105717761840721,0.574673616332843,0.576726985366927
14.7749999999999,2.5,3.46410161513775,1,0.105491380816531,0.105717761840721,0.574678934483471,0.576726985408169
14.7799999999999,2.5,3.46410161513775,1,0.105491969825986,0.105717761840721,0.574684238947689,0.576726985449156
14.7849999999999,2.5,3.46410161513775,1,0.105492557302926,0.105717761840721,0.574689529760176,0.576726985489891
14.7899999999999,2.5,3.46410161513775,1,0.10549314325134,0.105717761840721,0.574694806955531,0.576726985530374
14.7949999999999,2.5,3.46410161513775,1,0.105493727675203,0.105717761840721,0.574700070568264,0.576726985570608
14.7999999999999,2.5,3.46410161513775,1,0.105494310578484,0.105717761840721,0.574705320632805,0.576726985610594
14.8049999999999,2.5,3.46410161513775,1,0.105494891965137,0.105717761840721,0.574710557183497,0.576726985650333
14.8099999999999,2.5,3.46410161513775,1,0.10549547183911,0.105717761840721,0.574715780254601,0.576726985689827
14.8149999999999,2.5,3.46410161513775,1,0.105496050204338,0.105717761840721,0.574720989880294,0.576726985729078
14.8199999999999,2.5,3.46410161513775,1,0.105496627064746,0.105717761840721,0.57472618609467,0.576726985768086
14.8249999999999,2.5,3.46410161513775,1,0.10549720242425,0.105717761840721,0.574731368931738,0.576726985806854
14.8299999999999,2.5,3.46410161513775,1,0.105497776286755,0.105717761840721,0.574736538425427,0.576726985845383
14.8349999999999,2.5,3.46410161513775,1,0.105498348656155,0.105717761840721,0.574741694609579,0.576726985883674
14.8399999999999,2.5,3.46410161513775,1,0.105498919536337,0.105717761840721,0.574746837517958,0.576726985921729
14.8449999999999,2.5,3.46410161513775,1,0.105499488931174,0.105717761840721,0.574751967184242,0.57672698595955
14.8499999999999,2.5,3.46410161513775,1,0.105500056844531,0.105717761840721,0.574757083642028,0.576726985997137
14.8549999999999,2.5,3.46410161513775,1,0.105500623280262,0.105717761840721,0.574762186924831,0.576726986034492
14.8599999999999,2.5,3.46410161513775,1,0.105501188242213,0.105717761840721,0.574767277066083,0.576726986071618
14.8649999999999,2.5,3.46410161513775,1,0.105501751734218,0.105717761840721,0.574772354099137,0.576726986108514
14.8699999999999,2.5,3.46410161513775,1,0.105502313760101,0.105717761840721,0.574777418057261,0.576726986145182
14.8749999999999,2.5,3.46410161513775,1,0.105502874323677,0.105717761840721,0.574782468973642,0.576726986181625
14.8799999999999,2.5,3.46410161513775,1,0.10550343342875,0.105717761840721,0.57478750688139,0.576726986217843
14.8849999999999,2.5,3.46410161513775,1,0.105503991079116,0.105717761840721,0.574792531813528,0.576726986253837
14.8899999999999,2.5,3.46410161513775,1,0.10550454727856,0.105717761840721,0.574797543803002,0.57672698628961
14.8949999999999,2.5,3.46410161513775,1,0.105505102030856,0.105717761840721,0.574802542882676,0.576726986325161
14.8999999999999,2.5,3.46410161513775,1,0.10550565533977,0.105717761840721,0.574807529085334,0.576726986360494
14.9049999999999,2.5,3.46410161513775,1,0.105506207209057,0.105717761840721,0.574812502443679,0.576726986395609
14.9099999999999,2.5,3.46410161513775,1,0.105506757642463,0.105717761840721,0.574817462990335,0.576726986430507
14.9149999999999,2.5,3.46410161513775,1,0.105507306643724,0.105717761840721,0.574822410757844,0.57672698646519
14.9199999999999,2.5,3.46410161513775,1,0.105507854216566,0.105717761840721,0.574827345778671,0.576726986499659
14.9249999999999,2.5,3.46410161513775,1,0.105508400364706,0.105717761840721,0.574832268085198,0.576726986533916
14.9299999999999,2.5,3.46410161513775,1,0.10550894509185,0.105717761840721,0.574837177709732,0.576726986567961
14.9349999999999,2.5,3.46410161513775,1,0.105509488401696,0.105717761840721,0.574842074684495,0.576726986601796
14.9399999999999,2.5,3.46410161513775,1,0.105510030297931,0.105717761840721,0.574846959041636,0.576726986635423
14.9449999999999,2.5,3.46410161513775,1,0.105510570784233,0.105717761840721,0.57485183081322,0.576726986668842
14.9499999999999,2.5,3.46410161513775,1,0.105511109864271,0.105717761840721,0.574856690031237,0.576726986702056
14.9549999999999,2.5,3.46410161513775,1,0.105511647541704,0.105717761840721,0.574861536727596,0.576726986735064
14.9599999999999,2.5,3.46410161513775,1,0.105512183820181,0.105717761840721,0.574866370934128,0.576726986767869
14.9649999999999,2.5,3.46410161513775,1,0.105512718703342,0.105717761840721,0.574871192682588,0.576726986800472
14.9699999999999,2.5,3.46410161513775,1,0.105513252194817,0.105717761840721,0.574876002004649,0.576726986832873
14.9749999999999,2.5,3.46410161513775,1,0.105513784298227,0.105717761840721,0.57488079893191,0.576726986865075
14.9799999999999,2.5,3.46410161513775,1,0.105514315017184,0.105717761840721,0.57488558349589,0.576726986897078
14.9849999999999,2.5,3.46410161513775,1,0.10551484435529,0.105717761840721,0.574890355728032,0.576726986928884
14.9899999999999,2.5,3.46410161513775,1,0.105515372316138,0.105717761840721,0.574895115659699,0.576726986960494
14.9949999999999,2.5,3.46410161513775,1,0.10551589890331,0.105717761840721,0.574899863322181,0.576726986991909
14.9999999999999,2.5,3.46410161513775,1,0.105516424120382,0.105717761840721,0.574904598746687,0.57672698702313
15.0049999999998,2.5,3.46410161513775,1,0.105516947970918,0.105717761840721,0.574909321964352,0.576726987054158
15.0099999999999,2.5,3.46410161513775,1,0.105517470458474,0.105717761840721,0.574914033006232,0.576726987084996
15.0149999999999,2.5,3.46410161513775,1,0.105517991586595,0.105717761840721,0.574918731903309,0.576726987115643
15.0199999999999,2.5,3.46410161513775,1,0.105518511358819,0.105717761840721,0.574923418686486,0.576726987146101
15.0249999999998,2.5,3.46410161513775,1,0.105519029778673,0.105717761840721,0.574928093386593,0.576726987176371
15.0299999999999,2.5,3.46410161513775,1,0.105519546849677,0.105717761840721,0.574932756034382,0.576726987206454
15.0349999999999,2.5,3.46410161513775,1,0.10552006257534,0.105717761840721,0.574937406660529,0.576726987236353
15.0399999999998,2.5,3.46410161513775,1,0.105520576959162,0.105717761840721,0.574942045295635,0.576726987266066
15.0449999999998,2.5,3.46410161513775,1,0.105521090004635,0.105717761840721,0.574946671970226,0.576726987295597
15.0499999999998,2.5,3.46410161513775,1,0.10552160171524,0.105717761840721,0.574951286714753,0.576726987324945
15.0549999999999,2.5,3.46410161513775,1,0.105522112094451,0.105717761840721,0.574955889559589,0.576726987354112
15.0599999999998,2.5,3.46410161513775,1,0.105522621145732,0.105717761840721,0.574960480535036,0.5767269873831
15.0649999999998,2.5,3.46410161513775,1,0.105523128872538,0.105717761840721,0.574965059671319,0.576726987411909
15.0699999999998,2.5,3.46410161513775,1,0.105523635278315,0.105717761840721,0.574969626998589,0.57672698744054
15.0749999999999,2.5,3.46410161513775,1,0.1055241403665,0.105717761840721,0.574974182546922,0.576726987468994
15.0799999999998,2.5,3.46410161513775,1,0.105524644140521,0.105717761840721,0.574978726346321,0.576726987497273
15.0849999999998,2.5,3.46410161513775,1,0.105525146603798,0.105717761840721,0.574983258426714,0.576726987525378
15.0899999999998,2.5,3.46410161513775,1,0.105525647759741,0.105717761840721,0.574987778817955,0.576726987553309
15.0949999999998,2.5,3.46410161513775,1,0.105526147611751,0.105717761840721,0.574992287549824,0.576726987581068
15.0999999999998,2.5,3.46410161513775,1,0.105526646163222,0.105717761840721,0.574996784652028,0.576726987608656
15.1049999999998,2.5,3.46410161513775,1,0.105527143417536,0.105717761840721,0.575001270154202,0.576726987636074
15.1099999999998,2.5,3.46410161513775,1,0.105527639378069,0.105717761840721,0.575005744085904,0.576726987663323
15.1149999999998,2.5,3.46410161513775,1,0.105528134048188,0.105717761840721,0.575010206476623,0.576726987690404
15.1199999999998,2.5,3.46410161513775,1,0.105528627431249,0.105717761840721,0.575014657355772,0.576726987717317
15.1249999999998,2.5,3.46410161513775,1,0.105529119530601,0.105717761840721,0.575019096752693,0.576726987744065
15.1299999999998,2.5,3.46410161513775,1,0.105529610349584,0.105717761840721,0.575023524696655,0.576726987770648
15.1349999999998,2.5,3.46410161513775,1,0.105530099891531,0.105717761840721,0.575027941216854,0.576726987797067
15.1399999999998,2.5,3.46410161513775,1,0.105530588159762,0.105717761840721,0.575032346342414,0.576726987823323
15.1449999999998,2.5,3.46410161513775,1,0.105531075157593,0.105717761840721,0.575036740102389,0.576726987849417
15.1499999999998,2.5,3.46410161513775,1,0.105531560888329,0.105717761840721,0.575041122525757,0.57672698787535
15.1549999999998,2.5,3.46410161513775,1,0.105532045355266,0.105717761840721,0.575045493641428,0.576726987901123
15.1599999999998,2.5,3.46410161513775,1,0.105532528561693,0.105717761840721,0.575049853478238,0.576726987926737
15.1649999999998,2.5,3.46410161513775,1,0.105533010510889,0.105717761840721,0.575054202064953,0.576726987952194
15.1699999999998,2.5,3.46410161513775,1,0.105533491206126,0.105717761840721,0.575058539430267,0.576726987977493
15.1749999999998,2.5,3.46410161513775,1,0.105533970650665,0.105717761840721,0.575062865602803,0.576726988002637
15.1799999999998,2.5,3.46410161513775,1,0.105534448847762,0.105717761840721,0.575067180611113,0.576726988027625
15.1849999999998,2.5,3.46410161513775,1,0.105534925800662,0.105717761840721,0.575071484483679,0.576726988052459
15.1899999999998,2.5,3.46410161513775,1,0.105535401512603,0.105717761840721,0.575075777248911,0.57672698807714
15.1949999999998,2.5,3.46410161513775,1,0.105535875986812,0.105717761840721,0.57508005893515,0.576726988101669
15.1999999999998,2.5,3.46410161513775,1,0.10553634922651,0.105717761840721,0.575084329570666,0.576726988126047
15.2049999999998,2.5,3.46410161513775,1,0.10553682123491,0.105717761840721,0.575088589183658,0.576726988150274
15.2099999999998,2.5,3.46410161513775,1,0.105537292015214,0.105717761840721,0.575092837802257,0.576726988174352
15.2149999999998,2.5,3.46410161513775,1,0.105537761570619,0.105717761840721,0.575097075454523,0.576726988198281
15.2199999999998,2.5,3.46410161513775,1,0.105538229904312,0.105717761840721,0.575101302168446,0.576726988222063
15.2249999999998,2.5,3.46410161513775,1,0.10553869701947,0.105717761840721,0.575105517971947,0.576726988245698
15.2299999999998,2.5,3.46410161513775,1,0.105539162919264,0.105717761840721,0.575109722892878,0.576726988269188
15.2349999999998,2.5,3.46410161513775,1,0.105539627606858,0.105717761840721,0.575113916959022,0.576726988292532
15.2399999999998,2.5,3.46410161513775,1,0.105540091085404,0.105717761840721,0.575118100198091,0.576726988315733
15.2449999999998,2.5,3.46410161513775,1,0.105540553358048,0.105717761840721,0.575122272637732,0.57672698833879
15.2499999999998,2.5,3.46410161513775,1,0.105541014427928,0.105717761840721,0.575126434305519,0.576726988361706
15.2549999999998,2.5,3.46410161513775,1,0.105541474298174,0.105717761840721,0.57513058522896,0.57672698838448
15.2599999999998,2.5,3.46410161513775,1,0.105541932971906,0.105717761840721,0.575134725435494,0.576726988407113
15.2649999999998,2.5,3.46410161513775,1,0.105542390452238,0.105717761840721,0.575138854952492,0.576726988429607
15.2699999999998,2.5,3.46410161513775,1,0.105542846742275,0.105717761840721,0.575142973807257,0.576726988451963
15.2749999999998,2.5,3.46410161513775,1,0.105543301845114,0.105717761840721,0.575147082027024,0.57672698847418
15.2799999999998,2.5,3.46410161513775,1,0.105543755763843,0.105717761840721,0.575151179638961,0.576726988496261
15.2849999999998,2.5,3.46410161513775,1,0.105544208501544,0.105717761840721,0.575155266670166,0.576726988518205
15.2899999999998,2.5,3.46410161513775,1,0.10554466006129,0.105717761840721,0.575159343147671,0.576726988540014
15.2949999999998,2.5,3.46410161513775,1,0.105545110446144,0.105717761840721,0.575163409098443,0.576726988561689
15.2999999999998,2.5,3.46410161513775,1,0.105545559659165,0.105717761840721,0.575167464549378,0.576726988583229
15.3049999999998,2.5,3.46410161513775,1,0.105546007703401,0.105717761840721,0.575171509527308,0.576726988604637
15.3099999999998,2.5,3.46410161513775,1,0.105546454581893,0.105717761840721,0.575175544058997,0.576726988625913
15.3149999999998,2.5,3.46410161513775,1,0.105546900297675,0.105717761840721,0.575179568171141,0.576726988647058
15.3199999999998,2.5,3.46410161513775,1,0.10554734485377,0.105717761840721,0.575183581890372,0.576726988668073
15.3249999999998,2.5,3.46410161513775,1,0.105547788253198,0.105717761840721,0.575187585243255,0.576726988688957
15.3299999999998,2.5,3.46410161513775,1,0.105548230498967,0.105717761840721,0.575191578256288,0.576726988709713
15.3349999999998,2.5,3.46410161513775,1,0.105548671594078,0.105717761840721,0.575195560955903,0.576726988730341
15.3399999999998,2.5,3.46410161513775,1,0.105549111541527,0.105717761840721,0.575199533368467,0.576726988750842
15.3449999999998,2.5,3.46410161513775,1,0.105549550344298,0.105717761840721,0.57520349552028,0.576726988771217
15.3499999999998,2.5,3.46410161513775,1,0.10554998800537,0.105717761840721,0.575207447437579,0.576726988791465
15.3549999999998,2.5,3.46410161513775,1,0.105550424527714,0.105717761840721,0.575211389146532,0.576726988811589
15.3599999999998,2.5,3.46410161513775,1,0.105550859914292,0.105717761840721,0.575215320673244,0.576726988831589
15.3649999999998,2.5,3.46410161513775,1,0.105551294168059,0.105717761840721,0.575219242043755,0.576726988851466
15.3699999999998,2.5,3.46410161513775,1,0.105551727291964,0.105717761840721,0.57522315328404,0.576726988871219
15.3749999999998,2.5,3.46410161513775,1,0.105552159288945,0.105717761840721,0.575227054420007,0.576726988890851
15.3799999999998,2.5,3.46410161513775,1,0.105552590161934,0.105717761840721,0.575230945477502,0.576726988910363
15.3849999999998,2.5,3.46410161513775,1,0.105553019913857,0.105717761840721,0.575234826482305,0.576726988929753
15.3899999999998,2.5,3.46410161513775,1,0.10555344854763,0.105717761840721,0.575238697460134,0.576726988949024
15.3949999999998,2.5,3.46410161513775,1,0.105553876066162,0.105717761840721,0.575242558436638,0.576726988968177
15.3999999999998,2.5,3.46410161513775,1,0.105554302472355,0.105717761840721,0.575246409437408,0.576726988987211
15.4049999999998,2.5,3.46410161513775,1,0.105554727769103,0.105717761840721,0.575250250487966,0.576726989006128
15.4099999999998,2.5,3.46410161513775,1,0.105555151959293,0.105717761840721,0.575254081613773,0.576726989024928
15.4149999999998,2.5,3.46410161513775,1,0.105555575045803,0.105717761840721,0.575257902840225,0.576726989043612
15.4199999999998,2.5,3.46410161513775,1,0.105555997031506,0.105717761840721,0.575261714192657,0.576726989062181
15.4249999999998,2.5,3.46410161513775,1,0.105556417919265,0.105717761840721,0.575265515696337,0.576726989080635
15.4299999999998,2.5,3.46410161513775,1,0.105556837711938,0.105717761840721,0.575269307376472,0.576726989098976
15.4349999999998,2.5,3.46410161513775,1,0.105557256412373,0.105717761840721,0.575273089258207,0.576726989117204
15.4399999999998,2.5,3.46410161513775,1,0.105557674023412,0.105717761840721,0.575276861366622,0.576726989135319
15.4449999999998,2.5,3.46410161513775,1,0.10555809054789,0.105717761840721,0.575280623726736,0.576726989153323
15.4499999999998,2.5,3.46410161513775,1,0.105558505988634,0.105717761840721,0.575284376363504,0.576726989171215
15.4549999999998,2.5,3.46410161513775,1,0.105558920348464,0.105717761840721,0.575288119301818,0.576726989188997
15.4599999999998,2.5,3.46410161513775,1,0.105559333630191,0.105717761840721,0.575291852566511,0.57672698920667
15.4649999999998,2.5,3.46410161513775,1,0.105559745836621,0.105717761840721,0.575295576182352,0.576726989224233
15.4699999999998,2.5,3.46410161513775,1,0.105560156970553,0.105717761840721,0.575299290174046,0.576726989241688
15.4749999999998,2.5,3.46410161513775,1,0.105560567034775,0.105717761840721,0.575302994566239,0.576726989259036
15.4799999999998,2.5,3.46410161513775,1,0.105560976032071,0.105717761840721,0.575306689383515,0.576726989276276
15.4849999999998,2.5,3.46410161513775,1,0.105561383965218,0.105717761840721,0.575310374650394,0.576726989293411
15.4899999999998,2.5,3.46410161513775,1,0.105561790836985,0.105717761840721,0.575314050391339,0.576726989310439
15.4949999999998,2.5,3.46410161513775,1,0.105562196650132,0.105717761840721,0.575317716630746,0.576726989327363
15.4999999999998,2.5,3.46410161513775,1,0.105562601407414,0.105717761840721,0.575321373392956,0.576726989344182
15.5049999999998,2.5,3.46410161513775,1,0.105563005111578,0.105717761840721,0.575325020702245,0.576726989360898
15.5099999999998,2.5,3.46410161513775,1,0.105563407765365,0.105717761840721,0.575328658582829,0.57672698937751
15.5149999999998,2.5,3.46410161513775,1,0.105563809371507,0.105717761840721,0.575332287058864,0.57672698939402
15.5199999999998,2.5,3.46410161513775,1,0.10556420993273,0.105717761840721,0.575335906154445,0.576726989410428
15.5249999999998,2.5,3.46410161513775,1,0.105564609451752,0.105717761840721,0.575339515893606,0.576726989426735
15.5299999999998,2.5,3.46410161513775,1,0.105565007931287,0.105717761840721,0.575343116300323,0.576726989442942
15.5349999999998,2.5,3.46410161513775,1,0.105565405374037,0.105717761840721,0.575346707398509,0.576726989459048
15.5399999999998,2.5,3.46410161513775,1,0.105565801782701,0.105717761840721,0.575350289212018,0.576726989475055
15.5449999999998,2.5,3.46410161513775,1,0.105566197159969,0.105717761840721,0.575353861764647,0.576726989490964
15.5499999999998,2.5,3.46410161513775,1,0.105566591508525,0.105717761840721,0.575357425080129,0.576726989506774
15.5549999999998,2.5,3.46410161513775,1,0.105566984831045,0.105717761840721,0.575360979182139,0.576726989522487
15.5599999999998,2.5,3.46410161513775,1,0.105567377130199,0.105717761840721,0.575364524094295,0.576726989538103
15.5649999999998,2.5,3.46410161513775,1,0.105567768408649,0.105717761840721,0.575368059840152,0.576726989553622
15.5699999999998,2.5,3.46410161513775,1,0.105568158669051,0.105717761840721,0.575371586443208,0.576726989569046
15.5749999999998,2.5,3.46410161513775,1,0.105568547914055,0.105717761840721,0.575375103926903,0.576726989584375
15.5799999999998,2.5,3.46410161513775,1,0.105568936146301,0.105717761840721,0.575378612314615,0.57672698959961
15.5849999999998,2.5,3.46410161513775,1,0.105569323368426,0.105717761840721,0.575382111629665,0.57672698961475
15.5899999999998,2.5,3.46410161513775,1,0.105569709583056,0.105717761840721,0.575385601895318,0.576726989629797
15.5949999999998,2.5,3.46410161513775,1,0.105570094792814,0.105717761840721,0.575389083134776,0.576726989644751
15.5999999999998,2.5,3.46410161513775,1,0.105570479000314,0.105717761840721,0.575392555371185,0.576726989659613
15.6049999999998,2.5,3.46410161513775,1,0.105570862208164,0.105717761840721,0.575396018627635,0.576726989674384
15.6099999999998,2.5,3.46410161513775,1,0.105571244418964,0.105717761840721,0.575399472927153,0.576726989689063
15.6149999999998,2.5,3.46410161513775,1,0.105571625635309,0.105717761840721,0.575402918292713,0.576726989703652
15.6199999999998,2.5,3.46410161513775,1,0.105572005859787,0.105717761840721,0.575406354747228,0.57672698971815
15.6249999999998,2.5,3.46410161513775,1,0.105572385094977,0.105717761840721,0.575409782313555,0.57672698973256
15.6299999999998,2.5,3.46410161513775,1,0.105572763343455,0.105717761840721,0.575413201014493,0.57672698974688
15.6349999999998,2.5,3.46410161513775,1,0.105573140607786,0.105717761840721,0.575416610872784,0.576726989761113
15.6399999999998,2.5,3.46410161513775,1,0.105573516890533,0.105717761840721,0.575420011911114,0.576726989775257
15.6449999999998,2.5,3.46410161513775,1,0.105573892194248,0.105717761840721,0.575423404152109,0.576726989789314
15.6499999999998,2.5,3.46410161513775,1,0.105574266521479,0.105717761840721,0.57542678761834,0.576726989803285
15.6549999999998,2.5,3.46410161513775,1,0.105574639874767,0.105717761840721,0.575430162332322,0.576726989817169
15.6599999999998,2.5,3.46410161513775,1,0.105575012256646,0.105717761840721,0.575433528316511,0.576726989830968
15.6649999999998,2.5,3.46410161513775,1,0.105575383669643,0.105717761840721,0.575436885593309,0.576726989844682
15.6699999999998,2.5,3.46410161513775,1,0.105575754116279,0.105717761840721,0.575440234185061,0.576726989858311
15.6749999999998,2.5,3.46410161513775,1,0.105576123599069,0.105717761840721,0.575443574114054,0.576726989871856
15.6799999999998,2.5,3.46410161513775,1,0.105576492120519,0.105717761840721,0.575446905402521,0.576726989885317
15.6849999999998,2.5,3.46410161513775,1,0.105576859683133,0.105717761840721,0.575450228072638,0.576726989898696
15.6899999999998,2.5,3.46410161513775,1,0.105577226289403,0.105717761840721,0.575453542146526,0.576726989911992
15.6949999999998,2.5,3.46410161513775,1,0.105577591941819,0.105717761840721,0.575456847646249,0.576726989925206
15.6999999999998,2.5,3.46410161513775,1,0.105577956642862,0.105717761840721,0.575460144593817,0.576726989938338
15.7049999999998,2.5,3.46410161513775,1,0.105578320395008,0.105717761840721,0.575463433011184,0.57672698995139
15.7099999999998,2.5,3.46410161513775,1,0.105578683200726,0.105717761840721,0.575466712920248,0.576726989964361
15.7149999999998,2.5,3.46410161513775,1,0.105579045062477,0.105717761840721,0.575469984342852,0.576726989977252
15.7199999999998,2.5,3.46410161513775,1,0.105579405982718,0.105717761840721,0.575473247300785,0.576726989990064
15.7249999999998,2.5,3.46410161513775,1,0.105579765963899,0.105717761840721,0.57547650181578,0.576726990002796
15.7299999999998,2.5,3.46410161513775,1,0.105580125008463,0.105717761840721,0.575479747909517,0.576726990015451
15.7349999999998,2.5,3.46410161513775,1,0.105580483118847,0.105717761840721,0.575482985603618,0.576726990028027
15.7399999999998,2.5,3.46410161513775,1,0.105580840297482,0.105717761840721,0.575486214919655,0.576726990040525
15.7449999999998,2.5,3.46410161513775,1,0.105581196546791,0.105717761840721,0.575489435879141,0.576726990052946
15.7499999999998,2.5,3.46410161513775,1,0.105581551869193,0.105717761840721,0.575492648503539,0.576726990065291
15.7549999999998,2.5,3.46410161513775,1,0.105581906267099,0.105717761840721,0.575495852814254,0.57672699007756
15.7599999999998,2.5,3.46410161513775,1,0.105582259742916,0.105717761840721,0.57549904883264,0.576726990089753
15.7649999999998,2.5,3.46410161513775,1,0.105582612299041,0.105717761840721,0.575502236579996,0.576726990101871
15.7699999999998,2.5,3.46410161513775,1,0.105582963937868,0.105717761840721,0.575505416077568,0.576726990113914
15.7749999999998,2.5,3.46410161513775,1,0.105583314661784,0.105717761840721,0.575508587346547,0.576726990125883
15.7799999999998,2.5,3.46410161513775,1,0.105583664473168,0.105717761840721,0.575511750408071,0.576726990137778
15.7849999999998,2.5,3.46410161513775,1,0.105584013374396,0.105717761840721,0.575514905283225,0.5767269901496
15.7899999999998,2.5,3.46410161513775,1,0.105584361367836,0.105717761840721,0.575518051993042,0.576726990161348
15.7949999999998,2.5,3.46410161513775,1,0.105584708455848,0.105717761840721,0.5755211905585,0.576726990173025
15.7999999999998,2.5,3.46410161513775,1,0.10558505464079,0.105717761840721,0.575524321000525,0.576726990184629
15.8049999999998,2.5,3.46410161513775,1,0.10558539992501,0.105717761840721,0.57552744333999,0.576726990196162
15.8099999999998,2.5,3.46410161513775,1,0.105585744310853,0.105717761840721,0.575530557597714,0.576726990207624
15.8149999999998,2.5,3.46410161513775,1,0.105586087800655,0.105717761840721,0.575533663794467,0.576726990219015
15.8199999999998,2.5,3.46410161513775,1,0.105586430396749,0.105717761840721,0.575536761950963,0.576726990230335
15.8249999999998,2.5,3.46410161513775,1,0.105586772101459,0.105717761840721,0.575539852087865,0.576726990241586
15.8299999999998,2.5,3.46410161513775,1,0.105587112917104,0.105717761840721,0.575542934225784,0.576726990252768
15.8349999999998,2.5,3.46410161513775,1,0.105587452845998,0.105717761840721,0.575546008385279,0.576726990263881
15.8399999999998,2.5,3.46410161513775,1,0.105587791890449,0.105717761840721,0.575549074586856,0.576726990274925
15.8449999999998,2.5,3.46410161513775,1,0.105588130052756,0.105717761840721,0.575552132850971,0.5767269902859
15.8499999999998,2.5,3.46410161513775,1,0.105588467335216,0.105717761840721,0.575555183198028,0.576726990296809
15.8549999999998,2.5,3.46410161513775,1,0.105588803740118,0.105717761840721,0.575558225648377,0.57672699030765
15.8599999999998,2.5,3.46410161513775,1,0.105589139269744,0.105717761840721,0.575561260222319,0.576726990318424
15.8649999999998,2.5,3.46410161513775,1,0.105589473926373,0.105717761840721,0.575564286940104,0.576726990329132
15.8699999999998,2.5,3.46410161513775,1,0.105589807712275,0.105717761840721,0.575567305821928,0.576726990339773
15.8749999999998,2.5,3.46410161513775,1,0.105590140629717,0.105717761840721,0.57557031688794,0.576726990350349
15.8799999999998,2.5,3.46410161513775,1,0.105590472680957,0.105717761840721,0.575573320158235,0.57672699036086
15.8849999999998,2.5,3.46410161513775,1,0.10559080386825,0.105717761840721,0.575576315652858,0.576726990371306
15.8899999999998,2.5,3.46410161513775,1,0.105591134193844,0.105717761840721,0.575579303391803,0.576726990381688
15.8949999999998,2.5,3.46410161513775,1,0.105591463659979,0.105717761840721,0.575582283395014,0.576726990392006
15.8999999999998,2.5,3.46410161513775,1,0.105591792268893,0.105717761840721,0.575585255682386,0.57672699040226
15.9049999999998,2.5,3.46410161513775,1,0.105592120022816,0.105717761840721,0.57558822027376,0.57672699041245
15.9099999999998,2.5,3.46410161513775,1,0.105592446923973,0.105717761840721,0.57559117718893,0.576726990422578
15.9149999999998,2.5,3.46410161513775,1,0.105592772974582,0.105717761840721,0.575594126447638,0.576726990432644
15.9199999999998,2.5,3.46410161513775,1,0.105593098176856,0.105717761840721,0.575597068069578,0.576726990442647
15.9249999999998,2.5,3.46410161513775,1,0.105593422533002,0.105717761840721,0.575600002074392,0.576726990452589
15.9299999999998,2.5,3.46410161513775,1,0.105593746045223,0.105717761840721,0.575602928481674,0.576726990462469
15.9349999999998,2.5,3.46410161513775,1,0.105594068715713,0.105717761840721,0.575605847310968,0.576726990472289
15.9399999999998,2.5,3.46410161513775,1,0.105594390546663,0.105717761840721,0.575608758581767,0.576726990482047
15.9449999999998,2.5,3.46410161513775,1,0.105594711540257,0.105717761840721,0.575611662313518,0.576726990491746
15.9499999999998,2.5,3.46410161513775,1,0.105595031698675,0.105717761840721,0.575614558525614,0.576726990501385
15.9549999999998,2.5,3.46410161513775,1,0.105595351024087,0.105717761840721,0.575617447237404,0.576726990510965
15.9599999999998,2.5,3.46410161513775,1,0.105595669518664,0.105717761840721,0.575620328468184,0.576726990520485
15.9649999999998,2.5,3.46410161513775,1,0.105595987184565,0.105717761840721,0.575623202237203,0.576726990529947
15.9699999999998,2.5,3.46410161513775,1,0.105596304023947,0.105717761840721,0.575626068563662,0.57672699053935
15.9749999999998,2.5,3.46410161513775,1,0.10559662003896,0.105717761840721,0.575628927466712,0.576726990548695
15.9799999999998,2.5,3.46410161513775,1,0.10559693523175,0.105717761840721,0.575631778965455,0.576726990557983
15.9849999999999,2.5,3.46410161513775,1,0.105597249604455,0.105717761840721,0.575634623078945,0.576726990567214
15.9899999999999,2.5,3.46410161513775,1,0.10559756315921,0.105717761840721,0.57563745982619,0.576726990576387
15.995,2.5,3.46410161513775,1,0.105597875898143,0.105717761840721,0.575640289226147,0.576726990585504
16,2.5,3.46410161513775,1,0.105598187823375,0.105717761840721,0.575643111297726,0.576726990594565
16.005,0,2.38016804822768,0.604074996112748,0.105580389323556,0.105717761840721,0.575645632259086,0.57672699060357
16.01,0,2.38011276195267,0.604058547475623,0.105562636393331,0.105717761840721,0.575647561748104,0.576726990612519
16.015,0,2.38005558571152,0.604041536942289,0.105544928888316,0.105717761840721,0.575648904886193,0.576726990621413
16.02,0,2.37999653676991,0.604023969689799,0.105527266664737,0.105717761840721,0.575649666758723,0.576726990630253
16.025,0,2.37993563226981,0.604005850859218,0.105509649579428,0.105717761840721,0.575649852415047,0.576726990639037
16.03,0,2.37987288922918,0.603987185555502,0.105492077489838,0.105717761840721,0.575649466868419,0.576726990647768
16.035,0,2.37980832454447,0.603967978848196,0.105474550254014,0.105717761840721,0.575648515096707,0.576726990656445
16.04,0,2.37974195499161,0.603948235771706,0.105457067730603,0.105717761840721,0.575647002042692,0.576726990665068
16.045,0,2.37967379722615,0.603927961325295,0.105439629778849,0.105717761840721,0.575644932614099,0.576726990673638
16.05,0,2.37960386778293,0.603907160472966,0.105422236258595,0.105717761840721,0.575642311683511,0.576726990682155
16.055,0,2.37953218307851,0.603885838144148,0.105404887030271,0.105717761840721,0.575639144089069,0.57672699069062
16.06,0,2.37945875941217,0.603863999233957,0.105387581954893,0.105717761840721,0.575635434634759,0.576726990699033
16.065,0,2.379383612966,0.603841648603197,0.105370320894065,0.105717761840721,0.575631188090443,0.576726990707393
16.07,0,2.37930675980463,0.60381879107825,0.105353103709972,0.105717761840721,0.575626409191778,0.576726990715703
16.075,0,2.37922821587755,0.603795431451742,0.105335930265379,0.105717761840721,0.575621102640892,0.57672699072396
16.08,0,2.37914799702011,0.603771574482801,0.105318800423623,0.105717761840721,0.57561527310667,0.576726990732167
16.085,0,2.3790661189536,0.60374722489706,0.105301714048614,0.105717761840721,0.575608925224781,0.576726990740324
16.09,0,2.37898259728498,0.603722387386551,0.105284671004835,0.105717761840721,0.575602063597598,0.57672699074843
16.095,0,2.37889744750917,0.603697066610354,0.105267671157333,0.105717761840721,0.57559469279486,0.576726990756486
16.1,0,2.37881068500998,0.603671267194853,0.105250714371719,0.105717761840721,0.575586817353946,0.576726990764492
16.105,0,2.37872232506021,0.60364499373374,0.105233800514162,0.105717761840721,0.575578441779904,0.576726990772449
16.11,0,2.37863238282139,0.60361825078791,0.105216929451392,0.105717761840721,0.575569570545373,0.576726990780357
16.115,0,2.37854087334601,0.603591042886099,0.105200101050695,0.105717761840721,0.575560208091228,0.576726990788216
16.12,0,2.37844781157841,0.603563374525133,0.105183315179904,0.105717761840721,0.575550358826845,0.576726990796027
16.125,0,2.3783532123549,0.603535250169931,0.105166571707401,0.105717761840721,0.57554002713013,0.576726990803789
16.13,0,2.37825709040351,0.603506674253411,0.105149870502118,0.105717761840721,0.575529217347446,0.576726990811504
16.135,0,2.37815946034611,0.603477651177106,0.10513321143353,0.105717761840721,0.575517933794234,0.576726990819171
16.14,0,2.37806033669934,0.603448185311411,0.105116594371648,0.105717761840721,0.575506180755281,0.576726990826791
16.145,0,2.3779597338747,0.603418280995589,0.105100019187021,0.105717761840721,0.575493962484739,0.576726990834364
16.15,0,2.37785766617828,0.603387942537676,0.105083485750737,0.105717761840721,0.575481283206058,0.57672699084189
16.155,0,2.37775414781289,0.603357174215089,0.105066993934413,0.105717761840721,0.575468147112593,0.57672699084937
16.16,0,2.37764919287892,0.603325980274861,0.105050543610194,0.105717761840721,0.57545455836786,0.576726990856803
16.165,0,2.3775428153744,0.603294364933653,0.105034134650751,0.105717761840721,0.575440521105558,0.576726990864191
16.17,0,2.37743502919483,0.603262332377663,0.105017766929282,0.105717761840721,0.575426039429503,0.576726990871533
16.175,0,2.37732584813514,0.603229886763215,0.105001440319503,0.105717761840721,0.575411117414219,0.57672699087883
16.18,0,2.3772152858906,0.603197032216996,0.104985154695648,0.105717761840721,0.575395759105185,0.576726990886082
16.185,0,2.3771033560569,0.603163772836061,0.104968909932465,0.105717761840721,0.575379968518862,0.576726990893289
16.19,0,2.37699007212989,0.603130112687753,0.104952705905219,0.105717761840721,0.575363749642623,0.576726990900452
16.195,0,2.37687544750758,0.603096055810272,0.104936542489681,0.105717761840721,0.57534710643533,0.576726990907571
16.2,0,2.37675949549099,0.603061606212912,0.104920419562132,0.105717761840721,0.575330042827579,0.576726990914645
16.205,0,2.37664222928421,0.603026767876065,0.104904336999352,0.105717761840721,0.575312562721719,0.576726990921676
16.21,0,2.37652366199419,0.602991544751142,0.104888294678631,0.105717761840721,0.575294669991789,0.576726990928664
16.215,0,2.37640380663264,0.602955940761132,0.104872292477755,0.105717761840721,0.57527636848408,0.576726990935609
16.22,0,2.3762826761169,0.602919959800831,0.104856330275004,0.105717761840721,0.575257662017368,0.57672699094251
16.225,0,2.37616028326997,0.602883605736851,0.104840407949153,0.105717761840721,0.57523855438294,0.57672699094937
16.23,0,2.3760366408203,0.60284688240754,0.104824525379474,0.105717761840721,0.575219049344527,0.576726990956187
16.235,0,2.37591176140371,0.602809793623529,0.104808682445723,0.105717761840721,0.575199150638855,0.576726990962961
16.24,0,2.37578565756411,0.602772343167959,0.104792879028143,0.105717761840721,0.57517886197587,0.576726990969695
16.245,0,2.37565834175365,0.602734534796483,0.10477711500746,0.105717761840721,0.575158187038763,0.576726990976386
16.25,0,2.37552982633247,0.602696372237198,0.104761390264886,0.105717761840721,0.575137129483905,0.576726990983036
16.255,0,2.37540012357051,0.602657859191176,0.10474570468211,0.105717761840721,0.575115692941385,0.576726990989646
16.26,0,2.37526924564835,0.60261899933268,0.104730058141294,0.105717761840721,0.575093881015227,0.576726990996214
16.265,0,2.37513720465721,0.60257979630918,0.104714450525076,0.105717761840721,0.575071697283415,0.576726991002742
16.27,0,2.37500401259879,0.602540253741273,0.104698881716568,0.105717761840721,0.575049145297834,0.57672699100923
16.275,0,2.37486968138704,0.602500375223212,0.104683351599351,0.105717761840721,0.575026228584785,0.576726991015678
16.28,0,2.3747342228489,0.602460164323111,0.104667860057469,0.105717761840721,0.575002950645203,0.576726991022086
16.285,0,2.37459764872439,0.602419624582964,0.104652406975432,0.105717761840721,0.574979314954681,0.576726991028455
16.29,0,2.37445997066641,0.60237875951857,0.104636992238213,0.105717761840721,0.57495532496341,0.576726991034784
16.295,0,2.37432120024244,0.602337572620044,0.104621615731245,0.105717761840721,0.57493098409668,0.576726991041074
16.3,0,2.37418134893533,0.602296067352023,0.104606277340416,0.105717761840721,0.574906295755099,0.576726991047325
16.305,0,2.37404042814332,0.602254247153681,0.104590976952069,0.105717761840721,0.574881263314607,0.576726991053538
16.31,0,2.37389844917987,0.602212115438661,0.104575714453001,0.105717761840721,0.574855890126421,0.576726991059713
16.315,0,2.37375542327534,0.602169675595569,0.10456048973046,0.105717761840721,0.574830179517528,0.576726991065849
16.32,0,2.37361136157773,0.602126930988179,0.104545302672138,0.105717761840721,0.574804134790892,0.576726991071948
16.325,0,2.37346627515268,0.602083884955447,0.104530153166174,0.105717761840721,0.574777759225468,0.576726991078009
16.33,0,2.37332017498337,0.602040540811444,0.104515041101152,0.105717761840721,0.574751056076153,0.576726991084033
16.335,0,2.37317307197209,0.601996901845842,0.104499966366098,0.105717761840721,0.574724028574263,0.576726991090019
16.34,0,2.37302497694099,0.601952971324111,0.104484928850471,0.105717761840721,0.574696679927731,0.576726991095969
16.345,0,2.37287590063209,0.601908752487534,0.10446992844417,0.105717761840721,0.574669013321129,0.576726991101882
16.35,0,2.37272585370714,0.601864248553143,0.10445496503753,0.105717761840721,0.574641031915613,0.576726991107758
16.355,0,2.37257484674923,0.601819462714195,0.104440038521316,0.105717761840721,0.574612738849391,0.576726991113598
16.36,0,2.3724228902634,0.60177439814036,0.104425148786721,0.105717761840721,0.574584137237915,0.576726991119403
16.365,0,2.37226999467679,0.601729057977739,0.104410295725367,0.105717761840721,0.574555230173903,0.576726991125171
16.37,0,2.3721161703384,0.601683445348806,0.104395479229303,0.105717761840721,0.574526020727283,0.576726991130904
16.375,0,2.37196142752065,0.601637563352863,0.104380699191001,0.105717761840721,0.574496511945652,0.576726991136601
16.38,0,2.3718057764201,0.601591415066234,0.10436595550335,0.105717761840721,0.574466706854462,0.576726991142264
16.385,0,2.37164922715743,0.601545003542276,0.10435124805966,0.105717761840721,0.574436608457038,0.576726991147891
16.39,0,2.37149178977732,0.601498331811326,0.104336576753661,0.105717761840721,0.574406219734532,0.576726991153484
16.395,0,2.37133347424995,0.601451402881146,0.104321941479495,0.105717761840721,0.574375543646358,0.576726991159042
16.4,0,2.37117429047165,0.601404219737108,0.104307342131715,0.105717761840721,0.574344583130383,0.576726991164566
16.405,0,2.37101424826495,0.601356785342213,0.104292778605285,0.105717761840721,0.574313341102942,0.576726991170056
16.41,0,2.37085335737842,0.601309102637032,0.10427825079558,0.105717761840721,0.574281820458789,0.576726991175512
16.415,0,2.37069162748812,0.601261174540142,0.104263758598379,0.105717761840721,0.574250024071527,0.576726991180934
16.42,0,2.37052906819828,0.601213003948314,0.104249301909866,0.105717761840721,0.574217954793788,0.576726991186323
16.425,0,2.37036568904132,0.60116459373652,0.104234880626624,0.105717761840721,0.574185615457252,0.576726991191679
16.43,0,2.37020149947766,0.601115946757885,0.104220494645641,0.105717761840721,0.574153008872597,0.576726991197002
16.435,0,2.37003650889723,0.601067065844111,0.104206143864301,0.105717761840721,0.57412013782992,0.576726991202292
16.44,0,2.36987072662002,0.601017953805656,0.104191828180384,0.105717761840721,0.574087005098908,0.576726991207549
16.445,0,2.36970416189616,0.600968613431748,0.104177547492061,0.105717761840721,0.574053613428862,0.576726991212774
16.45,0,2.36953682390574,0.600919047490331,0.104163301697901,0.105717761840721,0.574019965548642,0.576726991217966
16.455,0,2.36936872176025,0.600869258728489,0.104149090696859,0.105717761840721,0.573986064167084,0.576726991223127
16.46,0,2.36919986450314,0.600819249872607,0.104134914388278,0.105717761840721,0.573951911973162,0.576726991228256
16.465,0,2.36903026110989,0.600769023628399,0.104120772671888,0.105717761840721,0.57391751163601,0.576726991233353
16.47,0,2.36885992048782,0.600718582680847,0.104106665447805,0.105717761840721,0.573882865804874,0.576726991238419
16.475,0,2.36868885147752,0.600667929694617,0.104092592616525,0.105717761840721,0.573847977109513,0.576726991243453
16.48,0,2.36851706285336,0.600617067314219,0.104078554078925,0.105717761840721,0.573812848160357,0.576726991248456
16.485,0,2.36834456332359,0.600565998164026,0.104064549736257,0.105717761840721,0.573777481548535,0.576726991253429
16.49,0,2.36817136153017,0.600514724848229,0.104050579490157,0.105717761840721,0.573741879845818,0.576726991258371
16.495,0,2.36799746605009,0.600463249951228,0.10403664324263,0.105717761840721,0.573706045605016,0.576726991263282
16.5,0,2.36782288539595,0.6004115760378,0.104022740896055,0.105717761840721,0.573669981360133,0.576726991268164
16.505,0,2.36764762801599,0.60035970565311,0.10400887235318,0.105717761840721,0.573633689626388,0.576726991273015
16.51,0,2.36747170229398,0.600307641322671,0.103995037517126,0.105717761840721,0.573597172900168,0.576726991277836
16.515,0,2.36729511655045,0.600255385552727,0.10398123629138,0.105717761840721,0.573560433659405,0.576726991282627
16.52,0,2.36711787904332,0.60020294083041,0.103967468579791,0.105717761840721,0.573523474363735,0.576726991287389
16.525,0,2.36693999796788,0.600150309623761,0.103953734286575,0.105717761840721,0.573486297454514,0.576726991292121
16.53,0,2.36676148145667,0.600097494381685,0.103940033316308,0.105717761840721,0.573448905354773,0.576726991296825
16.535,0,2.36658233758075,0.600044497534323,0.103926365573928,0.105717761840721,0.573411300469586,0.576726991301499
16.54,0,2.36640257435023,0.599991321493212,0.103912730964728,0.105717761840721,0.573373485186227,0.576726991306145
16.545,0,2.36622219971431,0.5999379686513,0.103899129394358,0.105717761840721,0.573335461874178,0.576726991310761
16.55,0,2.36604122156112,0.599884441382903,0.103885560768825,0.105717761840721,0.573297232885095,0.57672699131535
16.555,0,2.36585964771902,0.599830742044072,0.103872024994487,0.105717761840721,0.573258800553158,0.57672699131991
16.56,0,2.36567748595701,0.599776872972744,0.103858521978053,0.105717761840721,0.573220167195228,0.576726991324442
16.565,0,2.36549474398489,0.599722836488759,0.103845051626579,0.105717761840721,0.573181335110855,0.576726991328946
16.57,0,2.36531142945303,0.599668634893821,0.103831613847473,0.105717761840721,0.573142306582244,0.576726991333422
16.575,0,2.36512754995362,0.599614270471851,0.103818208548487,0.105717761840721,0.573103083874596,0.576726991337871
16.58,0,2.36494311302116,0.599559745489139,0.103804835637715,0.105717761840721,0.573063669236259,0.576726991342292
16.585,0,2.36475812613251,0.599505062194358,0.103791495023596,0.105717761840721,0.57302406489874,0.576726991346686
16.59,0,2.36457259670673,0.599450222818524,0.103778186614908,0.105717761840721,0.572984273076667,0.576726991351053
16.595,0,2.36438653210628,0.599395229575348,0.10376491032077,0.105717761840721,0.572944295968125,0.576726991355393
16.6,0,2.36419993963751,0.599340084661377,0.103751666050636,0.105717761840721,0.572904135754802,0.576726991359706
16.605,0,2.36401282655068,0.599284790256008,0.103738453714297,0.105717761840721,0.572863794601997,0.576726991363992
16.61,0,2.36382520003983,0.599229348521458,0.103725273221877,0.105717761840721,0.57282327465859,0.576726991368252
16.615,0,2.36363706724393,0.599173761603094,0.103712124483835,0.105717761840721,0.572782578057362,0.576726991372486
16.62,0,2.36344843524738,0.599118031629581,0.103699007410958,0.105717761840721,0.572741706915143,0.576726991376694
16.625,0,2.36325931107999,0.599062160712893,0.103685921914361,0.105717761840721,0.572700663332816,0.576726991380876
16.63,0,2.36306970171692,0.59900615094828,0.10367286790549,0.105717761840721,0.572659449395287,0.576726991385032
16.635,0,2.36287961407973,0.598950004414598,0.103659845296117,0.105717761840721,0.572618067171804,0.576726991389162
16.64,0,2.36268905503688,0.598893723174442,0.103646853998333,0.105717761840721,0.572576518716089,0.576726991393267
16.645,0,2.36249803140378,0.59883730927417,0.103633893924557,0.105717761840721,0.572534806066356,0.576726991397347
16.65,0,2.36230654994261,0.598780764743861,0.103620964987528,0.105717761840721,0.572492931245267,0.576726991401401
16.655,0,2.36211461736348,0.598724091597639,0.103608067100303,0.105717761840721,0.572450896260255,0.57672699140543
16.66,0,2.3619222403248,0.598667291833806,0.103595200176258,0.105717761840721,0.572408703103645,0.576726991409435
16.665,0,2.36172942543336,0.598610367434863,0.103582364129084,0.105717761840721,0.572366353752675,0.576726991413415
16.67,0,2.36153617924425,0.59855332036747,0.10356955887279,0.105717761840721,0.572323850169454,0.57672699141737
16.675,0,2.36134250826181,0.59849615258276,0.103556784321696,0.105717761840721,0.57228119430127,0.576726991421301
16.68,0,2.36114841894015,0.598438866016473,0.103544040390435,0.105717761840721,0.572238388080717,0.576726991425208
16.685,0,2.36095391768318,0.598381462588972,0.103531326993947,0.105717761840721,0.572195433425708,0.57672699142909
16.69,0,2.36075901084446,0.598323944205206,0.103518644047486,0.105717761840721,0.572152332239439,0.576726991432949
16.695,0,2.36056370472824,0.598266312755019,0.103505991466611,0.105717761840721,0.572109086410687,0.576726991436784
16.7,0,2.36036800558989,0.598208570113275,0.103493369167184,0.105717761840721,0.572065697813932,0.576726991440595
16.705,0,2.36017191963594,0.598150718139876,0.103480777065375,0.105717761840721,0.572022168309372,0.576726991444383
16.71,0,2.35997545302397,0.598092758679731,0.103468215077656,0.105717761840721,0.571978499742888,0.576726991448147
16.715,0,2.35977861186357,0.598034693563048,0.103455683120801,0.105717761840721,0.571934693946331,0.576726991451889
16.72,0,2.35958140221681,0.597976524605466,0.103443181111881,0.105717761840721,0.571890752737646,0.576726991455607
16.725,0,2.35938383009824,0.597918253608065,0.103430708968268,0.105717761840721,0.571846677920884,0.576726991459302
16.73,0,2.35918590147478,0.597859882357336,0.103418266607631,0.105717761840721,0.571802471286163,0.576726991462974
16.735,0,2.35898762226672,0.597801412625474,0.103405853947934,0.105717761840721,0.571758134609958,0.576726991466624
16.74,0,2.35878899834808,0.597742846170496,0.103393470907435,0.105717761840721,0.571713669655212,0.576726991470251
16.745,0,2.35859003554668,0.597684184736257,0.103381117404685,0.105717761840721,0.571669078171352,0.576726991473856
16.75,0,2.35839073964403,0.597625430052421,0.103368793358527,0.105717761840721,0.571624361894252,0.576726991477439
16.755,0,2.35819111637626,0.597566583834744,0.103356498688093,0.105717761840721,0.571579522546513,0.576726991480999
16.76,0,2.3579911714345,0.597507647785192,0.103344233312804,0.105717761840721,0.571534561837573,0.576726991484538
16.765,0,2.35779091046497,0.597448623591951,0.103331997152367,0.105717761840721,0.571489481463719,0.576726991488054
16.77,0,2.3575903390688,0.597389512929409,0.103319790126777,0.105717761840721,0.571444283108056,0.576726991491549
16.775,0,2.35738946280303,0.597330317458421,0.103307612156313,0.105717761840721,0.571398968440776,0.576726991495023
16.78,0,2.35718828718091,0.597271038826428,0.103295463161536,0.105717761840721,0.571353539119267,0.576726991498475
16.785,0,2.356986817672,0.597211678667473,0.103283343063288,0.105717761840721,0.571307996788123,0.576726991501906
16.79,0,2.35678505970204,0.597152238602173,0.103271251782693,0.105717761840721,0.571262343079116,0.576726991505315
16.795,0,2.35658301865386,0.597092720237984,0.103259189241155,0.105717761840721,0.571216579611455,0.576726991508704
16.8,0,2.35638069986771,0.597033125169316,0.103247155360354,0.105717761840721,0.571170707991894,0.576726991512072
16.805,0,2.35617810864136,0.596973454977548,0.103235150062245,0.105717761840721,0.571124729814744,0.576726991515419
16.81,0,2.35597525022994,0.596913711231001,0.103223173269062,0.105717761840721,0.571078646661841,0.576726991518745
16.815,0,2.35577212984684,0.596853895485196,0.10321122490331,0.105717761840721,0.5710324601028,0.576726991522051
16.82,0,2.35556875266409,0.596794009282966,0.103199304887766,0.105717761840721,0.570986171695123,0.576726991525336
16.825,0,2.35536512381234,0.596734054154471,0.10318741314548,0.105717761840721,0.570939782984204,0.576726991528602
16.83,0,2.35516124838083,0.596674031617172,0.103175549599772,0.105717761840721,0.570893295503307,0.576726991531847
16.835,0,2.35495713141818,0.596613943176083,0.103163714174229,0.105717761840721,0.570846710773807,0.576726991535072
16.84,0,2.35475277793276,0.596553790323879,0.103151906792707,0.105717761840721,0.570800030305292,0.576726991538277
16.845,0,2.35454819289276,0.59649357454091,0.103140127379326,0.105717761840721,0.570753255595581,0.576726991541462
16.85,0,2.35434338122603,0.596433297295176,0.103128375858474,0.105717761840721,0.570706388130685,0.576726991544628
16.855,0,2.35413834782097,0.596372960042577,0.1031166521548,0.105717761840721,0.570659429385056,0.576726991547774
16.86,0,2.35393309752681,0.596312564227012,0.103104956193216,0.105717761840721,0.570612380821681,0.576726991550901
16.865,0,2.35372763515372,0.596252111280395,0.103093287898894,0.105717761840721,0.570565243892096,0.576726991554008
16.87,0,2.35352196547263,0.596191602622633,0.10308164719727,0.105717761840721,0.570518020036357,0.576726991557097
16.875,0,2.35331609321609,0.596131039661866,0.103070034014035,0.105717761840721,0.570470710683271,0.576726991560166
16.88,0,2.35311002307861,0.596070423794564,0.103058448275138,0.105717761840721,0.570423317250497,0.576726991563216
16.885,0,2.35290375971666,0.596009756405548,0.103046889906783,0.105717761840721,0.570375841144555,0.576726991566248
16.89,0,2.35269730774857,0.595949038867962,0.103035358835434,0.105717761840721,0.570328283760797,0.576726991569261
16.895,0,2.35249067175538,0.595888272543506,0.103023854987804,0.105717761840721,0.570280646483639,0.576726991572255
16.9,0,2.35228385628109,0.59582745878254,0.103012378290861,0.105717761840721,0.570232930686649,0.576726991575231
16.905,0,2.35207686583272,0.595766598924093,0.103000928671822,0.105717761840721,0.570185137732563,0.576726991578189
16.91,0,2.35186970488025,0.595705694295843,0.102989506058158,0.105717761840721,0.570137268973255,0.576726991581128
16.915,0,2.35166237785731,0.595644746214345,0.102978110377587,0.105717761840721,0.57008932574996,0.576726991584049
16.92,0,2.3514548891616,0.595583755985124,0.102966741558076,0.105717761840721,0.570041309393365,0.576726991586952
16.925,0,2.35124724315481,0.595522724902694,0.102955399527837,0.105717761840721,0.56999322122362,0.576726991589837
16.93,0,2.35103944416262,0.59546165425053,0.102944084215331,0.105717761840721,0.569945062550312,0.576726991592705
16.935,0,2.35083149647539,0.595400545301296,0.10293279554926,0.105717761840721,0.569896834672677,0.576726991595554
16.94,0,2.3506234043485,0.595339399316934,0.102921533458572,0.105717761840721,0.569848538879699,0.576726991598386
16.945,0,2.35041517200236,0.59527821754868,0.102910297872455,0.105717761840721,0.569800176450106,0.576726991601201
16.95,0,2.35020680362233,0.595217001237042,0.102899088720342,0.105717761840721,0.569751748652359,0.576726991603998
16.955,0,2.34999830335944,0.595155751612016,0.102887905931902,0.105717761840721,0.569703256744849,0.576726991606779
16.96,0,2.34978967533071,0.595094469893176,0.102876749437047,0.105717761840721,0.569654701975995,0.576726991609542
16.965,0,2.34958092361916,0.595033157289691,0.102865619165922,0.105717761840721,0.569606085584247,0.576726991612287
16.97,0,2.34937205227372,0.594971815000302,0.102854515048913,0.105717761840721,0.569557408798061,0.576726991615016
16.975,0,2.34916306530995,0.594910444213529,0.10284343701664,0.105717761840721,0.56950867283611,0.576726991617729
16.98,0,2.34895396671034,0.594849046107766,0.102832384999959,0.105717761840721,0.569459878907361,0.576726991620424
16.985,0,2.34874476042432,0.594787621851293,0.102821358929956,0.105717761840721,0.569411028211088,0.576726991623103
16.99,0,2.34853545036817,0.59472617260225,0.102810358737955,0.105717761840721,0.569362121936848,0.576726991625765
16.995,0,2.34832604042573,0.59466469950885,0.102799384355507,0.105717761840721,0.569313161264681,0.576726991628411
17,0,2.34811653444869,0.594603203709459,0.102788435714395,0.105717761840721,0.569264147365189,0.57672699163104
17.005,0,2.34790693625659,0.594541686332612,0.10277751274663,0.105717761840721,0.569215081399548,0.576726991633654
17.01,0,2.34769724963674,0.594480148496996,0.102766615384454,0.105717761840721,0.569165964519485,0.576726991636251
17.015,0,2.34748747834494,0.594418591311641,0.102755743560335,0.105717761840721,0.569116797867469,0.576726991638832
17.02,0,2.34727762610567,0.594357015876016,0.102744897206966,0.105717761840721,0.569067582576795,0.576726991641397
17.025,0,2.3470676966122,0.594295423280032,0.102734076257265,0.105717761840721,0.569018319771589,0.576726991643947
17.03,0,2.34685769352647,0.594233814604025,0.102723280644378,0.105717761840721,0.568969010566787,0.576726991646481
17.035,0,2.34664762047975,0.594172190918956,0.102712510301669,0.105717761840721,0.568919656068324,0.576726991648999
17.04,0,2.3464374810729,0.594110553286485,0.102701765162729,0.105717761840721,0.568870257373214,0.576726991651501
17.045,0,2.34622727887641,0.594048902758989,0.102691045161365,0.105717761840721,0.568820815569553,0.576726991653988
17.05,0,2.34601701743032,0.593987240379542,0.102680350231608,0.105717761840721,0.568771331736504,0.57672699165646
17.055,0,2.34580670024485,0.593925567182102,0.102669680307708,0.105717761840721,0.568721806944473,0.576726991658917
17.06,0,2.34559633080066,0.593863884191596,0.102659035324132,0.105717761840721,0.568672242255194,0.576726991661358
17.065,0,2.34538591254889,0.593802192423926,0.102648415215562,0.105717761840721,0.568622638721727,0.576726991663785
17.07,0,2.34517544891108,0.593740492885954,0.102637819916902,0.105717761840721,0.568572997388447,0.576726991666196
17.075,0,2.34496494327975,0.593678786575688,0.102627249363265,0.105717761840721,0.568523319291214,0.576726991668593
17.08,0,2.34475439901874,0.593617074482357,0.102616703489983,0.105717761840721,0.568473605457454,0.576726991670974
17.085,0,2.34454381946313,0.593555357586424,0.102606182232598,0.105717761840721,0.568423856906161,0.576726991673341
17.09,0,2.34433320791928,0.593493636859568,0.102595685526866,0.105717761840721,0.568374074647881,0.576726991675694
17.095,0,2.34412256766531,0.593431913264864,0.102585213308754,0.105717761840721,0.568324259684884,0.576726991678032
17.1,0,2.34391190195146,0.593370187756858,0.102574765514441,0.105717761840721,0.568274413011234,0.576726991680355
17.105,0,2.34370121400005,0.593308461281581,0.102564342080312,0.105717761840721,0.568224535612803,0.576726991682665
17.11,0,2.3434905070054,0.593246734776526,0.102553942942965,0.105717761840721,0.568174628467244,0.57672699168496
17.115,0,2.34327978413447,0.593185009170832,0.102543568039201,0.105717761840721,0.568124692544163,0.57672699168724
17.12,0,2.34306904852707,0.593123285385347,0.102533217306032,0.105717761840721,0.568074728805191,0.576726991689507
17.125,0,2.34285830329587,0.59306156433265,0.102522890680672,0.105717761840721,0.568024738203989,0.57672699169176
17.13,0,2.34264755152635,0.592999846917025,0.102512588100544,0.105717761840721,0.567974721686229,0.576726991693999
17.135,0,2.34243679627737,0.592938134034637,0.102502309503271,0.105717761840721,0.567924680189761,0.576726991696224
17.14,0,2.34222604058141,0.592876426573604,0.102492054826682,0.105717761840721,0.567874614644677,0.576726991698435
17.145,0,2.34201528744456,0.592814725414002,0.102481824008806,0.105717761840721,0.567824525973323,0.576726991700633
17.15,0,2.34180453984651,0.592753031427857,0.102471616987876,0.105717761840721,0.567774415090278,0.576726991702817
17.155,0,2.34159380074104,0.592691345479305,0.102461433702323,0.105717761840721,0.567724282902511,0.576726991704988
17.16,0,2.34138307305631,0.592629668424662,0.102451274090778,0.105717761840721,0.567674130309455,0.576726991707145
17.165,0,2.34117235969482,0.592568001112439,0.102441138092071,0.105717761840721,0.567623958203008,0.576726991709289
17.17,0,2.34096166353342,0.592506344383324,0.102431025645231,0.105717761840721,0.567573767467516,0.57672699171142
17.175,0,2.34075098742378,0.592444699070339,0.102420936689482,0.105717761840721,0.567523558979931,0.576726991713538
17.18,0,2.34054033419265,0.592383065998915,0.102410871164245,0.105717761840721,0.567473333609873,0.576726991715642
17.185,0,2.34032970664186,0.592321445986899,0.102400829009135,0.105717761840721,0.567423092219641,0.576726991717734
17.19,0,2.3401191075483,0.59225983984454,0.102390810163964,0.105717761840721,0.567372835664189,0.576726991719813
17.195,0,2.33990853966438,0.592198248374643,0.102380814568735,0.105717761840721,0.567322564791282,0.576726991721879
17.2,0,2.3396980057183,0.592136672372638,0.102370842163644,0.105717761840721,0.567272280441562,0.576726991723932
17.205,0,2.33948750841407,0.592075112626592,0.10236089288908,0.105717761840721,0.567221983448546,0.576726991725972
17.21,0,2.33927705043139,0.592013569917188,0.102350966685622,0.105717761840721,0.567171674638618,0.576726991728
17.215,0,2.33906663442625,0.591952045017884,0.10234106349404,0.105717761840721,0.567121354831169,0.576726991730016
17.22,0,2.33885626303106,0.591890538694976,0.102331183255292,0.105717761840721,0.567071024838666,0.576726991732019
17.225,0,2.33864593885472,0.591829051707605,0.102321325910525,0.105717761840721,0.567020685466651,0.576726991734009
17.23,0,2.33843566448254,0.591767584807744,0.102311491401075,0.105717761840721,0.56697033751373,0.576726991735988
17.235,0,2.33822544247675,0.591706138740351,0.102301679668464,0.105717761840721,0.566919981771713,0.576726991737954
17.24,0,2.3380152753767,0.591644714243424,0.102291890654399,0.105717761840721,0.566869619025677,0.576726991739908
17.245,0,2.33780516569886,0.591583312048017,0.102282124300773,0.105717761840721,0.566819250053969,0.57672699174185
17.25,0,2.3375951159368,0.591521932878225,0.102272380549664,0.105717761840721,0.566768875628192,0.57672699174378
17.255,0,2.33738512856166,0.591460577451324,0.102262659343334,0.105717761840721,0.566718496513345,0.576726991745698
17.26,0,2.33717520602231,0.59139924647784,0.102252960624226,0.105717761840721,0.566668113467879,0.576726991747604
17.265,0,2.33696535074545,0.59133794066155,0.102243284334967,0.105717761840721,0.566617727243708,0.576726991749499
17.27,0,2.33675556513548,0.591276660699476,0.102233630418364,0.105717761840721,0.566567338586185,0.576726991751382
17.275,0,2.336545851575,0.591215407282021,0.102223998817406,0.105717761840721,0.566516948234246,0.576726991753253
17.28,0,2.33633621242501,0.591154181093029,0.102214389475261,0.105717761840721,0.566466556920464,0.576726991755112
17.285,0,2.33612665002494,0.591092982809796,0.102204802335274,0.105717761840721,0.566416165371054,0.576726991756961
17.29,0,2.33591716669254,0.591031813103057,0.102195237340971,0.105717761840721,0.566365774305858,0.576726991758797
17.295,0,2.33570776472442,0.590970672637121,0.102185694436057,0.105717761840721,0.566315384438478,0.576726991760623
17.3,0,2.33549844639615,0.590909562069928,0.102176173564408,0.105717761840721,0.566264996476331,0.576726991762437
17.305,0,2.33528921396237,0.590848482053063,0.10216667467008,0.105717761840721,0.566214611120655,0.57672699176424
17.31,0,2.33508006965667,0.590787433231738,0.102157197697305,0.105717761840721,0.566164229066495,0.576726991766032
17.315,0,2.33487101569206,0.590726416244928,0.102147742590487,0.105717761840721,0.566113851002829,0.576726991767813
17.32,0,2.33466205426114,0.590665431725428,0.102138309294205,0.105717761840721,0.566063477612623,0.576726991769583
17.325,0,2.33445318753616,0.590604480299857,0.10212889775321,0.105717761840721,0.566013109572842,0.576726991771342
17.33,0,2.33424441766891,0.590543562588653,0.102119507912426,0.105717761840721,0.565962747554425,0.57672699177309
17.335,0,2.3340357467912,0.590482679206197,0.10211013971695,0.105717761840721,0.565912392222418,0.576726991774827
17.34,0,2.33382717701502,0.590421830760868,0.102100793112046,0.105717761840721,0.565862044236028,0.576726991776554
17.345,0,2.33361871043255,0.590361017855056,0.102091468043152,0.105717761840721,0.56581170424862,0.57672699177827
17.35,0,2.33341034911615,0.590300241085146,0.102082164455874,0.105717761840721,0.565761372907712,0.576726991779976
17.355,0,2.3332020951187,0.590239501041645,0.102072882295986,0.105717761840721,0.56571105085509,0.57672699178167
17.36,0,2.33299395047389,0.590178798309234,0.10206362150943,0.105717761840721,0.565660738726863,0.576726991783355
17.365,0,2.33278591719611,0.590118133466782,0.102054382042317,0.105717761840721,0.56561043715347,0.576726991785029
17.37,0,2.33257799728053,0.590057507087327,0.102045163840921,0.105717761840721,0.56556014675966,0.576726991786693
17.375,0,2.33237019270339,0.589996919738202,0.102035966851687,0.105717761840721,0.565509868164615,0.576726991788346
17.38,0,2.33216250542226,0.58993637198109,0.10202679102122,0.105717761840721,0.565459601982002,0.576726991789989
17.385,0,2.33195493737602,0.589875864372024,0.102017636296293,0.105717761840721,0.565409348819972,0.576726991791623
17.39,0,2.3317474904848,0.589815397461387,0.102008502623841,0.105717761840721,0.565359109281151,0.576726991793246
17.395,0,2.33154016665043,0.589754971794018,0.101999389950963,0.105717761840721,0.565308883962757,0.576726991794859
17.4,0,2.33133296775652,0.589694587909276,0.10199029822492,0.105717761840721,0.565258673456641,0.576726991796462
17.405,0,2.33112589566857,0.589634246341039,0.101981227393134,0.105717761840721,0.565208478349303,0.576726991798055
17.41,0,2.33091895223388,0.589573947617693,0.101972177403191,0.105717761840721,0.565158299221867,0.576726991799638
17.415,0,2.33071213928191,0.589513692262254,0.101963148202834,0.105717761840721,0.565108136650204,0.576726991801212
17.42,0,2.33050545862451,0.589453480792414,0.101954139739967,0.105717761840721,0.565057991204973,0.576726991802776
17.425,0,2.33029891205586,0.589393313720546,0.101945151962654,0.105717761840721,0.565007863451627,0.57672699180433
17.43,0,2.3300925013525,0.589333191553698,0.101936184819117,0.105717761840721,0.564957753950401,0.576726991805875
17.435,0,2.32988622827365,0.589273114793702,0.101927238257734,0.105717761840721,0.564907663256422,0.57672699180741
17.44,0,2.3296800945614,0.589213083937225,0.101918312227044,0.105717761840721,0.564857591919755,0.576726991808936
17.445,0,2.32947410194069,0.589153099475775,0.101909406675737,0.105717761840721,0.564807540485406,0.576726991810452
17.45,0,2.32926825211933,0.58909316189569,0.101900521552665,0.105717761840721,0.564757509493309,0.576726991811959
17.455,0,2.3290625467883,0.589033271678249,0.101891656806831,0.105717761840721,0.564707499478438,0.576726991813457
17.46,0,2.32885698762193,0.588973429299718,0.101882812387394,0.105717761840721,0.564657510970844,0.576726991814945
17.465,0,2.32865157627794,0.588913635231359,0.101873988243666,0.105717761840721,0.564607544495667,0.576726991816425
17.47,0,2.32844631439736,0.588853889939416,0.101865184325113,0.105717761840721,0.564557600573118,0.576726991817895
17.475,0,2.3282412036049,0.588794193885225,0.101856400581356,0.105717761840721,0.564507679718587,0.576726991819356
17.48,0,2.32803624550911,0.58873454752526,0.101847636962164,0.105717761840721,0.564457782442684,0.576726991820808
17.485,0,2.32783144170238,0.588674951311136,0.101838893417459,0.105717761840721,0.564407909251244,0.576726991822251
17.49,0,2.32762679376091,0.588615405689605,0.101830169897315,0.105717761840721,0.564358060645316,0.576726991823685
17.495,0,2.32742230324505,0.588555911102655,0.101821466351955,0.105717761840721,0.564308237121263,0.576726991825111
17.5,0,2.32721797169945,0.588496467987556,0.101812782731752,0.105717761840721,0.564258439170806,0.576726991826527
17.505,0,2.32701380065307,0.588437076776866,0.101804118987229,0.105717761840721,0.564208667281027,0.576726991827935
17.51,0,2.32680979161916,0.588377737898424,0.101795475069055,0.105717761840721,0.564158921934358,0.576726991829334
17.515,0,2.32660594609555,0.588318451775448,0.101786850928049,0.105717761840721,0.564109203608676,0.576726991830725
17.52,0,2.32640226556485,0.588259218826581,0.101778246515176,0.105717761840721,0.564059512777353,0.576726991832107
17.525,0,2.32619875149444,0.588200039465893,0.101769661781549,0.105717761840721,0.564009849909249,0.57672699183348
17.53,0,2.3259954053364,0.588140914102878,0.101761096678425,0.105717761840721,0.563960215468712,0.576726991834845
17.535,0,2.32579222852789,0.588081843142547,0.101752551157209,0.105717761840721,0.563910609915663,0.576726991836202
17.54,0,2.32558922249127,0.588022826985471,0.101744025169447,0.105717761840721,0.563861033705644,0.57672699183755
17.545,0,2.32538638863409,0.587963866027792,0.101735518666834,0.105717761840721,0.56381148728982,0.57672699183889
17.55,0,2.32518372834907,0.587904960661207,0.101727031601206,0.105717761840721,0.563761971114965,0.576726991840221
17.555,0,2.32498124301446,0.587846111273066,0.101718563924542,0.105717761840721,0.563712485623561,0.576726991841545
17.56,0,2.32477893399409,0.587787318246418,0.101710115588964,0.105717761840721,0.563663031253832,0.57672699184286
17.565,0,2.32457680263745,0.587728581960009,0.101701686546736,0.105717761840721,0.563613608439749,0.576726991844167
17.57,0,2.32437485027963,0.587669902788278,0.101693276750265,0.105717761840721,0.563564217611022,0.576726991845466
17.575,0,2.32417307824163,0.58761128110145,0.101684886152095,0.105717761840721,0.563514859193187,0.576726991846757
17.58,0,2.32397148783052,0.587552717265574,0.101676514704915,0.105717761840721,0.563465533607648,0.57672699184804
17.585,0,2.32377008033938,0.58749421164253,0.10166816236155,0.105717761840721,0.563416241271677,0.576726991849315
17.59,0,2.32356885704735,0.587435764590021,0.101659829074967,0.105717761840721,0.563366982598408,0.576726991850583
17.595,0,2.32336781921988,0.58737737646166,0.101651514798269,0.105717761840721,0.563317757996919,0.576726991851842
17.6,0,2.32316696810889,0.587319047607015,0.101643219484698,0.105717761840721,0.563268567872275,0.576726991853094
17.605,0,2.32296630495273,0.587260778371609,0.101634943087635,0.105717761840721,0.563219412625531,0.576726991854338
17.61,0,2.32276583097621,0.587202569096914,0.101626685560597,0.105717761840721,0.563170292653718,0.576726991855574
17.615,0,2.32256554739086,0.587144420120439,0.101618446857238,0.105717761840721,0.563121208349932,0.576726991856803
17.62,0,2.32236545539505,0.587086331775768,0.101610226931346,0.105717761840721,0.563072160103369,0.576726991858024
17.625,0,2.32216555617402,0.587028304392563,0.101602025736845,0.105717761840721,0.563023148299333,0.576726991859238
17.63,0,2.32196585089983,0.58697033829656,0.101593843227797,0.105717761840721,0.562974173319216,0.576726991860444
17.635,0,2.32176634073165,0.586912433809653,0.101585679358395,0.105717761840721,0.562925235540592,0.576726991861642
17.64,0,2.32156702681591,0.586854591249928,0.101577534082966,0.105717761840721,0.562876335337248,0.576726991862834
17.645,0,2.32136791028625,0.586796810931671,0.101569407355972,0.105717761840721,0.562827473079186,0.576726991864018
17.65,0,2.32116899226355,0.586739093165361,0.101561299132007,0.105717761840721,0.562778649132617,0.576726991865194
17.655,0,2.32097027385618,0.586681438257751,0.101553209365796,0.105717761840721,0.562729863860038,0.576726991866364
17.66,0,2.32077175616011,0.586623846511905,0.101545138012198,0.105717761840721,0.56268111762027,0.576726991867526
17.665,0,2.32057344025894,0.586566318227202,0.101537085026201,0.105717761840721,0.562632410768461,0.576726991868681
17.67,0,2.32037532722386,0.586508853699328,0.101529050362926,0.105717761840721,0.562583743656073,0.576726991869829
17.675,0,2.32017741811392,0.586451453220361,0.101521033977623,0.105717761840721,0.562535116630966,0.57672699187097
17.68,0,2.31997971397614,0.586394117078802,0.10151303582567,0.105717761840721,0.56248653003743,0.576726991872103
17.685,0,2.31978221584554,0.586336845559578,0.101505055862578,0.105717761840721,0.562437984216185,0.57672699187323
17.69,0,2.31958492474508,0.58627963894404,0.101497094043983,0.105717761840721,0.562389479504377,0.57672699187435
17.695,0,2.31938784168595,0.586222497510038,0.101489150325653,0.105717761840721,0.562341016235649,0.576726991875463
17.7,0,2.31919096766767,0.586165421531957,0.101481224663479,0.105717761840721,0.562292594740182,0.576726991876569
17.705,0,2.31899430367811,0.586108411280719,0.101473317013484,0.105717761840721,0.56224421534469,0.576726991877668
17.71,0,2.31879785069343,0.586051467023779,0.101465427331814,0.105717761840721,0.562195878372413,0.576726991878761
17.715,0,2.31860160967838,0.585994589025197,0.101457555574743,0.105717761840721,0.562147584143198,0.576726991879847
17.72,0,2.31840558158637,0.585937777545678,0.101449701698672,0.105717761840721,0.562099332973521,0.576726991880926
17.725,0,2.31820976735952,0.585881032842569,0.101441865660124,0.105717761840721,0.562051125176498,0.576726991881998
17.73,0,2.3180141679286,0.585824355169857,0.10143404741575,0.105717761840721,0.562002961061874,0.576726991883064
17.735,0,2.31781878421327,0.585767744778242,0.101426246922324,0.105717761840721,0.561954840936092,0.576726991884123
17.74,0,2.31762361712222,0.585711201915169,0.101418464136743,0.105717761840721,0.561906765102331,0.576726991885176
17.745,0,2.31742866755318,0.585654726824831,0.101410699016028,0.105717761840721,0.561858733860503,0.576726991886222
17.75,0,2.31723393639284,0.585598319748165,0.101402951517324,0.105717761840721,0.561810747507248,0.576726991887261
17.755,0,2.31703942451715,0.585541980922923,0.101395221597899,0.105717761840721,0.561762806336003,0.576726991888295
17.76,0,2.3168451327914,0.585485710583701,0.101387509215139,0.105717761840721,0.561714910637033,0.576726991889322
17.765,0,2.31665106207024,0.585429508961948,0.101379814326555,0.105717761840721,0.561667060697434,0.576726991890342
17.77,0,2.31645721319762,0.585373376285955,0.101372136889779,0.105717761840721,0.561619256801124,0.576726991891357
17.775,0,2.31626358700706,0.585317312780927,0.101364476862562,0.105717761840721,0.561571499228914,0.576726991892365
17.78,0,2.31607018432176,0.585261318669015,0.101356834202777,0.105717761840721,0.561523788258535,0.576726991893367
17.785,0,2.31587700595456,0.585205394169317,0.101349208868414,0.105717761840721,0.561476124164641,0.576726991894362
17.79,0,2.31568405270797,0.585149539497875,0.101341600817586,0.105717761840721,0.561428507218802,0.576726991895352
17.795,0,2.31549132537434,0.585093754867738,0.101334010008521,0.105717761840721,0.561380937689573,0.576726991896335
17.8,0,2.31529882473602,0.585038040489,0.101326436399568,0.105717761840721,0.561333415842517,0.576726991897312
17.805,0,2.31510655156533,0.584982396568794,0.101318879949192,0.105717761840721,0.561285941940214,0.576726991898284
17.81,0,2.31491450662453,0.584926823311294,0.101311340615977,0.105717761840721,0.561238516242249,0.576726991899249
17.815,0,2.31472269066608,0.584871320917777,0.101303818358625,0.105717761840721,0.561191139005279,0.576726991900209
17.82,0,2.3145311044327,0.584815889586653,0.101296313135951,0.105717761840721,0.56114381048306,0.576726991901162
17.825,0,2.31433974865739,0.584760529513471,0.10128882490689,0.105717761840721,0.561096530926452,0.57672699190211
17.83,0,2.3141486240634,0.584705240890907,0.101281353630489,0.105717761840721,0.561049300583407,0.576726991903051
17.835,0,2.31395773136446,0.584650023908834,0.101273899265914,0.105717761840721,0.561002119699037,0.576726991903987
17.84,0,2.31376707126487,0.58459487875435,0.101266461772443,0.105717761840721,0.560954988515638,0.576726991904917
17.845,0,2.3135766444595,0.584539805611779,0.101259041109471,0.105717761840721,0.560907907272696,0.576726991905842
17.85,0,2.31338645163376,0.584484804662664,0.101251637236504,0.105717761840721,0.560860876206874,0.576726991906761
17.855,0,2.31319649346383,0.584429876085835,0.101244250113164,0.105717761840721,0.56081389555208,0.576726991907674
17.86,0,2.31300677061674,0.584375020057431,0.101236879699186,0.105717761840721,0.56076696553949,0.576726991908581
17.865,0,2.31281728375039,0.584320236750908,0.101229525954416,0.105717761840721,0.560720086397551,0.576726991909483
17.87,0,2.31262803351349,0.584265526337029,0.101222188838814,0.105717761840721,0.560673258351972,0.576726991910379
17.875,0,2.31243902054581,0.584210888983928,0.101214868312452,0.105717761840721,0.56062648162579,0.57672699191127
17.88,0,2.31225024547823,0.584156324857134,0.101207564335513,0.105717761840721,0.560579756439389,0.576726991912155
17.885,0,2.3120617089328,0.584101834119579,0.101200276868289,0.105717761840721,0.560533083010506,0.576726991913035
17.89,0,2.31187341152265,0.584047416931587,0.101193005871187,0.105717761840721,0.560486461554222,0.576726991913909
17.895,0,2.31168535385224,0.583993073450936,0.101185751304722,0.105717761840721,0.560439892283023,0.576726991914778
17.9,0,2.31149753651743,0.583938803832884,0.101178513129518,0.105717761840721,0.560393375406825,0.576726991915642
17.905,0,2.31130996010547,0.583884608230173,0.101171291306309,0.105717761840721,0.560346911132972,0.5767269919165
17.91,0,2.31112262519502,0.583830486793019,0.10116408579594,0.105717761840721,0.560300499666233,0.576726991917353
17.915,0,2.31093553235629,0.583776439669177,0.101156896559362,0.105717761840721,0.560254141208861,0.576726991918201
17.92,0,2.31074868215117,0.583722467003959,0.101149723557636,0.105717761840721,0.560207835960612,0.576726991919044
17.925,0,2.31056207513321,0.583668568940243,0.101142566751931,0.105717761840721,0.560161584118749,0.576726991919881
17.93,0,2.31037571184762,0.583614745618463,0.101135426103522,0.105717761840721,0.560115385878038,0.576726991920713
17.935,0,2.31018959283144,0.583560997176668,0.101128301573793,0.105717761840721,0.560069241430802,0.57672699192154
17.94,0,2.31000371861362,0.583507323750546,0.101121193124233,0.105717761840721,0.560023150966942,0.576726991922362
17.945,0,2.30981808971504,0.583453725473426,0.101114100716438,0.105717761840721,0.559977114673944,0.576726991923179
17.95,0,2.30963270664848,0.583400202476273,0.101107024312111,0.105717761840721,0.559931132736867,0.576726991923991
17.955,0,2.30944756991881,0.583346754887743,0.10109996387306,0.105717761840721,0.559885205338403,0.576726991924798
17.96,0,2.30926268002307,0.583293382834209,0.101092919361197,0.105717761840721,0.559839332658895,0.576726991925599
17.965,0,2.30907803745048,0.583240086439759,0.101085890738539,0.105717761840721,0.559793514876343,0.576726991926396
17.97,0,2.30889364268238,0.583186865826194,0.10107887796721,0.105717761840721,0.559747752166392,0.576726991927188
17.975,0,2.30870949619247,0.583133721113081,0.101071881009435,0.105717761840721,0.559702044702393,0.576726991927975
17.98,0,2.30852559844686,0.583080652417778,0.101064899827544,0.105717761840721,0.559656392655418,0.576726991928758
17.985,0,2.30834194990406,0.58302765985543,0.101057934383971,0.105717761840721,0.559610796194265,0.576726991929535
17.99,0,2.30815855101497,0.582974743538971,0.101050984641252,0.105717761840721,0.559565255485452,0.576726991930308
17.995,0,2.30797540222309,0.582921903579176,0.101044050562026,0.105717761840721,0.559519770693268,0.576726991931076
18,0,2.30779250396452,0.582869140084676,0.101037132109033,0.105717761840721,0.559474341979794,0.576726991931839
18.005,0,2.30760985666804,0.582816453161968,0.101030229245117,0.105717761840721,0.559428969504905,0.576726991932597
18.01,0,2.30742746075505,0.582763842915406,0.101023341933222,0.105717761840721,0.559383653426266,0.576726991933351
18.015,0,2.30724531663975,0.582711309447255,0.101016470136394,0.105717761840721,0.55933839389938,0.5767269919341
18.02,0,2.30706342472923,0.582658852857709,0.101009613817779,0.105717761840721,0.559293191077608,0.576726991934844
18.025,0,2.30688178542341,0.582606473244895,0.101002772940623,0.105717761840721,0.559248045112173,0.576726991935584
18.03,0,2.30670039911513,0.582554170704869,0.100995947468275,0.105717761840721,0.559202956152155,0.57672699193632
18.035,0,2.30651926619021,0.582501945331665,0.100989137364179,0.105717761840721,0.559157924344537,0.57672699193705
18.04,0,2.30633838702759,0.582449797217313,0.100982342591883,0.105717761840721,0.559112949834226,0.576726991937777
18.045,0,2.30615776199929,0.582397726451847,0.10097556311503,0.105717761840721,0.559068032764056,0.576726991938499
18.05,0,2.30597739147042,0.582345733123296,0.100968798897365,0.105717761840721,0.559023173274781,0.576726991939216
18.055,0,2.30579727579935,0.582293817317732,0.100962049902729,0.105717761840721,0.558978371505126,0.576726991939929
18.06,0,2.30561741533774,0.582241979119294,0.100955316095063,0.105717761840721,0.558933627591799,0.576726991940637
18.065,0,2.30543781043058,0.582190218610184,0.100948597438404,0.105717761840721,0.558888941669503,0.576726991941341
18.07,0,2.30525846141614,0.58213853587067,0.100941893896886,0.105717761840721,0.55884431387092,0.576726991942041
18.075,0,2.30507936862617,0.582086930979127,0.100935205434741,0.105717761840721,0.558799744326767,0.576726991942737
18.08,0,2.30490053238593,0.582035404012059,0.100928532016299,0.105717761840721,0.558755233165807,0.576726991943428
18.085,0,2.3047219530142,0.581983955044099,0.100921873605982,0.105717761840721,0.558710780514856,0.576726991944115
18.09,0,2.30454363082328,0.58193258414801,0.100915230168312,0.105717761840721,0.558666386498776,0.576726991944798
18.095,0,2.30436556611914,0.581881291394723,0.100908601667905,0.105717761840721,0.558622051240519,0.576726991945476
18.1,0,2.30418775920145,0.581830076853362,0.100901988069473,0.105717761840721,0.558577774861147,0.576726991946151
18.105,0,2.30401021036364,0.581778940591244,0.100895389337821,0.105717761840721,0.558533557479832,0.576726991946821
18.11,0,2.30383291989284,0.581727882673873,0.100888805437851,0.105717761840721,0.558489399213854,0.576726991947487
18.115,0,2.30365588807004,0.581676903164986,0.100882236334557,0.105717761840721,0.558445300178641,0.576726991948149
18.12,0,2.30347911517018,0.581626002126574,0.10087568199303,0.105717761840721,0.558401260487789,0.576726991948806
18.125,0,2.30330260146209,0.581575179618878,0.100869142378451,0.105717761840721,0.558357280253065,0.57672699194946
18.13,0,2.30312634720856,0.581524435700389,0.100862617456097,0.105717761840721,0.558313359584397,0.57672699195011
18.135,0,2.3029503526664,0.581473770427893,0.100856107191337,0.105717761840721,0.558269498589924,0.576726991950756
18.14,0,2.30277461808656,0.581423183856481,0.100849611549633,0.105717761840721,0.558225697376006,0.576726991951398
18.145,0,2.30259914371411,0.58137267603956,0.100843130496538,0.105717761840721,0.558181956047231,0.576726991952035
18.15,0,2.30242392978823,0.581322247028844,0.1008366639977,0.105717761840721,0.558138274706408,0.576726991952669
18.155,0,2.30224897654236,0.581271896874395,0.100830212018855,0.105717761840721,0.558094653454608,0.576726991953299
18.16,0,2.30207428420421,0.581221625624646,0.100823774525833,0.105717761840721,0.558051092391181,0.576726991953925
18.165,0,2.30189985299585,0.581171433326394,0.100817351484555,0.105717761840721,0.55800759161376,0.576726991954547
18.17,0,2.30172568313361,0.581121320024804,0.10081094286103,0.105717761840721,0.557964151218253,0.576726991955166
18.175,0,2.30155177482827,0.581071285763448,0.100804548621362,0.105717761840721,0.557920771298886,0.57672699195578
18.18,0,2.30137812828511,0.581021330584318,0.100798168731742,0.105717761840721,0.557877451948217,0.576726991956391
18.185,0,2.30120474370389,0.580971454527831,0.10079180315845,0.105717761840721,0.557834193257139,0.576726991956998
18.19,0,2.30103162127886,0.580921657632825,0.100785451867859,0.105717761840721,0.557790995314877,0.576726991957601
18.195,0,2.30085876119887,0.580871939936599,0.100779114826429,0.105717761840721,0.557747858209021,0.576726991958201
18.2,0,2.30068616364745,0.580822301474926,0.100772792000708,0.105717761840721,0.557704782025552,0.576726991958797
18.205,0,2.30051382880281,0.580772742282059,0.100766483357335,0.105717761840721,0.557661766848835,0.576726991959389
18.21,0,2.3003417568378,0.580723262390726,0.100760188863037,0.105717761840721,0.557618812761616,0.576726991959978
18.215,0,2.30016994792008,0.580673861832166,0.100753908484626,0.105717761840721,0.557575919845066,0.576726991960563
18.22,0,2.29999840221213,0.580624540636148,0.100747642189006,0.105717761840721,0.557533088178788,0.576726991961144
18.225,0,2.2998271198713,0.58057529883097,0.100741389943166,0.105717761840721,0.557490317840824,0.576726991961722
18.23,0,2.29965610104976,0.580526136443461,0.100735151714182,0.105717761840721,0.557447608907651,0.576726991962296
18.235,0,2.29948534589462,0.580477053499008,0.100728927469218,0.105717761840721,0.557404961454215,0.576726991962866
18.24,0,2.29931485454805,0.580428050021581,0.100722717175524,0.105717761840721,0.557362375553946,0.576726991963433
18.245,0,2.29914462714717,0.580379126033732,0.100716520800436,0.105717761840721,0.557319851278765,0.576726991963997
18.25,0,2.29897466382417,0.58033028155659,0.100710338311377,0.105717761840721,0.557277388699072,0.576726991964557
18.255,0,2.2988049647063,0.580281516609896,0.100704169675854,0.105717761840721,0.557234987883788,0.576726991965114
18.26,0,2.29863552991603,0.580232831212022,0.100698014861461,0.105717761840721,0.557192648900367,0.576726991965667
18.265,0,2.29846635957098,0.580184225379968,0.100691873835877,0.105717761840721,0.557150371814798,0.576726991966217
18.27,0,2.29829745378396,0.580135699129366,0.100685746566864,0.105717761840721,0.5571081566916,0.576726991966763
18.275,0,2.29812881266305,0.580087252474505,0.100679633022271,0.105717761840721,0.55706600359386,0.576726991967306
18.28,0,2.29796043631166,0.580038885428354,0.10067353317003,0.105717761840721,0.557023912583244,0.576726991967846
18.285,0,2.29779232482853,0.579990598002557,0.100667446978157,0.105717761840721,0.556981883719999,0.576726991968382
18.2899999999999,0,2.29762447830776,0.579942390207438,0.100661374414752,0.105717761840721,0.556939917062952,0.576726991968915
18.295,0,2.29745689683886,0.579894262052027,0.100655315447999,0.105717761840721,0.556898012669539,0.576726991969445
18.3,0,2.29728958050682,0.579846213544076,0.100649270046164,0.105717761840721,0.556856170595823,0.576726991969972
18.3049999999999,0,2.29712252939216,0.579798244690065,0.100643238177595,0.105717761840721,0.556814390896495,0.576726991970495
18.31,0,2.29695574357085,0.579750355495193,0.100637219810726,0.105717761840721,0.556772673624868,0.576726991971015
18.315,0,2.29678922311445,0.579702545963418,0.100631214914072,0.105717761840721,0.556731018832911,0.576726991971532
18.32,0,2.29662296809018,0.57965481609746,0.100625223456227,0.105717761840721,0.556689426571263,0.576726991972045
18.3249999999999,0,2.29645697856089,0.579607165898814,0.100619245405871,0.105717761840721,0.556647896889236,0.576726991972556
18.3299999999999,0,2.29629125458506,0.57955959536774,0.100613280731763,0.105717761840721,0.556606429834808,0.576726991973063
18.335,0,2.29612579621692,0.579512104503298,0.100607329402744,0.105717761840721,0.556565025454655,0.576726991973567
18.34,0,2.29596060350646,0.579464693303358,0.100601391387737,0.105717761840721,0.556523683794169,0.576726991974069
18.3449999999999,0,2.29579567649948,0.579417361764608,0.100595466655744,0.105717761840721,0.556482404897454,0.576726991974567
18.35,0,2.29563101523757,0.579370109882542,0.100589555175849,0.105717761840721,0.556441188807325,0.576726991975061
18.355,0,2.29546661975817,0.5793229376515,0.100583656917215,0.105717761840721,0.556400035565339,0.576726991975553
18.3599999999999,0,2.29530249009467,0.579275845064674,0.100577771849085,0.105717761840721,0.556358945211807,0.576726991976042
18.3649999999999,0,2.29513862627638,0.579228832114113,0.100571899940782,0.105717761840721,0.556317917785796,0.576726991976528
18.3699999999999,0,2.29497502832853,0.579181898790722,0.100566041161709,0.105717761840721,0.556276953325127,0.576726991977011
18.375,0,2.29481169627239,0.579135045084286,0.100560195481349,0.105717761840721,0.5562360518664,0.576726991977491
18.3799999999999,0,2.29464863012528,0.579088270983488,0.10055436286926,0.105717761840721,0.556195213445014,0.576726991977968
18.3849999999999,0,2.29448582990058,0.57904157647591,0.100548543295083,0.105717761840721,0.556154438095162,0.576726991978442
18.39,0,2.29432329560775,0.578994961548026,0.100542736728536,0.105717761840721,0.556113725849831,0.576726991978913
18.3949999999999,0,2.2941610272524,0.578948426185236,0.100536943139414,0.105717761840721,0.55607307674083,0.576726991979381
18.3999999999999,0,2.29399902483633,0.578901970371876,0.10053116249759,0.105717761840721,0.556032490798802,0.576726991979846
18.4049999999999,0,2.29383728835755,0.57885559409122,0.100525394773017,0.105717761840721,0.555991968053229,0.576726991980308
18.4099999999999,0,2.29367581781028,0.578809297325477,0.100519639935722,0.105717761840721,0.555951508532422,0.576726991980768
18.4149999999999,0,2.29351461318499,0.57876308005582,0.100513897955813,0.105717761840721,0.555911112263554,0.576726991981225
18.4199999999999,0,2.29335367446853,0.578716942262395,0.100508168803471,0.105717761840721,0.555870779272672,0.576726991981679
18.4249999999999,0,2.29319300164405,0.578670883924328,0.100502452448956,0.105717761840721,0.555830509584698,0.57672699198213
18.4299999999999,0,2.29303259469103,0.578624905019718,0.100496748862604,0.105717761840721,0.555790303223422,0.576726991982578
18.4349999999999,0,2.29287245358537,0.578579005525664,0.100491058014827,0.105717761840721,0.555750160211535,0.576726991983023
18.4399999999999,0,2.29271257829944,0.578533185418279,0.100485379876113,0.105717761840721,0.555710080570639,0.576726991983466
18.4449999999999,0,2.29255296880205,0.578487444672692,0.100479714417025,0.105717761840721,0.555670064321245,0.576726991983906
18.4499999999999,0,2.29239362505847,0.578441783263043,0.100474061608202,0.105717761840721,0.555630111482776,0.576726991984344
18.4549999999999,0,2.29223454703051,0.578396201162511,0.100468421420359,0.105717761840721,0.555590222073586,0.576726991984778
18.4599999999999,0,2.29207573467658,0.578350698343323,0.100462793824285,0.105717761840721,0.55555039611098,0.57672699198521
18.4649999999999,0,2.29191718795164,0.57830527477676,0.100457178790844,0.105717761840721,0.555510633611208,0.576726991985639
18.4699999999999,0,2.29175890680726,0.57825993043315,0.100451576290973,0.105717761840721,0.555470934589466,0.576726991986066
18.4749999999999,0,2.29160089119164,0.578214665281896,0.100445986295686,0.105717761840721,0.555431299059919,0.57672699198649
18.4799999999999,0,2.29144314104972,0.578169479291488,0.100440408776069,0.105717761840721,0.555391727035718,0.576726991986912
18.4849999999999,0,2.2912856563231,0.578124372429499,0.100434843703282,0.105717761840721,0.555352218528993,0.57672699198733
18.4899999999999,0,2.29112843695011,0.578079344662592,0.10042929104856,0.105717761840721,0.555312773550856,0.576726991987747
18.4949999999999,0,2.29097148286585,0.578034395956534,0.100423750783209,0.105717761840721,0.555273392111425,0.57672699198816
18.4999999999999,0,2.29081479400222,0.577989526276216,0.10041822287861,0.105717761840721,0.555234074219832,0.576726991988571
18.5049999999999,0,2.29065837028798,0.577944735585648,0.100412707306215,0.105717761840721,0.55519481988423,0.57672699198898
18.5099999999999,0,2.29050221164866,0.577900023847961,0.100407204037551,0.105717761840721,0.555155629111782,0.576726991989386
18.5149999999999,0,2.2903463180067,0.577855391025428,0.100401713044215,0.105717761840721,0.555116501908694,0.576726991989789
18.5199999999999,0,2.29019068928149,0.577810837079477,0.100396234297878,0.105717761840721,0.555077438280219,0.576726991990191
18.5249999999999,0,2.29003532538933,0.577766361970689,0.100390767770281,0.105717761840721,0.555038438230663,0.576726991990589
18.5299999999999,0,2.28988022624346,0.5777219656588,0.10038531343324,0.105717761840721,0.554999501763378,0.576726991990985
18.5349999999999,0,2.28972539175411,0.57767764810272,0.100379871258638,0.105717761840721,0.554960628880788,0.576726991991379
18.5399999999999,0,2.28957082182857,0.577633409260547,0.100374441218433,0.105717761840721,0.554921819584401,0.57672699199177
18.5449999999999,0,2.28941651637116,0.577589249089566,0.100369023284652,0.105717761840721,0.554883073874804,0.576726991992159
18.5499999999999,0,2.28926247528324,0.577545167546247,0.100363617429393,0.105717761840721,0.55484439175167,0.576726991992546
18.5549999999999,0,2.28910869846329,0.577501164586268,0.100358223624826,0.105717761840721,0.55480577321377,0.57672699199293
18.5599999999999,0,2.28895518580693,0.577457240164526,0.10035284184319,0.105717761840721,0.554767218258991,0.576726991993311
18.5649999999999,0,2.28880193720693,0.577413394235136,0.100347472056794,0.105717761840721,0.554728726884336,0.576726991993691
18.5699999999999,0,2.2886489525532,0.57736962675143,0.100342114238018,0.105717761840721,0.554690299085918,0.576726991994068
18.5749999999999,0,2.2884962317329,0.57732593766598,0.10033676835931,0.105717761840721,0.554651934858985,0.576726991994442
18.5799999999999,0,2.28834377463039,0.577282326930605,0.100331434393191,0.105717761840721,0.554613634197928,0.576726991994815
18.5849999999999,0,2.28819158112733,0.577238794496375,0.100326112312247,0.105717761840721,0.554575397096285,0.576726991995185
18.5899999999999,0,2.28803965110261,0.577195340313608,0.100320802089135,0.105717761840721,0.554537223546736,0.576726991995553
18.5949999999999,0,2.28788798443242,0.577151964331891,0.100315503696582,0.105717761840721,0.554499113541125,0.576726991995918
18.5999999999999,0,2.28773658099035,0.577108666500087,0.100310217107382,0.105717761840721,0.55446106707047,0.576726991996281
18.6049999999999,0,2.28758544064729,0.577065446766342,0.100304942294397,0.105717761840721,0.554423084124964,0.576726991996642
18.6099999999999,0,2.28743456327153,0.577022305078077,0.100299679230559,0.105717761840721,0.554385164693972,0.576726991997001
18.6149999999999,0,2.28728394872875,0.576979241382012,0.100294427888867,0.105717761840721,0.554347308766054,0.576726991997358
18.6199999999999,0,2.28713359688209,0.576936255624175,0.100289188242388,0.105717761840721,0.554309516328972,0.576726991997712
18.6249999999999,0,2.28698350759213,0.576893347749901,0.100283960264257,0.105717761840721,0.554271787369691,0.576726991998064
18.6299999999999,0,2.28683368071692,0.576850517703831,0.100278743927675,0.105717761840721,0.554234121874378,0.576726991998414
18.6349999999999,0,2.28668411611201,0.576807765429936,0.100273539205911,0.105717761840721,0.554196519828423,0.576726991998762
18.6399999999999,0,2.2865348136305,0.576765090871517,0.100268346072302,0.105717761840721,0.554158981216445,0.576726991999108
18.6449999999999,0,2.28638577312304,0.576722493971216,0.10026316450025,0.105717761840721,0.554121506022296,0.576726991999452
18.6499999999999,0,2.28623699443783,0.576679974671007,0.100257994463226,0.105717761840721,0.554084094229059,0.576726991999793
18.6549999999999,0,2.28608847742065,0.576637532912218,0.100252835934763,0.105717761840721,0.554046745819063,0.576726992000132
18.6599999999999,0,2.28594022191496,0.57659516863554,0.100247688888465,0.105717761840721,0.554009460773898,0.57672699200047
18.6649999999999,0,2.28579222776184,0.576552881781027,0.100242553298,0.105717761840721,0.553972239074413,0.576726992000805
18.6699999999999,0,2.2856444948,0.576510672288096,0.1002374291371,0.105717761840721,0.553935080700713,0.576726992001138
18.6749999999999,0,2.28549702286585,0.576468540095542,0.100232316379565,0.105717761840721,0.55389798563218,0.576726992001469
18.6799999999999,0,2.28534981179355,0.576426485141552,0.10022721499926,0.105717761840721,0.553860953847479,0.576726992001798
18.6849999999999,0,2.28520286141497,0.576384507363699,0.100222124970114,0.105717761840721,0.553823985324565,0.576726992002125
18.6899999999999,0,2.28505617155972,0.576342606698948,0.100217046266123,0.105717761840721,0.553787080040671,0.57672699200245
18.6949999999999,0,2.28490974205518,0.576300783083667,0.100211978861344,0.105717761840721,0.553750237972337,0.576726992002773
18.6999999999999,0,2.28476357272656,0.57625903645364,0.100206922729903,0.105717761840721,0.553713459095411,0.576726992003094
18.7049999999999,0,2.28461766339689,0.576217366744066,0.100201877845988,0.105717761840721,0.553676743385053,0.576726992003413
18.7099999999999,0,2.284472013887,0.576175773889559,0.100196844183851,0.105717761840721,0.553640090815733,0.57672699200373
18.7149999999999,0,2.28432662401561,0.576134257824161,0.100191821717809,0.105717761840721,0.553603501361248,0.576726992004045
18.7199999999999,0,2.28418149359934,0.576092818481357,0.100186810422242,0.105717761840721,0.553566974994731,0.576726992004358
18.7249999999999,0,2.28403662245269,0.576051455794069,0.100181810271594,0.105717761840721,0.553530511688651,0.57672699200467
18.7299999999999,0,2.28389201038809,0.576010169694659,0.100176821240372,0.105717761840721,0.553494111414813,0.576726992004979
18.7349999999999,0,2.2837476572159,0.575968960114945,0.100171843303148,0.105717761840721,0.553457774144372,0.576726992005286
18.7399999999999,0,2.28360356274449,0.575927826986207,0.100166876434554,0.105717761840721,0.553421499847844,0.576726992005592
18.7449999999999,0,2.28345972678019,0.575886770239191,0.100161920609287,0.105717761840721,0.553385288495107,0.576726992005896
18.7499999999999,0,2.28331614912732,0.575845789804102,0.100156975802106,0.105717761840721,0.553349140055396,0.576726992006197
18.7549999999999,0,2.28317282958825,0.575804885610627,0.100152041987833,0.105717761840721,0.553313054497324,0.576726992006497
18.7599999999999,0,2.28302976796341,0.57576405758794,0.100147119141352,0.105717761840721,0.553277031788886,0.576726992006795
18.7649999999999,0,2.28288696405127,0.575723305664701,0.100142207237608,0.105717761840721,0.553241071897462,0.576726992007091
18.7699999999999,0,2.28274441764839,0.575682629769056,0.100137306251609,0.105717761840721,0.553205174789816,0.576726992007386
18.7749999999999,0,2.28260212854944,0.575642029828652,0.100132416158425,0.105717761840721,0.553169340432108,0.576726992007678
18.7799999999999,0,2.28246009654722,0.575601505770648,0.100127536933187,0.105717761840721,0.553133568789909,0.576726992007969
18.7849999999999,0,2.2823183214327,0.57556105752171,0.100122668551088,0.105717761840721,0.553097859828193,0.576726992008258
18.7899999999999,0,2.28217680299495,0.575520685008015,0.100117810987381,0.105717761840721,0.553062213511344,0.576726992008545
18.7949999999999,0,2.28203554102126,0.575480388155261,0.100112964217381,0.105717761840721,0.553026629803165,0.57672699200883
18.7999999999999,0,2.28189453529713,0.575440166888681,0.100108128216463,0.105717761840721,0.552991108666888,0.576726992009114
18.8049999999999,0,2.28175378560628,0.575400021133037,0.100103302960064,0.105717761840721,0.552955650065177,0.576726992009396
18.8099999999999,0,2.28161329173065,0.575359950812623,0.10009848842368,0.105717761840721,0.552920253960121,0.576726992009676
18.8149999999999,0,2.28147305345043,0.575319955851276,0.100093684582867,0.105717761840721,0.552884920313255,0.576726992009955
18.8199999999999,0,2.28133307054411,0.575280036172388,0.100088891413244,0.105717761840721,0.552849649085563,0.576726992010231
18.8249999999999,0,2.28119334278848,0.575240191698905,0.100084108890486,0.105717761840721,0.552814440237483,0.576726992010506
18.8299999999999,0,2.28105386995861,0.575200422353321,0.100079336990331,0.105717761840721,0.5527792937289,0.57672699201078
18.8349999999999,0,2.2809146518279,0.575160728057698,0.100074575688575,0.105717761840721,0.552744209519166,0.576726992011051
18.8399999999999,0,2.28077568816812,0.575121108733673,0.100069824961073,0.105717761840721,0.552709187567104,0.576726992011321
18.8449999999999,0,2.28063697874942,0.575081564302455,0.10006508478374,0.105717761840721,0.552674227831008,0.57672699201159
18.8499999999999,0,2.28049852334028,0.575042094684824,0.10006035513255,0.105717761840721,0.552639330268646,0.576726992011856
18.8549999999999,0,2.2803603217076,0.575002699801148,0.100055635983536,0.105717761840721,0.552604494837269,0.576726992012121
18.8599999999999,0,2.28022237361671,0.574963379571388,0.100050927312789,0.105717761840721,0.552569721493622,0.576726992012385
18.8649999999999,0,2.28008467883138,0.5749241339151,0.100046229096459,0.105717761840721,0.552535010193942,0.576726992012646
18.8699999999999,0,2.2799472371138,0.574884962751428,0.100041541310756,0.105717761840721,0.552500360893958,0.576726992012906
18.8749999999999,0,2.27981004822464,0.574845865999127,0.100036863931944,0.105717761840721,0.552465773548903,0.576726992013165
18.8799999999999,0,2.27967311192306,0.574806843576561,0.10003219693635,0.105717761840721,0.552431248113524,0.576726992013422
18.8849999999999,0,2.27953642796673,0.574767895401708,0.100027540300354,0.105717761840721,0.552396784542082,0.576726992013677
18.8899999999999,0,2.27939999611181,0.574729021392158,0.100022894000399,0.105717761840721,0.552362382788345,0.576726992013931
18.8949999999999,0,2.279263816113,0.574690221465126,0.10001825801298,0.105717761840721,0.55232804280561,0.576726992014183
18.8999999999999,0,2.27912788772357,0.574651495537457,0.100013632314654,0.105717761840721,0.552293764546705,0.576726992014434
18.9049999999999,0,2.27899221069535,0.574612843525629,0.100009016882032,0.105717761840721,0.552259547963988,0.576726992014683
18.9099999999999,0,2.27885678477872,0.574574265345751,0.100004411691784,0.105717761840721,0.55222539300935,0.57672699201493
18.9149999999999,0,2.27872160972269,0.574535760913572,0.0999998167206355,0.105717761840721,0.552191299634225,0.576726992015176
18.9199999999999,0,2.27858668527487,0.574497330144495,0.0999952319453697,0.105717761840721,0.552157267789597,0.576726992015421
18.9249999999999,0,2.27845201118152,0.574458972953569,0.0999906573428257,0.105717761840721,0.552123297426002,0.576726992015664
18.9299999999999,0,2.2783175871875,0.574420689255493,0.0999860928898992,0.105717761840721,0.552089388493524,0.576726992015905
18.9349999999999,0,2.27818341303637,0.574382478964628,0.0999815385635424,0.105717761840721,0.55205554094181,0.576726992016145
18.9399999999999,0,2.27804948847035,0.574344341995,0.0999769943407629,0.105717761840721,0.552021754720076,0.576726992016384
18.9449999999999,0,2.27791581323035,0.574306278260305,0.0999724601986245,0.105717761840721,0.551988029777107,0.576726992016621
18.9499999999999,0,2.27778238705598,0.574268287673903,0.0999679361142469,0.105717761840721,0.551954366061255,0.576726992016857
18.9549999999999,0,2.27764920968558,0.574230370148833,0.0999634220648052,0.105717761840721,0.551920763520452,0.576726992017091
18.9599999999999,0,2.27751628085621,0.574192525597818,0.0999589180275299,0.105717761840721,0.551887222102218,0.576726992017323
18.9649999999999,0,2.27738360030371,0.574154753933267,0.0999544239797065,0.105717761840721,0.551853741753658,0.576726992017555
18.9699999999999,0,2.27725116776264,0.574117055067269,0.0999499398986761,0.105717761840721,0.551820322421463,0.576726992017784
18.9749999999999,0,2.27711898296637,0.574079428911612,0.0999454657618345,0.105717761840721,0.551786964051921,0.576726992018013
18.9799999999999,0,2.27698704564705,0.574041875377781,0.0999410015466321,0.105717761840721,0.551753666590925,0.57672699201824
18.9849999999999,0,2.27685535553566,0.574004394376965,0.0999365472305739,0.105717761840721,0.55172042998397,0.576726992018466
18.9899999999999,0,2.27672391236197,0.57396698582005,0.0999321027912197,0.105717761840721,0.551687254176155,0.57672699201869
18.9949999999999,0,2.27659271585459,0.573929649617635,0.0999276682061834,0.105717761840721,0.551654139112192,0.576726992018913
18.9999999999999,0,2.27646176574099,0.573892385680037,0.099923243453133,0.105717761840721,0.551621084736414,0.576726992019134
19.0049999999999,0,2.27633106174752,0.573855193917286,0.0999188285097905,0.105717761840721,0.551588090992776,0.576726992019354
19.0099999999999,0,2.27620060359936,0.573818074239131,0.0999144233539318,0.105717761840721,0.551555157824848,0.576726992019573
19.0149999999999,0,2.27607039102062,0.573781026555047,0.0999100279633867,0.105717761840721,0.551522285175835,0.57672699201979
19.0199999999999,0,2.2759404237343,0.573744050774242,0.0999056423160381,0.105717761840721,0.551489472988576,0.576726992020006
19.0249999999999,0,2.27581070146233,0.573707146805654,0.0999012663898225,0.105717761840721,0.551456721205549,0.576726992020221
19.0299999999999,0,2.27568122392555,0.573670314557955,0.0998969001627297,0.105717761840721,0.551424029768863,0.576726992020435
19.0349999999999,0,2.27555199084374,0.573633553939558,0.0998925436128027,0.105717761840721,0.551391398620279,0.576726992020647
19.0399999999999,0,2.27542300193568,0.573596864858623,0.0998881967181369,0.105717761840721,0.551358827701207,0.576726992020857
19.0449999999999,0,2.27529425691908,0.573560247223059,0.0998838594568811,0.105717761840721,0.551326316952709,0.576726992021067
19.0499999999999,0,2.27516575551064,0.573523700940518,0.0998795318072363,0.105717761840721,0.551293866315499,0.576726992021275
19.0549999999999,0,2.27503749742605,0.573487225918412,0.0998752137474564,0.105717761840721,0.551261475729953,0.576726992021482
19.0599999999999,0,2.27490948238004,0.573450822063915,0.0998709052558472,0.105717761840721,0.551229145136116,0.576726992021688
19.0649999999999,0,2.27478171008634,0.573414489283959,0.099866606310767,0.105717761840721,0.551196874473697,0.576726992021892
19.0699999999999,0,2.27465418025771,0.573378227485241,0.099862316890626,0.105717761840721,0.551164663682074,0.576726992022095
19.0749999999999,0,2.27452689260594,0.573342036574228,0.0998580369738864,0.105717761840721,0.551132512700301,0.576726992022297
19.0799999999999,0,2.27439984684193,0.573305916457162,0.0998537665390621,0.105717761840721,0.551100421467115,0.576726992022497
19.0849999999999,0,2.27427304267561,0.573269867040062,0.0998495055647185,0.105717761840721,0.551068389920935,0.576726992022697
19.0899999999999,0,2.274146479816,0.57323388822872,0.0998452540294726,0.105717761840721,0.55103641799986,0.576726992022895
19.0949999999999,0,2.27402015797122,0.573197979928717,0.0998410119119929,0.105717761840721,0.551004505641683,0.576726992023092
19.0999999999999,0,2.2738940768485,0.573162142045418,0.0998367791909987,0.105717761840721,0.55097265278389,0.576726992023288
19.1049999999999,0,2.27376823615419,0.573126374483982,0.0998325558452605,0.105717761840721,0.550940859363668,0.576726992023482
19.1099999999999,0,2.27364263559375,0.573090677149356,0.0998283418535997,0.105717761840721,0.550909125317896,0.576726992023675
19.1149999999999,0,2.27351727487181,0.573055049946283,0.0998241371948886,0.105717761840721,0.55087745058316,0.576726992023867
19.1199999999999,0,2.27339215369213,0.57301949277931,0.0998199418480498,0.105717761840721,0.550845835095756,0.576726992024058
19.1249999999999,0,2.27326727175768,0.572984005552788,0.0998157557920566,0.105717761840721,0.550814278791693,0.576726992024248
19.1299999999999,0,2.27314262877055,0.572948588170868,0.0998115790059326,0.105717761840721,0.550782781606685,0.576726992024437
19.1349999999999,0,2.27301822443205,0.572913240537513,0.0998074114687515,0.105717761840721,0.55075134347617,0.576726992024624
19.1399999999999,0,2.27289405844268,0.572877962556502,0.0998032531596371,0.105717761840721,0.550719964335306,0.57672699202481
19.1449999999999,0,2.27277013050217,0.572842754131428,0.0997991040577631,0.105717761840721,0.550688644118978,0.576726992024995
19.1499999999999,0,2.27264644030945,0.5728076151657,0.099794964142353,0.105717761840721,0.550657382761793,0.576726992025179
19.1549999999999,0,2.27252298756268,0.57277254556255,0.0997908333926801,0.105717761840721,0.550626180198091,0.576726992025362
19.1599999999999,0,2.27239977195929,0.572737545225038,0.0997867117880668,0.105717761840721,0.550595036361948,0.576726992025544
19.1649999999999,0,2.27227679319595,0.572702614056053,0.099782599307885,0.105717761840721,0.550563951187177,0.576726992025725
19.1699999999999,0,2.27215405096858,0.572667751958309,0.0997784959315561,0.105717761840721,0.55053292460733,0.576726992025904
19.1749999999999,0,2.27203154497241,0.572632958834357,0.0997744016385504,0.105717761840721,0.550501956555702,0.576726992026082
19.1799999999999,0,2.27190927490193,0.572598234586588,0.0997703164083871,0.105717761840721,0.550471046965338,0.57672699202626
19.1849999999999,0,2.27178724045094,0.572563579117232,0.0997662402206341,0.105717761840721,0.550440195769034,0.576726992026436
19.1899999999999,0,2.27166544131255,0.572528992328358,0.0997621730549084,0.105717761840721,0.550409402899333,0.576726992026611
19.1949999999999,0,2.27154387717916,0.572494474121884,0.0997581148908753,0.105717761840721,0.55037866828854,0.576726992026785
19.1999999999999,0,2.27142254774255,0.572460024399578,0.0997540657082483,0.105717761840721,0.550347991868716,0.576726992026958
19.2049999999999,0,2.27130145269379,0.572425643063058,0.0997500254867896,0.105717761840721,0.550317373571691,0.57672699202713
19.2099999999999,0,2.27118059172333,0.572391330013797,0.0997459942063093,0.105717761840721,0.550286813329051,0.5767269920273
19.2149999999999,0,2.27105996452096,0.572357085153122,0.0997419718466656,0.105717761840721,0.550256311072154,0.57672699202747
19.2199999999999,0,2.27093957077585,0.572322908382226,0.0997379583877646,0.105717761840721,0.550225866732134,0.576726992027639
19.2249999999999,0,2.27081941017656,0.572288799602163,0.0997339538095599,0.105717761840721,0.550195480239897,0.576726992027806
19.2299999999999,0,2.270699482411,0.572254758713849,0.0997299580920533,0.105717761840721,0.550165151526123,0.576726992027973
19.2349999999999,0,2.27057978716651,0.572220785618068,0.0997259712152936,0.105717761840721,0.550134880521272,0.576726992028139
19.2399999999999,0,2.27046032412983,0.572186880215482,0.0997219931593772,0.105717761840721,0.550104667155594,0.576726992028303
19.2449999999999,0,2.27034109298712,0.572153042406623,0.0997180239044474,0.105717761840721,0.550074511359121,0.576726992028467
19.2499999999999,0,2.27022209342397,0.572119272091895,0.0997140634306951,0.105717761840721,0.550044413061672,0.576726992028629
19.2549999999999,0,2.27010332512539,0.572085569171585,0.099710111718358,0.105717761840721,0.550014372192859,0.576726992028791
19.2599999999999,0,2.26998478777585,0.572051933545862,0.0997061687477206,0.105717761840721,0.549984388682089,0.576726992028952
19.2649999999999,0,2.26986648105929,0.572018365114779,0.0997022344991139,0.105717761840721,0.549954462458569,0.576726992029111
19.2699999999999,0,2.26974840465907,0.571984863778274,0.099698308952916,0.105717761840721,0.5499245934513,0.57672699202927
19.2749999999999,0,2.26963055825805,0.571951429436172,0.0996943920895511,0.105717761840721,0.54989478158909,0.576726992029427
19.2799999999999,0,2.26951294153859,0.571918061988196,0.09969048388949,0.105717761840721,0.549865026800552,0.576726992029584
19.2849999999999,0,2.26939555418252,0.571884761333961,0.0996865843332493,0.105717761840721,0.549835329014109,0.57672699202974
19.2899999999999,0,2.26927839587116,0.571851527372974,0.0996826934013923,0.105717761840721,0.54980568815799,0.576726992029894
19.2949999999999,0,2.26916146628536,0.571818360004646,0.0996788110745278,0.105717761840721,0.54977610416024,0.576726992030048
19.2999999999999,0,2.26904476510549,0.571785259128288,0.0996749373333106,0.105717761840721,0.549746576948722,0.576726992030201
19.3049999999999,0,2.26892829201143,0.571752224643118,0.0996710721584413,0.105717761840721,0.549717106451118,0.576726992030353
19.3099999999999,0,2.2688120466826,0.571719256448255,0.0996672155306659,0.105717761840721,0.549687692594927,0.576726992030504
19.3149999999999,0,2.26869602879797,0.571686354442729,0.0996633674307763,0.105717761840721,0.549658335307474,0.576726992030654
19.3199999999999,0,2.26858023803605,0.571653518525482,0.0996595278396092,0.105717761840721,0.549629034515914,0.576726992030803
19.3249999999999,0,2.26846467407494,0.571620748595371,0.0996556967380468,0.105717761840721,0.549599790147229,0.576726992030951
19.3299999999999,0,2.26834933659228,0.571588044551166,0.0996518741070165,0.105717761840721,0.549570602128229,0.576726992031098
19.3349999999999,0,2.26823422526529,0.571555406291553,0.0996480599274908,0.105717761840721,0.549541470385561,0.576726992031244
19.3399999999999,0,2.26811933977079,0.571522833715144,0.0996442541804866,0.105717761840721,0.549512394845711,0.57672699203139
19.3449999999999,0,2.2680046797852,0.571490326720472,0.0996404568470659,0.105717761840721,0.549483375435002,0.576726992031534
19.3499999999999,0,2.2678902449845,0.571457885205991,0.0996366679083354,0.105717761840721,0.549454412079597,0.576726992031678
19.3549999999999,0,2.26777603504432,0.571425509070084,0.099632887345446,0.105717761840721,0.549425504705502,0.576726992031821
19.3599999999999,0,2.26766204963991,0.571393198211066,0.0996291151395933,0.105717761840721,0.549396653238574,0.576726992031963
19.3649999999999,0,2.26754828844612,0.571360952527183,0.099625351272017,0.105717761840721,0.549367857604517,0.576726992032104
19.3699999999999,0,2.26743475113745,0.571328771916609,0.0996215957240009,0.105717761840721,0.549339117728882,0.576726992032244
19.3749999999999,0,2.26732143738804,0.571296656277459,0.0996178484768731,0.105717761840721,0.549310433537078,0.576726992032383
19.3799999999999,0,2.26720834687167,0.571264605507785,0.0996141095120054,0.105717761840721,0.549281804954368,0.576726992032521
19.3849999999999,0,2.2670954792618,0.57123261950558,0.0996103788108134,0.105717761840721,0.549253231905875,0.576726992032659
19.3899999999999,0,2.26698283423153,0.571200698168775,0.0996066563547565,0.105717761840721,0.549224714316579,0.576726992032796
19.3949999999999,0,2.26687041145363,0.571168841395248,0.0996029421253376,0.105717761840721,0.549196252111323,0.576726992032931
19.3999999999999,0,2.26675821060058,0.571137049082823,0.0995992361041031,0.105717761840721,0.549167845214818,0.576726992033066
19.4049999999999,0,2.26664623134453,0.571105321129274,0.0995955382726426,0.105717761840721,0.54913949355164,0.576726992033201
19.4099999999999,0,2.26653447335732,0.571073657432321,0.0995918486125891,0.105717761840721,0.549111197046234,0.576726992033334
19.4149999999999,0,2.26642293631048,0.571042057889638,0.0995881671056187,0.105717761840721,0.549082955622917,0.576726992033467
19.4199999999999,0,2.26631161987527,0.571010522398855,0.0995844937334504,0.105717761840721,0.549054769205879,0.576726992033598
19.4249999999999,0,2.26620052372267,0.570979050857558,0.099580828477846,0.105717761840721,0.549026637719189,0.576726992033729
19.4299999999999,0,2.26608964752337,0.570947643163288,0.0995771713206104,0.105717761840721,0.548998561086789,0.576726992033859
19.4349999999999,0,2.26597899094779,0.570916299213547,0.0995735222435908,0.105717761840721,0.548970539232505,0.576726992033989
19.4399999999999,0,2.26586855366608,0.570885018905802,0.0995698812286771,0.105717761840721,0.548942572080043,0.576726992034117
19.4449999999999,0,2.26575833534817,0.570853802137483,0.0995662482578016,0.105717761840721,0.548914659552998,0.576726992034245
19.4499999999999,0,2.2656483356637,0.570822648805981,0.0995626233129388,0.105717761840721,0.548886801574844,0.576726992034372
19.4549999999999,0,2.26553855428208,0.570791558808659,0.0995590063761059,0.105717761840721,0.548858998068949,0.576726992034498
19.4599999999999,0,2.2654289908725,0.57076053204285,0.0995553974293615,0.105717761840721,0.54883124895857,0.576726992034623
19.4649999999999,0,2.26531964510391,0.570729568405858,0.0995517964548065,0.105717761840721,0.548803554166858,0.576726992034748
19.4699999999999,0,2.26521051664504,0.570698667794956,0.0995482034345838,0.105717761840721,0.548775913616857,0.576726992034872
19.4749999999999,0,2.26510160516439,0.570667830107395,0.099544618350878,0.105717761840721,0.548748327231506,0.576726992034995
19.4799999999999,0,2.26499291033028,0.570637055240403,0.0995410411859152,0.105717761840721,0.548720794933646,0.576726992035117
19.4849999999999,0,2.26488443181082,0.570606343091188,0.099537471921963,0.105717761840721,0.54869331664602,0.576726992035238
19.4899999999999,0,2.2647761692739,0.570575693556934,0.0995339105413308,0.105717761840721,0.548665892291267,0.576726992035359
19.4949999999999,0,2.26466812238724,0.570545106534809,0.0995303570263691,0.105717761840721,0.548638521791936,0.576726992035479
19.4999999999999,0,2.26456029081838,0.570514581921965,0.0995268113594695,0.105717761840721,0.548611205070482,0.576726992035599
19.5049999999999,0,2.26445267423469,0.57048411961554,0.0995232735230648,0.105717761840721,0.548583942049267,0.576726992035717
19.5099999999999,0,2.26434527230335,0.570453719512658,0.099519743499629,0.105717761840721,0.548556732650562,0.576726992035835
19.5149999999999,0,2.26423808469138,0.57042338151043,0.0995162212716766,0.105717761840721,0.548529576796553,0.576726992035952
19.5199999999999,0,2.26413111106565,0.57039310550596,0.0995127068217633,0.105717761840721,0.548502474409338,0.576726992036069
19.5249999999999,0,2.26402435109288,0.570362891396345,0.0995092001324852,0.105717761840721,0.548475425410933,0.576726992036184
19.5299999999999,0,2.26391780443963,0.570332739078672,0.099505701186479,0.105717761840721,0.548448429723269,0.576726992036299
19.5349999999999,0,2.26381147077233,0.570302648450025,0.0995022099664221,0.105717761840721,0.548421487268197,0.576726992036413
19.5399999999999,0,2.26370534975729,0.570272619407486,0.099498726455032,0.105717761840721,0.548394597967492,0.576726992036527
19.5449999999999,0,2.26359944106067,0.570242651848135,0.0994952506350665,0.105717761840721,0.548367761742849,0.57672699203664
19.5499999999999,0,2.2634937443485,0.57021274566905,0.0994917824893236,0.105717761840721,0.54834097851589,0.576726992036752
19.5549999999999,0,2.26338825928673,0.570182900767313,0.0994883220006416,0.105717761840721,0.54831424820816,0.576726992036863
19.5599999999999,0,2.26328298554116,0.570153117040008,0.0994848691518983,0.105717761840721,0.548287570741138,0.576726992036974
19.5649999999999,0,2.26317792277753,0.570123394384225,0.0994814239260115,0.105717761840721,0.54826094603623,0.576726992037084
19.5699999999999,0,2.26307307066142,0.570093732697057,0.099477986305939,0.105717761840721,0.548234374014773,0.576726992037194
19.5749999999999,0,2.26296842885837,0.570064131875608,0.0994745562746778,0.105717761840721,0.548207854598038,0.576726992037302
19.5799999999999,0,2.26286399703381,0.57003459181699,0.0994711338152648,0.105717761840721,0.548181387707233,0.576726992037411
19.5849999999999,0,2.2627597748531,0.570005112418327,0.0994677189107761,0.105717761840721,0.548154973263503,0.576726992037518
19.5899999999999,0,2.26265576198149,0.569975693576752,0.0994643115443272,0.105717761840721,0.548128611187928,0.576726992037625
19.5949999999999,0,2.26255195808419,0.569946335189412,0.099460911699073,0.105717761840721,0.54810230140153,0.576726992037731
19.5999999999999,0,2.26244836282634,0.569917037153473,0.0994575193582071,0.105717761840721,0.548076043825276,0.576726992037836
19.6049999999999,0,2.26234497587301,0.569887799366114,0.0994541345049625,0.105717761840721,0.548049838380073,0.576726992037941
19.6099999999999,0,2.26224179688921,0.569858621724532,0.0994507571226111,0.105717761840721,0.548023684986775,0.576726992038045
19.6149999999999,0,2.26213882553991,0.569829504125944,0.0994473871944634,0.105717761840721,0.547997583566179,0.576726992038149
19.6199999999999,0,2.26203606149004,0.569800446467587,0.0994440247038689,0.105717761840721,0.547971534039035,0.576726992038251
19.6249999999999,0,2.26193350440448,0.569771448646722,0.0994406696342154,0.105717761840721,0.547945536326042,0.576726992038354
19.6299999999999,0,2.26183115394807,0.56974251056063,0.0994373219689294,0.105717761840721,0.547919590347848,0.576726992038455
19.6349999999999,0,2.26172900978563,0.569713632106618,0.099433981691476,0.105717761840721,0.547893696025055,0.576726992038556
19.6399999999999,0,2.26162707158195,0.569684813182021,0.0994306487853584,0.105717761840721,0.547867853278221,0.576726992038657
19.6449999999999,0,2.26152533900179,0.569656053684199,0.0994273232341179,0.105717761840721,0.547842062027858,0.576726992038756
19.6499999999999,0,2.26142381170993,0.569627353510542,0.0994240050213342,0.105717761840721,0.547816322194437,0.576726992038855
19.6549999999999,0,2.26132248937109,0.569598712558467,0.099420694130625,0.105717761840721,0.547790633698387,0.576726992038954
19.6599999999999,0,2.26122137165003,0.569570130725427,0.0994173905456459,0.105717761840721,0.547764996460098,0.576726992039052
19.6649999999999,0,2.26112045821148,0.569541607908905,0.0994140942500901,0.105717761840721,0.547739410399923,0.576726992039149
19.6699999999999,0,2.26101974872018,0.569513144006417,0.0994108052276888,0.105717761840721,0.547713875438176,0.576726992039246
19.6749999999999,0,2.26091924284089,0.569484738915513,0.099407523462211,0.105717761840721,0.547688391495137,0.576726992039342
19.6799999999999,0,2.26081894023837,0.569456392533784,0.0994042489374628,0.105717761840721,0.547662958491054,0.576726992039437
19.6849999999999,0,2.26071884057741,0.569428104758855,0.099400981637288,0.105717761840721,0.547637576346142,0.576726992039532
19.6899999999999,0,2.26061894352282,0.569399875488388,0.0993977215455678,0.105717761840721,0.547612244980582,0.576726992039626
19.6949999999999,0,2.26051924873942,0.569371704620088,0.0993944686462205,0.105717761840721,0.547586964314529,0.57672699203972
19.6999999999999,0,2.26041975589208,0.569343592051701,0.0993912229232018,0.105717761840721,0.547561734268109,0.576726992039813
19.7049999999999,0,2.26032046464572,0.569315537681014,0.0993879843605042,0.105717761840721,0.547536554761423,0.576726992039906
19.7099999999999,0,2.26022137466526,0.569287541405857,0.0993847529421574,0.105717761840721,0.547511425714543,0.576726992039998
19.7149999999999,0,2.2601224856157,0.569259603124105,0.0993815286522278,0.105717761840721,0.54748634704752,0.576726992040089
19.7199999999999,0,2.26002379716207,0.56923172273368,0.0993783114748187,0.105717761840721,0.54746131868038,0.57672699204018
19.7249999999999,0,2.25992530896948,0.569203900132549,0.0993751013940699,0.105717761840721,0.547436340533132,0.576726992040271
19.7299999999999,0,2.25982702070306,0.569176135218728,0.0993718983941582,0.105717761840721,0.547411412525759,0.57672699204036
19.7349999999999,0,2.25972893202802,0.569148427890281,0.0993687024592966,0.105717761840721,0.54738653457823,0.57672699204045
19.7399999999999,0,2.25963104260965,0.569120778045324,0.0993655135737345,0.105717761840721,0.547361706610495,0.576726992040538
19.7449999999999,0,2.2595333521133,0.569093185582024,0.0993623317217577,0.105717761840721,0.547336928542489,0.576726992040626
19.7499999999999,0,2.25943586020439,0.569065650398597,0.0993591568876883,0.105717761840721,0.547312200294129,0.576726992040714
19.7549999999999,0,2.25933856654842,0.569038172393317,0.0993559890558845,0.105717761840721,0.547287521785322,0.576726992040801
19.7599999999999,0,2.25924147081098,0.569010751464509,0.0993528282107403,0.105717761840721,0.547262892935961,0.576726992040887
19.7649999999999,0,2.25914457265774,0.568983387510557,0.0993496743366861,0.105717761840721,0.54723831366593,0.576726992040973
19.7699999999999,0,2.25904787175446,0.568956080429898,0.0993465274181878,0.105717761840721,0.547213783895099,0.576726992041059
19.7749999999999,0,2.25895136776701,0.568928830121028,0.0993433874397473,0.105717761840721,0.547189303543333,0.576726992041144
19.7799999999999,0,2.25885506036134,0.568901636482501,0.099340254385902,0.105717761840721,0.547164872530488,0.576726992041228
19.7849999999999,0,2.25875894920351,0.568874499412934,0.0993371282412249,0.105717761840721,0.547140490776415,0.576726992041312
19.7899999999999,0,2.25866303395969,0.568847418810999,0.0993340089903247,0.105717761840721,0.54711615820096,0.576726992041395
19.7949999999999,0,2.25856731429615,0.568820394575433,0.0993308966178455,0.105717761840721,0.547091874723962,0.576726992041478
19.7999999999999,0,2.25847178987929,0.568793426605035,0.0993277911084664,0.105717761840721,0.547067640265262,0.57672699204156
19.8049999999999,0,2.25837646037562,0.56876651479867,0.099324692446902,0.105717761840721,0.547043454744698,0.576726992041642
19.8099999999999,0,2.25828132545176,0.568739659055261,0.0993216006179021,0.105717761840721,0.547019318082105,0.576726992041724
19.8149999999999,0,2.25818638477448,0.568712859273803,0.0993185156062514,0.105717761840721,0.546995230197321,0.576726992041804
19.8199999999999,0,2.25809163801066,0.568686115353354,0.0993154373967696,0.105717761840721,0.546971191010186,0.576726992041885
19.8249999999999,0,2.25799708482731,0.568659427193041,0.0993123659743112,0.105717761840721,0.546947200440545,0.576726992041964
19.8299999999999,0,2.2579027248916,0.568632794692057,0.0993093013237658,0.105717761840721,0.546923258408242,0.576726992042044
19.8349999999999,0,2.25780855787081,0.568606217749666,0.0993062434300574,0.105717761840721,0.54689936483313,0.576726992042123
19.8399999999999,0,2.25771458343237,0.568579696265201,0.0993031922781447,0.105717761840721,0.546875519635068,0.576726992042201
19.8449999999999,0,2.25762080124389,0.568553230138068,0.099300147853021,0.105717761840721,0.546851722733922,0.576726992042279
19.8499999999999,0,2.25752721097308,0.568526819267742,0.099297110139714,0.105717761840721,0.546827974049566,0.576726992042356
19.8549999999999,0,2.25743381228783,0.568500463553772,0.0992940791232858,0.105717761840721,0.546804273501885,0.576726992042433
19.8599999999999,0,2.25734060485618,0.56847416289578,0.0992910547888326,0.105717761840721,0.546780621010772,0.57672699204251
19.8649999999999,0,2.25724758834635,0.568447917193464,0.099288037121485,0.105717761840721,0.546757016496135,0.576726992042585
19.8699999999999,0,2.2571547624267,0.568421726346595,0.0992850261064077,0.105717761840721,0.546733459877892,0.576726992042661
19.8749999999999,0,2.25706212676575,0.568395590255022,0.0992820217287992,0.105717761840721,0.546709951075976,0.576726992042736
19.8799999999999,0,2.25696968103223,0.568369508818669,0.0992790239738922,0.105717761840721,0.546686490010335,0.576726992042811
19.8849999999999,0,2.25687742489499,0.568343481937541,0.0992760328269529,0.105717761840721,0.546663076600932,0.576726992042885
19.8899999999999,0,2.25678535802311,0.568317509511718,0.0992730482732817,0.105717761840721,0.546639710767746,0.576726992042958
19.8949999999999,0,2.2566934800858,0.568291591441359,0.0992700702982124,0.105717761840721,0.546616392430775,0.576726992043031
19.8999999999999,0,2.25660179075248,0.568265727626708,0.0992670988871125,0.105717761840721,0.546593121510036,0.576726992043104
19.9049999999999,0,2.25651028969277,0.568239917968085,0.0992641340253828,0.105717761840721,0.546569897925565,0.576726992043176
19.9099999999999,0,2.25641897657645,0.568214162365894,0.0992611756984578,0.105717761840721,0.546546721597419,0.576726992043248
19.9149999999999,0,2.25632785107349,0.56818846072062,0.0992582238918053,0.105717761840721,0.546523592445675,0.57672699204332
19.9199999999999,0,2.25623691285409,0.568162812932834,0.0992552785909262,0.105717761840721,0.546500510390435,0.576726992043391
19.9249999999999,0,2.25614616158861,0.568137218903189,0.0992523397813546,0.105717761840721,0.546477475351823,0.576726992043461
19.9299999999999,0,2.25605559694763,0.568111678532421,0.0992494074486579,0.105717761840721,0.546454487249988,0.576726992043531
19.9349999999999,0,2.25596521860194,0.568086191721355,0.0992464815784364,0.105717761840721,0.546431546005103,0.576726992043601
19.9399999999999,0,2.25587502622251,0.568060758370901,0.0992435621563232,0.105717761840721,0.54640865153737,0.57672699204367
19.9449999999999,0,2.25578501948055,0.568035378382055,0.0992406491679844,0.105717761840721,0.546385803767016,0.576726992043739
19.9499999999999,0,2.25569519804747,0.568010051655902,0.0992377425991188,0.105717761840721,0.546363002614296,0.576726992043807
19.9549999999999,0,2.25560556159489,0.567984778093612,0.099234842435458,0.105717761840721,0.546340247999494,0.576726992043875
19.9599999999999,0,2.25551610979465,0.56795955759645,0.0992319486627661,0.105717761840721,0.546317539842925,0.576726992043943
19.9649999999999,0,2.25542684231882,0.567934390065766,0.0992290612668397,0.105717761840721,0.546294878064934,0.57672699204401
19.9699999999999,0,2.25533775883969,0.567909275403001,0.099226180233508,0.105717761840721,0.546272262585898,0.576726992044077
19.9749999999999,0,2.25524885902976,0.567884213509689,0.0992233055486323,0.105717761840721,0.546249693326224,0.576726992044143
19.9799999999999,0,2.25516014256178,0.567859204287454,0.0992204371981065,0.105717761840721,0.546227170206355,0.576726992044209
19.9849999999999,0,2.25507160910873,0.567834247638014,0.0992175751678564,0.105717761840721,0.546204693146769,0.576726992044274
19.9899999999999,0,2.25498325834381,0.567809343463178,0.0992147194438402,0.105717761840721,0.546182262067975,0.576726992044339
19.9949999999999,0,2.25489508994046,0.56778449166485,0.0992118700120479,0.105717761840721,0.54615987689052,0.576726992044404
19.9999999999999,0,2.25480710357238,0.56775969214503,0.0992090268585017,0.105717761840721,0.546137537534989,0.576726992044468
20.0049999999999,0,2.25471929891349,0.567734944805809,0.0992061899692555,0.105717761840721,0.546115243922001,0.576726992044532
20.0099999999999,0,2.25463167563796,0.567710249549377,0.0992033593303951,0.105717761840721,0.546092995972216,0.576726992044596
20.0149999999999,0,2.25454423342021,0.567685606278019,0.0992005349280381,0.105717761840721,0.546070793606332,0.576726992044659
20.0199999999999,0,2.2544569719349,0.567661014894117,0.0991977167483336,0.105717761840721,0.546048636745086,0.576726992044721
20.0249999999999,0,2.25436989085696,0.56763647530015,0.0991949047774622,0.105717761840721,0.546026525309257,0.576726992044784
20.0299999999999,0,2.25428298986155,0.567611987398697,0.0991920990016363,0.105717761840721,0.546004459219664,0.576726992044846
20.0349999999999,0,2.25419626862412,0.567587551092432,0.0991892994070995,0.105717761840721,0.545982438397168,0.576726992044907
20.0399999999999,0,2.25410972682034,0.567563166284131,0.0991865059801269,0.105717761840721,0.545960462762675,0.576726992044968
20.0449999999999,0,2.25402336412618,0.56753883287667,0.0991837187070246,0.105717761840721,0.545938532237132,0.576726992045029
20.0499999999999,0,2.25393718021784,0.567514550773023,0.0991809375741302,0.105717761840721,0.545916646741532,0.57672699204509
20.0549999999999,0,2.25385117477181,0.567490319876268,0.0991781625678122,0.105717761840721,0.54589480619691,0.57672699204515
20.0599999999999,0,2.25376534746484,0.567466140089581,0.0991753936744702,0.105717761840721,0.545873010524352,0.576726992045209
20.0649999999999,0,2.25367969797394,0.567442011316244,0.0991726308805348,0.105717761840721,0.545851259644987,0.576726992045269
20.0699999999999,0,2.25359422597641,0.567417933459638,0.0991698741724674,0.105717761840721,0.545829553479991,0.576726992045328
20.0749999999999,0,2.25350893114982,0.56739390642325,0.0991671235367603,0.105717761840721,0.545807891950589,0.576726992045386
20.0799999999999,0,2.25342381317201,0.567369930110667,0.0991643789599364,0.105717761840721,0.545786274978054,0.576726992045444
20.0849999999999,0,2.25333887172111,0.567346004425585,0.0991616404285495,0.105717761840721,0.545764702483711,0.576726992045502
20.0899999999999,0,2.25325410647552,0.5673221292718,0.0991589079291836,0.105717761840721,0.54574317438893,0.57672699204556
20.0949999999999,0,2.25316951711394,0.567298304553217,0.0991561814484537,0.105717761840721,0.545721690615135,0.576726992045617
20.0999999999999,0,2.25308510331534,0.567274530173844,0.0991534609730048,0.105717761840721,0.545700251083802,0.576726992045674
20.1049999999999,0,2.25300086475899,0.567250806037796,0.0991507464895125,0.105717761840721,0.545678855716458,0.57672699204573
20.1099999999999,0,2.25291680112443,0.567227132049296,0.0991480379846825,0.105717761840721,0.545657504434681,0.576726992045786
20.1149999999999,0,2.25283291209151,0.567203508112671,0.099145335445251,0.105717761840721,0.545636197160104,0.576726992045842
20.1199999999999,0,2.25274919734038,0.567179934132359,0.099142638857984,0.105717761840721,0.545614933814415,0.576726992045897
20.1249999999999,0,2.25266565655147,0.567156410012906,0.0991399482096778,0.105717761840721,0.545593714319355,0.576726992045952
20.1299999999999,0,2.25258228940552,0.567132935658963,0.0991372634871586,0.105717761840721,0.545572538596721,0.576726992046007
20.1349999999999,0,2.25249909558355,0.567109510975294,0.0991345846772826,0.105717761840721,0.545551406568365,0.576726992046062
20.1399999999999,0,2.2524160747669,0.567086135866771,0.0991319117669356,0.105717761840721,0.545530318156197,0.576726992046116
20.1449999999999,0,2.25233322663721,0.567062810238375,0.0991292447430336,0.105717761840721,0.545509273282183,0.576726992046169
20.1499999999999,0,2.25225055087643,0.5670395339952,0.0991265835925218,0.105717761840721,0.545488271868348,0.576726992046223
20.1549999999999,0,2.25216804716681,0.567016307042448,0.0991239283023755,0.105717761840721,0.545467313836773,0.576726992046276
20.1599999999999,0,2.2520857151909,0.566993129285433,0.0991212788595991,0.105717761840721,0.545446399109601,0.576726992046328
20.1649999999999,0,2.25200355463159,0.566970000629583,0.0991186352512269,0.105717761840721,0.545425527609032,0.576726992046381
20.1699999999999,0,2.25192156517206,0.566946920980435,0.0991159974643224,0.105717761840721,0.545404699257328,0.576726992046433
20.1749999999999,0,2.2518397464958,0.566923890243641,0.0991133654859784,0.105717761840721,0.54538391397681,0.576726992046485
20.1799999999999,0,2.25175809828663,0.566900908324964,0.0991107393033171,0.105717761840721,0.545363171689862,0.576726992046536
20.1849999999999,0,2.25167662022869,0.566877975130281,0.0991081189034898,0.105717761840721,0.545342472318929,0.576726992046587
20.1899999999999,0,2.25159531200643,0.566855090565584,0.0991055042736769,0.105717761840721,0.545321815786518,0.576726992046638
20.1949999999999,0,2.25151417330463,0.566832254536978,0.0991028954010881,0.105717761840721,0.5453012020152,0.576726992046689
20.1999999999999,0,2.25143320380839,0.566809466950682,0.0991002922729617,0.105717761840721,0.545280630927608,0.576726992046739
20.2049999999999,0,2.25135240320313,0.566786727713032,0.0990976948765653,0.105717761840721,0.545260102446442,0.576726992046789
20.2099999999999,0,2.2512717711746,0.566764036730477,0.099095103199195,0.105717761840721,0.545239616494463,0.576726992046838
20.2149999999999,0,2.25119130740889,0.566741393909583,0.099092517228176,0.105717761840721,0.545219172994499,0.576726992046887
20.2199999999999,0,2.25111101159239,0.566718799157032,0.099089936950862,0.105717761840721,0.545198771869444,0.576726992046937
20.2249999999999,0,2.25103088341186,0.566696252379623,0.0990873623546353,0.105717761840721,0.545178413042259,0.576726992046985
20.2299999999999,0,2.25095092255436,0.56667375348427,0.099084793426907,0.105717761840721,0.54515809643597,0.576726992047033
20.2349999999999,0,2.2508711287073,0.566651302378005,0.0990822301551165,0.105717761840721,0.545137821973669,0.576726992047082
20.2399999999999,0,2.25079150155843,0.566628898967979,0.0990796725267317,0.105717761840721,0.545117589578519,0.576726992047129
20.2449999999999,0,2.25071204079583,0.566606543161458,0.0990771205292489,0.105717761840721,0.54509739917375,0.576726992047177
20.2499999999999,0,2.25063274610791,0.566584234865829,0.0990745741501925,0.105717761840721,0.545077250682661,0.576726992047224
20.2549999999999,0,2.25055361718345,0.566561973988594,0.0990720333771154,0.105717761840721,0.545057144028618,0.576726992047271
20.2599999999999,0,2.25047465371154,0.566539760437379,0.0990694981975985,0.105717761840721,0.54503707913506,0.576726992047317
20.2649999999999,0,2.25039585538163,0.566517594119925,0.0990669685992508,0.105717761840721,0.545017055925494,0.576726992047364
20.2699999999999,0,2.25031722188351,0.566495474944094,0.0990644445697094,0.105717761840721,0.544997074323499,0.57672699204741
20.2749999999999,0,2.25023875290731,0.566473402817866,0.0990619260966393,0.105717761840721,0.544977134252724,0.576726992047455
20.2799999999999,0,2.25016044814354,0.566451377649345,0.0990594131677333,0.105717761840721,0.544957235636891,0.576726992047501
20.2849999999999,0,2.25008230728301,0.566429399346752,0.0990569057707121,0.105717761840721,0.544937378399794,0.576726992047546
20.2899999999999,0,2.25000433001691,0.566407467818429,0.0990544038933243,0.105717761840721,0.544917562465296,0.576726992047591
20.2949999999999,0,2.24992651603679,0.566385582972841,0.0990519075233459,0.105717761840721,0.544897787757339,0.576726992047636
20.2999999999999,0,2.24984886503453,0.566363744718572,0.0990494166485808,0.105717761840721,0.544878054199933,0.57672699204768
20.3049999999999,0,2.24977137670237,0.56634195296433,0.0990469312568601,0.105717761840721,0.544858361717165,0.576726992047724
20.3099999999999,0,2.24969405073292,0.566320207618943,0.0990444513360429,0.105717761840721,0.544838710233197,0.576726992047768
20.3149999999999,0,2.24961688681913,0.566298508591362,0.0990419768740152,0.105717761840721,0.544819099672261,0.576726992047811
20.3199999999999,0,2.24953988465432,0.56627685579066,0.0990395078586907,0.105717761840721,0.54479952995867,0.576726992047855
20.3249999999999,0,2.24946304393216,0.566255249126033,0.0990370442780102,0.105717761840721,0.544780001016809,0.576726992047898
20.3299999999999,0,2.24938636434669,0.5662336885068,0.0990345861199419,0.105717761840721,0.544760512771141,0.57672699204794
20.3349999999999,0,2.2493098455923,0.566212173842403,0.099032133372481,0.105717761840721,0.544741065146203,0.576726992047983
20.3399999999999,0,2.24923348736376,0.566190705042408,0.0990296860236499,0.105717761840721,0.544721658066611,0.576726992048025
20.3449999999999,0,2.24915728935618,0.566169282016504,0.099027244061498,0.105717761840721,0.544702291457058,0.576726992048067
20.3499999999999,0,2.24908125126507,0.566147904674504,0.0990248074741015,0.105717761840721,0.544682965242313,0.576726992048109
20.3549999999999,0,2.24900537278628,0.566126572926346,0.0990223762495639,0.105717761840721,0.544663679347224,0.57672699204815
20.3599999999999,0,2.24892965361602,0.566105286682093,0.0990199503760151,0.105717761840721,0.54464443369672,0.576726992048191
20.3649999999999,0,2.24885409345091,0.566084045851931,0.099017529841612,0.105717761840721,0.544625228215804,0.576726992048232
20.3699999999999,0,2.24877869198789,0.566062850346172,0.0990151146345383,0.105717761840721,0.544606062829561,0.576726992048273
20.3749999999999,0,2.2487034489243,0.566041700075253,0.0990127047430041,0.105717761840721,0.544586937463155,0.576726992048313
20.3799999999999,0,2.24862836395786,0.566020594949736,0.0990103001552462,0.105717761840721,0.544567852041831,0.576726992048353
20.3849999999999,0,2.24855343678663,0.56599953488031,0.0990079008595279,0.105717761840721,0.544548806490913,0.576726992048393
20.3899999999999,0,2.24847866710908,0.565978519777788,0.0990055068441391,0.105717761840721,0.544529800735806,0.576726992048433
20.3949999999999,0,2.24840405462403,0.56595754955311,0.0990031180973959,0.105717761840721,0.544510834701995,0.576726992048473
20.3999999999999,0,2.24832959903068,0.565936624117342,0.0990007346076408,0.105717761840721,0.544491908315049,0.576726992048512
20.4049999999999,0,2.24825530002864,0.565915743381678,0.0989983563632424,0.105717761840721,0.544473021500616,0.576726992048551
20.4099999999999,0,2.24818115731784,0.565894907257436,0.0989959833525959,0.105717761840721,0.544454174184428,0.576726992048589
20.4149999999999,0,2.24810717059864,0.565874115656063,0.0989936155641223,0.105717761840721,0.544435366292298,0.576726992048628
20.4199999999999,0,2.24803333957175,0.565853368489132,0.0989912529862688,0.105717761840721,0.544416597750122,0.576726992048666
20.4249999999999,0,2.24795966393828,0.565832665668343,0.0989888956075085,0.105717761840721,0.544397868483881,0.576726992048704
20.4299999999999,0,2.24788614339971,0.565812007105525,0.0989865434163407,0.105717761840721,0.544379178419636,0.576726992048742
20.4349999999999,0,2.2478127776579,0.565791392712634,0.0989841964012905,0.105717761840721,0.544360527483535,0.576726992048779
20.4399999999999,0,2.24773956641512,0.565770822401752,0.0989818545509086,0.105717761840721,0.544341915601808,0.576726992048817
20.4449999999999,0,2.24766650937399,0.565750296085092,0.0989795178537717,0.105717761840721,0.54432334270077,0.576726992048854
20.4499999999999,0,2.24759360623754,0.565729813674992,0.0989771862984822,0.105717761840721,0.544304808706821,0.57672699204889
20.4549999999999,0,2.24752085670917,0.565709375083921,0.0989748598736681,0.105717761840721,0.544286313546446,0.576726992048927
20.4599999999999,0,2.24744826049269,0.565688980224475,0.098972538567983,0.105717761840721,0.544267857146214,0.576726992048963
20.4649999999999,0,2.24737581729226,0.56566862900938,0.0989702223701059,0.105717761840721,0.544249439432782,0.576726992049
20.4699999999999,0,2.24730352681248,0.565648321351488,0.0989679112687416,0.105717761840721,0.54423106033289,0.576726992049036
20.4749999999999,0,2.2472313887583,0.565628057163785,0.09896560525262,0.105717761840721,0.544212719773367,0.576726992049071
20.4799999999999,0,2.24715940283507,0.56560783635938,0.0989633043104965,0.105717761840721,0.544194417681126,0.576726992049107
20.4849999999999,0,2.24708756874855,0.565587658851516,0.0989610084311516,0.105717761840721,0.54417615398317,0.576726992049142
20.4899999999999,0,2.24701588620486,0.565567524553563,0.0989587176033912,0.105717761840721,0.544157928606585,0.576726992049177
20.4949999999999,0,2.24694435491054,0.565547433379022,0.0989564318160463,0.105717761840721,0.544139741478548,0.576726992049212
20.4999999999999,0,2.24687297457252,0.565527385241522,0.0989541510579731,0.105717761840721,0.544121592526321,0.576726992049247
20.5049999999999,0,2.24680174489811,0.565507380054824,0.0989518753180527,0.105717761840721,0.544103481677255,0.576726992049281
20.5099999999999,0,2.24673066559503,0.565487417732817,0.0989496045851913,0.105717761840721,0.54408540885879,0.576726992049315
20.5149999999999,0,2.24665973637138,0.56546749818952,0.09894733884832,0.105717761840721,0.544067373998452,0.576726992049349
20.5199999999999,0,2.24658895693568,0.565447621339085,0.0989450780963947,0.105717761840721,0.544049377023858,0.576726992049383
20.5249999999999,0,2.24651832699684,0.565427787095792,0.0989428223183962,0.105717761840721,0.544031417862714,0.576726992049416
20.5299999999999,0,2.24644784626415,0.565407995374052,0.09894057150333,0.105717761840721,0.544013496442813,0.57672699204945
20.5349999999999,0,2.24637751444731,0.565388246088405,0.0989383256402264,0.105717761840721,0.54399561269204,0.576726992049483
20.5399999999999,0,2.24630733125643,0.565368539153525,0.0989360847181401,0.105717761840721,0.543977766538367,0.576726992049516
20.5449999999999,0,2.24623729640201,0.565348874484214,0.0989338487261506,0.105717761840721,0.543959957909858,0.576726992049549
20.5499999999999,0,2.24616740959495,0.565329251995407,0.0989316176533619,0.105717761840721,0.543942186734667,0.576726992049581
20.5549999999999,0,2.24609767054656,0.565309671602167,0.0989293914889023,0.105717761840721,0.543924452941038,0.576726992049614
20.5599999999999,0,2.24602807896853,0.565290133219693,0.0989271702219247,0.105717761840721,0.543906756457305,0.576726992049646
20.5649999999999,0,2.24595863457299,0.56527063676331,0.0989249538416063,0.105717761840721,0.543889097211894,0.576726992049678
20.5699999999999,0,2.24588933707243,0.565251182148478,0.0989227423371484,0.105717761840721,0.543871475133322,0.576726992049709
20.5749999999999,0,2.24582018617978,0.565231769290786,0.0989205356977768,0.105717761840721,0.543853890150197,0.576726992049741
20.5799999999999,0,2.24575118160835,0.565212398105956,0.0989183339127414,0.105717761840721,0.543836342191217,0.576726992049772
20.5849999999999,0,2.24568232307187,0.565193068509842,0.098916136971316,0.105717761840721,0.543818831185175,0.576726992049804
20.5899999999999,0,2.24561361028447,0.565173780418428,0.0989139448627988,0.105717761840721,0.543801357060954,0.576726992049835
20.5949999999999,0,2.24554504296068,0.565154533747831,0.0989117575765118,0.105717761840721,0.543783919747529,0.576726992049865
20.5999999999999,0,2.24547662081545,0.565135328414299,0.098909575101801,0.105717761840721,0.543766519173968,0.576726992049896
20.6049999999999,0,2.24540834356413,0.565116164334213,0.0989073974280361,0.105717761840721,0.543749155269431,0.576726992049926
20.6099999999999,0,2.24534021092247,0.565097041424084,0.0989052245446111,0.105717761840721,0.543731827963173,0.576726992049956
20.6149999999999,0,2.24527222260663,0.565077959600558,0.0989030564409434,0.105717761840721,0.543714537184539,0.576726992049987
20.6199999999999,0,2.2452043783332,0.565058918780412,0.0989008931064741,0.105717761840721,0.543697282862969,0.576726992050016
20.6249999999999,0,2.24513667781916,0.565039918880553,0.0988987345306683,0.105717761840721,0.543680064927995,0.576726992050046
20.6299999999999,0,2.24506912078189,0.565020959818022,0.0988965807030143,0.105717761840721,0.543662883309246,0.576726992050076
20.6349999999999,0,2.2450017069392,0.565002041509994,0.0988944316130243,0.105717761840721,0.543645737936439,0.576726992050105
20.6399999999999,0,2.2449344360093,0.564983163873774,0.0988922872502338,0.105717761840721,0.543628628739391,0.576726992050134
20.6449999999999,0,2.24486730771082,0.564964326826801,0.0988901476042019,0.105717761840721,0.543611555648009,0.576726992050163
20.6499999999999,0,2.24480032176278,0.564945530286643,0.0988880126645109,0.105717761840721,0.543594518592296,0.576726992050192
20.6549999999999,0,2.24473347788465,0.564926774171006,0.0988858824207666,0.105717761840721,0.54357751750235,0.57672699205022
20.6599999999999,0,2.24466677579626,0.564908058397725,0.098883756862598,0.105717761840721,0.543560552308362,0.576726992050249
20.6649999999999,0,2.24460021521791,0.564889382884767,0.0988816359796573,0.105717761840721,0.543543622940619,0.576726992050277
20.6699999999999,0,2.24453379587026,0.564870747550236,0.0988795197616201,0.105717761840721,0.543526729329503,0.576726992050305
20.6749999999999,0,2.24446751747442,0.564852152312363,0.0988774081981848,0.105717761840721,0.543509871405491,0.576726992050333
20.6799999999999,0,2.2444013797519,0.564833597089516,0.0988753012790731,0.105717761840721,0.543493049099155,0.576726992050361
20.6849999999999,0,2.24433538242463,0.564815081800194,0.0988731989940295,0.105717761840721,0.543476262341163,0.576726992050388
20.6899999999999,0,2.24426952521494,0.56479660636303,0.0988711013328217,0.105717761840721,0.543459511062278,0.576726992050415
20.6949999999999,0,2.24420380784558,0.564778170696788,0.0988690082852402,0.105717761840721,0.54344279519336,0.576726992050443
20.6999999999999,0,2.24413823003973,0.564759774720366,0.0988669198410983,0.105717761840721,0.543426114665363,0.57672699205047
20.7049999999999,0,2.24407279152097,0.564741418352796,0.0988648359902321,0.105717761840721,0.543409469409339,0.576726992050497
20.7099999999999,0,2.24400749201331,0.564723101513241,0.0988627567225006,0.105717761840721,0.543392859356435,0.576726992050523
20.7149999999999,0,2.24394233124115,0.564704824120998,0.0988606820277852,0.105717761840721,0.543376284437896,0.57672699205055
20.7199999999999,0,2.24387730892933,0.564686586095497,0.0988586118959902,0.105717761840721,0.543359744585062,0.576726992050576
20.7249999999999,0,2.24381242480311,0.5646683873563,0.0988565463170424,0.105717761840721,0.543343239729369,0.576726992050602
20.7299999999999,0,2.24374767858814,0.564650227823103,0.0988544852808912,0.105717761840721,0.543326769802352,0.576726992050628
20.7349999999999,0,2.24368307001051,0.564632107415736,0.0988524287775083,0.105717761840721,0.543310334735641,0.576726992050654
20.7399999999999,0,2.24361859879672,0.56461402605416,0.0988503767968879,0.105717761840721,0.543293934460965,0.57672699205068
20.7449999999999,0,2.24355426467369,0.56459598365847,0.0988483293290468,0.105717761840721,0.543277568910148,0.576726992050706
20.7499999999999,0,2.24349006736877,0.564577980148894,0.0988462863640237,0.105717761840721,0.543261238015113,0.576726992050731
20.7549999999999,0,2.24342600660969,0.564560015445793,0.09884424789188,0.105717761840721,0.543244941707879,0.576726992050756
20.7599999999999,0,2.24336208212464,0.564542089469662,0.0988422139026991,0.105717761840721,0.543228679920564,0.576726992050781
20.7649999999999,0,2.24329829364221,0.564524202141127,0.0988401843865865,0.105717761840721,0.543212452585384,0.576726992050806
20.7699999999999,0,2.2432346408914,0.564506353380949,0.0988381593336699,0.105717761840721,0.543196259634649,0.576726992050831
20.7749999999999,0,2.24317112360166,0.564488543110022,0.0988361387340992,0.105717761840721,0.543180101000773,0.576726992050856
20.7799999999999,0,2.24310774150283,0.564470771249371,0.0988341225780462,0.105717761840721,0.543163976616262,0.57672699205088
20.7849999999999,0,2.24304449432518,0.564453037720156,0.0988321108557044,0.105717761840721,0.543147886413725,0.576726992050905
20.7899999999999,0,2.24298138179939,0.56443534244367,0.0988301035572898,0.105717761840721,0.543131830325866,0.576726992050929
20.7949999999999,0,2.24291840365659,0.564417685341338,0.0988281006730397,0.105717761840721,0.543115808285488,0.576726992050953
20.7999999999999,0,2.24285555962829,0.564400066334719,0.0988261021932135,0.105717761840721,0.543099820225493,0.576726992050977
20.8049999999999,0,2.24279284944644,0.564382485345505,0.0988241081080923,0.105717761840721,0.543083866078882,0.576726992051
20.8099999999999,0,2.24273027284342,0.56436494229552,0.0988221184079788,0.105717761840721,0.543067945778754,0.576726992051024
20.8149999999999,0,2.24266782955202,0.564347437106722,0.0988201330831976,0.105717761840721,0.543052059258306,0.576726992051047
20.8199999999999,0,2.24260551930544,0.564329969701201,0.0988181521240948,0.105717761840721,0.543036206450834,0.576726992051071
20.8249999999999,0,2.24254334183732,0.564312540001181,0.0988161755210378,0.105717761840721,0.543020387289735,0.576726992051094
20.8299999999999,0,2.24248129688172,0.564295147929019,0.0988142032644159,0.105717761840721,0.543004601708503,0.576726992051117
20.8349999999999,0,2.2424193841731,0.564277793407203,0.0988122353446396,0.105717761840721,0.54298884964073,0.57672699205114
20.8399999999999,0,2.24235760344636,0.564260476358356,0.098810271752141,0.105717761840721,0.542973131020111,0.576726992051163
20.8449999999999,0,2.24229595443682,0.564243196705233,0.0988083124773734,0.105717761840721,0.542957445780435,0.576726992051185
20.8499999999999,0,2.24223443688021,0.564225954370721,0.0988063575108115,0.105717761840721,0.542941793855596,0.576726992051208
20.8549999999999,0,2.24217305051271,0.564208749277841,0.0988044068429511,0.105717761840721,0.542926175179583,0.57672699205123
20.8599999999999,0,2.24211179507088,0.564191581349747,0.0988024604643095,0.105717761840721,0.542910589686486,0.576726992051252
20.8649999999999,0,2.24205067029173,0.564174450509724,0.0988005183654248,0.105717761840721,0.542895037310494,0.576726992051274
20.8699999999999,0,2.24198967591268,0.564157356681192,0.0987985805368565,0.105717761840721,0.542879517985898,0.576726992051296
20.8749999999999,0,2.24192881167159,0.5641402997877,0.0987966469691852,0.105717761840721,0.542864031647086,0.576726992051318
20.8799999999999,0,2.24186807730672,0.564123279752934,0.0987947176530122,0.105717761840721,0.542848578228547,0.576726992051339
20.8849999999999,0,2.24180747255677,0.56410629650071,0.09879279257896,0.105717761840721,0.542833157664868,0.576726992051361
20.8899999999999,0,2.24174699716083,0.564089349954976,0.0987908717376719,0.105717761840721,0.542817769890739,0.576726992051382
20.8949999999999,0,2.24168665085846,0.564072440039813,0.0987889551198123,0.105717761840721,0.542802414840947,0.576726992051404
20.8999999999999,0,2.2416264333896,0.564055566679437,0.0987870427160662,0.105717761840721,0.542787092450381,0.576726992051425
20.9049999999999,0,2.24156634449464,0.564038729798192,0.0987851345171393,0.105717761840721,0.54277180265403,0.576726992051446
20.9099999999999,0,2.24150638391438,0.564021929320557,0.0987832305137583,0.105717761840721,0.542756545386981,0.576726992051467
20.9149999999999,0,2.24144655139003,0.564005165171143,0.0987813306966703,0.105717761840721,0.542741320584423,0.576726992051487
20.9199999999999,0,2.24138684666326,0.563988437274692,0.0987794350566433,0.105717761840721,0.542726128181645,0.576726992051508
20.9249999999999,0,2.24132726947612,0.563971745556079,0.0987775435844656,0.105717761840721,0.542710968114036,0.576726992051528
20.9299999999999,0,2.2412678195711,0.563955089940313,0.0987756562709463,0.105717761840721,0.542695840317085,0.576726992051549
20.9349999999999,0,2.24120849669112,0.56393847035253,0.0987737731069148,0.105717761840721,0.542680744726383,0.576726992051569
20.9399999999999,0,2.24114930057952,0.563921886718003,0.098771894083221,0.105717761840721,0.542665681277618,0.576726992051589
20.9449999999999,0,2.24109023098004,0.563905338962136,0.0987700191907351,0.105717761840721,0.542650649906583,0.576726992051609
20.9499999999999,0,2.24103128763687,0.563888827010461,0.0987681484203479,0.105717761840721,0.542635650549167,0.576726992051629
20.9549999999999,0,2.24097247029461,0.563872350788646,0.0987662817629703,0.105717761840721,0.542620683141363,0.576726992051649
20.9599999999999,0,2.24091377869828,0.563855910222489,0.0987644192095334,0.105717761840721,0.542605747619263,0.576726992051668
20.9649999999999,0,2.24085521259334,0.563839505237921,0.0987625607509886,0.105717761840721,0.542590843919059,0.576726992051688
20.9699999999999,0,2.24079677172563,0.563823135761002,0.0987607063783075,0.105717761840721,0.542575971977044,0.576726992051707
20.9749999999999,0,2.24073845584147,0.563806801717925,0.0987588560824818,0.105717761840721,0.542561131729614,0.576726992051726
20.9799999999999,0,2.24068026468755,0.563790503035016,0.0987570098545232,0.105717761840721,0.542546323113262,0.576726992051745
20.9849999999999,0,2.24062219801101,0.563774239638729,0.0987551676854633,0.105717761840721,0.542531546064583,0.576726992051764
20.9899999999999,0,2.2405642555594,0.563758011455653,0.0987533295663539,0.105717761840721,0.542516800520275,0.576726992051783
20.9949999999999,0,2.2405064370807,0.563741818412505,0.0987514954882668,0.105717761840721,0.542502086417135,0.576726992051802
20.9999999999999,0,2.24044874232332,0.563725660436134,0.0987496654422933,0.105717761840721,0.542487403692059,0.576726992051821
21.0049999999999,0,2.24039117103606,0.563709537453522,0.0987478394195449,0.105717761840721,0.542472752282046,0.576726992051839
21.0099999999999,0,2.24033372296818,0.563693449391779,0.0987460174111527,0.105717761840721,0.542458132124196,0.576726992051858
21.0149999999999,0,2.24027639786933,0.563677396178148,0.0987441994082676,0.105717761840721,0.54244354315571,0.576726992051876
21.0199999999999,0,2.2402191954896,0.563661377740003,0.0987423854020602,0.105717761840721,0.542428985313887,0.576726992051894
21.0249999999999,0,2.24016211557949,0.563645394004847,0.0987405753837208,0.105717761840721,0.542414458536131,0.576726992051912
21.0299999999999,0,2.24010515788992,0.563629444900315,0.0987387693444591,0.105717761840721,0.542399962759945,0.57672699205193
21.0349999999999,0,2.24004832217226,0.563613530354172,0.0987369672755047,0.105717761840721,0.542385497922931,0.576726992051948
21.0399999999999,0,2.23999160817826,0.563597650294314,0.0987351691681065,0.105717761840721,0.542371063962795,0.576726992051966
21.0449999999999,0,2.23993501566011,0.563581804648766,0.0987333750135328,0.105717761840721,0.542356660817343,0.576726992051983
21.0499999999999,0,2.23987854437043,0.563565993345686,0.0987315848030716,0.105717761840721,0.542342288424481,0.576726992052001
21.0549999999999,0,2.23982219406223,0.56355021631336,0.09872979852803,0.105717761840721,0.542327946722217,0.576726992052018
21.0599999999999,0,2.23976596448898,0.563534473480204,0.0987280161797346,0.105717761840721,0.54231363564866,0.576726992052036
21.0649999999999,0,2.23970985540454,0.563518764774765,0.0987262377495313,0.105717761840721,0.542299355142018,0.576726992052053
21.0699999999999,0,2.23965386656321,0.56350309012572,0.0987244632287851,0.105717761840721,0.542285105140603,0.57672699205207
21.0749999999999,0,2.23959799771968,0.563487449461875,0.0987226926088805,0.105717761840721,0.542270885582825,0.576726992052087
21.0799999999999,0,2.2395422486291,0.563471842712168,0.0987209258812209,0.105717761840721,0.542256696407198,0.576726992052104
21.0849999999999,0,2.23948661904701,0.563456269805662,0.0987191630372288,0.105717761840721,0.542242537552334,0.576726992052121
21.0899999999999,0,2.23943110872938,0.563440730671556,0.0987174040683461,0.105717761840721,0.542228408956948,0.576726992052137
21.0949999999999,0,2.2393757174326,0.563425225239172,0.0987156489660333,0.105717761840721,0.542214310559855,0.576726992052154
21.0999999999999,0,2.23932044491347,0.563409753437966,0.0987138977217702,0.105717761840721,0.542200242299972,0.57672699205217
21.1049999999999,0,2.23926529092922,0.56339431519752,0.0987121503270555,0.105717761840721,0.542186204116315,0.576726992052187
21.1099999999999,0,2.2392102552375,0.563378910447549,0.0987104067734066,0.105717761840721,0.542172195948002,0.576726992052203
21.1149999999999,0,2.23915533759636,0.563363539117892,0.09870866705236,0.105717761840721,0.542158217734253,0.576726992052219
21.1199999999999,0,2.2391005377643,0.563348201138522,0.0987069311554708,0.105717761840721,0.542144269414387,0.576726992052235
21.1249999999999,0,2.2390458555002,0.563332896439538,0.0987051990743132,0.105717761840721,0.542130350927826,0.576726992052251
21.1299999999999,0,2.23899129056339,0.563317624951168,0.0987034708004797,0.105717761840721,0.542116462214089,0.576726992052267
21.1349999999999,0,2.23893684271359,0.56330238660377,0.0987017463255819,0.105717761840721,0.542102603212801,0.576726992052283
21.1399999999999,0,2.23888251171097,0.563287181327827,0.0987000256412497,0.105717761840721,0.542088773863685,0.576726992052299
21.1449999999999,0,2.23882829731609,0.563272009053955,0.0986983087391318,0.105717761840721,0.542074974106564,0.576726992052314
21.1499999999999,0,2.23877419928994,0.563256869712895,0.0986965956108955,0.105717761840721,0.542061203881363,0.57672699205233
21.1549999999999,0,2.23872021739392,0.563241763235519,0.0986948862482263,0.105717761840721,0.542047463128109,0.576726992052345
21.1599999999999,0,2.23866635138986,0.563226689552823,0.0986931806428286,0.105717761840721,0.542033751786927,0.576726992052361
21.1649999999999,0,2.23861260103998,0.563211648595935,0.0986914787864249,0.105717761840721,0.542020069798045,0.576726992052376
21.1699999999999,0,2.23855896610694,0.56319664029611,0.0986897806707563,0.105717761840721,0.542006417101791,0.576726992052391
21.1749999999999,0,2.2385054463538,0.563181664584728,0.0986880862875821,0.105717761840721,0.541992793638594,0.576726992052406
21.1799999999999,0,2.23845204154407,0.5631667213933,0.09868639562868,0.105717761840721,0.541979199348982,0.576726992052421
21.1849999999999,0,2.23839875144162,0.563151810653462,0.098684708685846,0.105717761840721,0.541965634173585,0.576726992052436
21.1899999999999,0,2.23834557581078,0.56313693229698,0.0986830254508941,0.105717761840721,0.541952098053135,0.57672699205245
21.1949999999999,0,2.23829251441627,0.563122086255745,0.0986813459156567,0.105717761840721,0.541938590928462,0.576726992052465
21.1999999999999,0,2.23823956702325,0.563107272461776,0.0986796700719844,0.105717761840721,0.541925112740497,0.57672699205248
21.2049999999999,0,2.23818673339726,0.563092490847218,0.0986779979117455,0.105717761840721,0.541911663430273,0.576726992052494
21.2099999999999,0,2.23813401330428,0.563077741344346,0.0986763294268269,0.105717761840721,0.541898242938923,0.576726992052508
21.2149999999999,0,2.2380814065107,0.563063023885558,0.0986746646091331,0.105717761840721,0.541884851207679,0.576726992052523
21.2199999999999,0,2.23802891278332,0.563048338403381,0.0986730034505867,0.105717761840721,0.541871488177875,0.576726992052537
21.2249999999999,0,2.23797653188935,0.563033684830467,0.0986713459431282,0.105717761840721,0.541858153790944,0.576726992052551
21.2299999999999,0,2.23792426359641,0.563019063099596,0.0986696920787162,0.105717761840721,0.54184484798842,0.576726992052565
21.2349999999999,0,2.23787210767255,0.563004473143675,0.0986680418493269,0.105717761840721,0.541831570711939,0.576726992052579
21.2399999999999,0,2.23782006388622,0.562989914895733,0.0986663952469544,0.105717761840721,0.541818321903234,0.576726992052593
21.2449999999999,0,2.23776813200628,0.562975388288929,0.0986647522636106,0.105717761840721,0.541805101504141,0.576726992052607
21.2499999999999,0,2.237716311802,0.562960893256548,0.0986631128913251,0.105717761840721,0.541791909456594,0.57672699205262
21.2549999999999,0,2.23766460304308,0.562946429731998,0.0986614771221451,0.105717761840721,0.541778745702628,0.576726992052634
21.2599999999999,0,2.23761300549962,0.562931997648814,0.0986598449481356,0.105717761840721,0.541765610184379,0.576726992052648
21.2649999999999,0,2.23756151894211,0.562917596940657,0.0986582163613791,0.105717761840721,0.541752502844081,0.576726992052661
21.2699999999999,0,2.23751014314148,0.562903227541314,0.0986565913539758,0.105717761840721,0.541739423624071,0.576726992052674
21.2749999999999,0,2.23745887786907,0.562888889384696,0.0986549699180433,0.105717761840721,0.541726372466782,0.576726992052688
21.2799999999999,0,2.23740772289662,0.562874582404839,0.0986533520457167,0.105717761840721,0.54171334931475,0.576726992052701
21.2849999999999,0,2.23735667799626,0.562860306535904,0.0986517377291486,0.105717761840721,0.541700354110609,0.576726992052714
21.2899999999999,0,2.23730574294057,0.562846061712179,0.0986501269605091,0.105717761840721,0.541687386797095,0.576726992052727
21.2949999999999,0,2.23725491750251,0.562831847868074,0.0986485197319854,0.105717761840721,0.541674447317041,0.57672699205274
21.2999999999999,0,2.23720420145547,0.562817664938125,0.0986469160357822,0.105717761840721,0.541661535613382,0.576726992052753
21.3049999999999,0,2.23715359457322,0.562803512856991,0.0986453158641215,0.105717761840721,0.54164865162915,0.576726992052765
21.3099999999999,0,2.23710309662996,0.562789391559459,0.0986437192092426,0.105717761840721,0.54163579530748,0.576726992052778
21.3149999999999,0,2.23705270740029,0.562775300980436,0.0986421260634018,0.105717761840721,0.541622966591603,0.576726992052791
21.3199999999999,0,2.23700242665923,0.562761241054955,0.0986405364188729,0.105717761840721,0.541610165424852,0.576726992052803
21.3249999999999,0,2.23695225418219,0.562747211718173,0.0986389502679466,0.105717761840721,0.541597391750659,0.576726992052816
21.3299999999999,0,2.23690218974499,0.56273321290537,0.0986373676029306,0.105717761840721,0.541584645512553,0.576726992052828
21.3349999999999,0,2.23685223312386,0.562719244551951,0.0986357884161499,0.105717761840721,0.541571926654166,0.576726992052841
21.3399999999999,0,2.23680238409545,0.562705306593443,0.0986342126999465,0.105717761840721,0.541559235119227,0.576726992052853
21.3449999999999,0,2.23675264243679,0.562691398965496,0.0986326404466792,0.105717761840721,0.541546570851563,0.576726992052865
21.3499999999999,0,2.23670300792532,0.562677521603887,0.0986310716487238,0.105717761840721,0.541533933795103,0.576726992052877
21.3549999999999,0,2.23665348033891,0.56266367444451,0.0986295062984732,0.105717761840721,0.541521323893873,0.576726992052889
21.3599999999999,0,2.23660405945581,0.562649857423388,0.0986279443883368,0.105717761840721,0.541508741091999,0.576726992052901
21.3649999999999,0,2.23655474505468,0.562636070476662,0.0986263859107412,0.105717761840721,0.541496185333705,0.576726992052913
21.3699999999999,0,2.23650553691458,0.562622313540599,0.0986248308581295,0.105717761840721,0.541483656563315,0.576726992052925
21.3749999999999,0,2.236456434815,0.562608586551588,0.0986232792229617,0.105717761840721,0.54147115472525,0.576726992052937
21.3799999999999,0,2.23640743853578,0.562594889446137,0.0986217309977146,0.105717761840721,0.541458679764032,0.576726992052948
21.3849999999999,0,2.23635854785723,0.56258122216088,0.0986201861748813,0.105717761840721,0.54144623162428,0.57672699205296
21.3899999999999,0,2.23630976256,0.562567584632573,0.098618644746972,0.105717761840721,0.541433810250711,0.576726992052971
21.3949999999999,0,2.23626108242518,0.562553976798091,0.0986171067065132,0.105717761840721,0.541421415588143,0.576726992052983
21.3999999999999,0,2.23621250723426,0.562540398594433,0.098615572046048,0.105717761840721,0.54140904758149,0.576726992052994
21.4049999999999,0,2.23616403676911,0.562526849958721,0.0986140407581361,0.105717761840721,0.541396706175765,0.576726992053005
21.4099999999999,0,2.23611567081203,0.562513330828195,0.0986125128353537,0.105717761840721,0.54138439131608,0.576726992053017
21.4149999999999,0,2.23606740914568,0.562499841140218,0.0986109882702934,0.105717761840721,0.541372102947645,0.576726992053028
21.4199999999999,0,2.23601925155317,0.562486380832275,0.0986094670555642,0.105717761840721,0.541359841015768,0.576726992053039
21.4249999999999,0,2.23597119781797,0.562472949841971,0.0986079491837914,0.105717761840721,0.541347605465855,0.57672699205305
21.4299999999999,0,2.23592324772397,0.562459548107032,0.0986064346476168,0.105717761840721,0.541335396243409,0.576726992053061
21.4349999999999,0,2.23587540105545,0.562446175565305,0.0986049234396984,0.105717761840721,0.541323213294032,0.576726992053072
21.4399999999999,0,2.2358276575971,0.562432832154758,0.0986034155527105,0.105717761840721,0.541311056563425,0.576726992053083
21.4449999999999,0,2.23578001713399,0.562419517813479,0.0986019109793436,0.105717761840721,0.541298925997385,0.576726992053093
21.4499999999999,0,2.2357324794516,0.562406232479675,0.0986004097123043,0.105717761840721,0.541286821541806,0.576726992053104
21.4549999999999,0,2.23568504433581,0.562392976091676,0.0985989117443156,0.105717761840721,0.541274743142682,0.576726992053115
21.4599999999999,0,2.23563771157289,0.56237974858793,0.0985974170681164,0.105717761840721,0.541262690746103,0.576726992053125
21.4649999999999,0,2.23559048094951,0.562366549907004,0.0985959256764617,0.105717761840721,0.541250664298256,0.576726992053136
21.4699999999999,0,2.23554335225274,0.562353379987588,0.0985944375621227,0.105717761840721,0.541238663745427,0.576726992053146
21.4749999999999,0,2.23549632527003,0.562340238768488,0.0985929527178864,0.105717761840721,0.541226689033998,0.576726992053156
21.4799999999999,0,2.23544939978924,0.562327126188631,0.0985914711365559,0.105717761840721,0.541214740110449,0.576726992053167
21.4849999999999,0,2.23540257559863,0.562314042187063,0.0985899928109501,0.105717761840721,0.541202816921356,0.576726992053177
21.4899999999999,0,2.23535585248684,0.562300986702949,0.0985885177339041,0.105717761840721,0.541190919413394,0.576726992053187
21.4949999999999,0,2.23530923024292,0.562287959675574,0.0985870458982685,0.105717761840721,0.541179047533332,0.576726992053197
21.4999999999999,0,2.23526270865629,0.56227496104434,0.0985855772969099,0.105717761840721,0.541167201228039,0.576726992053207
21.5049999999999,0,2.23521628751678,0.562261990748768,0.0985841119227108,0.105717761840721,0.541155380444478,0.576726992053217
21.5099999999999,0,2.23516996661462,0.562249048728499,0.0985826497685691,0.105717761840721,0.541143585129711,0.576726992053227
21.5149999999999,0,2.23512374574041,0.56223613492329,0.0985811908273989,0.105717761840721,0.541131815230895,0.576726992053237
21.5199999999999,0,2.23507762468517,0.562223249273018,0.0985797350921297,0.105717761840721,0.541120070695286,0.576726992053247
21.5249999999999,0,2.23503160324028,0.562210391717677,0.0985782825557065,0.105717761840721,0.541108351470232,0.576726992053257
21.5299999999999,0,2.23498568119755,0.562197562197379,0.0985768332110903,0.105717761840721,0.541096657503181,0.576726992053266
21.5349999999999,0,2.23493985834913,0.562184760652353,0.0985753870512574,0.105717761840721,0.541084988741677,0.576726992053276
21.5399999999999,0,2.23489413448762,0.562171987022947,0.0985739440691997,0.105717761840721,0.541073345133359,0.576726992053286
21.5449999999999,0,2.23484850940595,0.562159241249625,0.0985725042579246,0.105717761840721,0.541061726625962,0.576726992053295
21.5499999999999,0,2.23480298289749,0.56214652327297,0.0985710676104551,0.105717761840721,0.541050133167318,0.576726992053304
21.5549999999999,0,2.23475755475596,0.562133833033679,0.0985696341198295,0.105717761840721,0.541038564705354,0.576726992053314
21.5599999999999,0,2.2347122247755,0.562121170472568,0.0985682037791016,0.105717761840721,0.541027021188093,0.576726992053323
21.5649999999999,0,2.23466699275062,0.562108535530569,0.0985667765813403,0.105717761840721,0.541015502563654,0.576726992053332
21.5699999999999,0,2.23462185847622,0.562095928148732,0.0985653525196303,0.105717761840721,0.541004008780252,0.576726992053342
21.5749999999999,0,2.23457682174759,0.562083348268222,0.0985639315870713,0.105717761840721,0.540992539786196,0.576726992053351
21.5799999999999,0,2.2345318823604,0.562070795830319,0.0985625137767782,0.105717761840721,0.540981095529893,0.57672699205336
21.5849999999999,0,2.23448704011071,0.562058270776422,0.0985610990818813,0.105717761840721,0.540969675959842,0.576726992053369
21.5899999999999,0,2.23444229479499,0.562045773048043,0.098559687495526,0.105717761840721,0.540958281024641,0.576726992053378
21.5949999999999,0,2.23439764621004,0.562033302586812,0.098558279010873,0.105717761840721,0.54094691067298,0.576726992053387
21.5999999999999,0,2.23435309415311,0.562020859334473,0.0985568736210979,0.105717761840721,0.540935564853645,0.576726992053396
21.6049999999999,0,2.23430863842178,0.562008443232887,0.0985554713193916,0.105717761840721,0.540924243515517,0.576726992053405
21.6099999999999,0,2.23426427881405,0.561996054224029,0.09855407209896,0.105717761840721,0.540912946607574,0.576726992053413
21.6149999999999,0,2.23422001512828,0.561983692249988,0.098552675953024,0.105717761840721,0.540901674078885,0.576726992053422
21.6199999999999,0,2.23417584716323,0.561971357252971,0.0985512828748194,0.105717761840721,0.540890425878616,0.576726992053431
21.6249999999999,0,2.23413177471804,0.561959049175298,0.0985498928575972,0.105717761840721,0.540879201956026,0.576726992053439
21.6299999999999,0,2.23408779759221,0.561946767959402,0.0985485058946231,0.105717761840721,0.540868002260472,0.576726992053448
21.6349999999999,0,2.23404391558567,0.561934513547834,0.0985471219791777,0.105717761840721,0.540856826741401,0.576726992053456
21.6399999999999,0,2.23400012849867,0.561922285883256,0.0985457411045567,0.105717761840721,0.540845675348356,0.576726992053465
21.6449999999999,0,2.2339564361319,0.561910084908445,0.0985443632640703,0.105717761840721,0.540834548030975,0.576726992053473
21.6499999999999,0,2.23391283828638,0.561897910566294,0.0985429884510438,0.105717761840721,0.54082344473899,0.576726992053482
21.6549999999999,0,2.23386933476354,0.561885762799807,0.098541616658817,0.105717761840721,0.540812365422225,0.57672699205349
21.6599999999999,0,2.23382592536519,0.561873641552102,0.0985402478807445,0.105717761840721,0.5408013100306,0.576726992053498
21.6649999999999,0,2.2337826098935,0.561861546766413,0.0985388821101956,0.105717761840721,0.540790278514128,0.576726992053506
21.6699999999999,0,2.23373938815103,0.561849478386084,0.0985375193405544,0.105717761840721,0.540779270822915,0.576726992053515
21.6749999999999,0,2.23369625994072,0.561837436354574,0.0985361595652195,0.105717761840721,0.540768286907162,0.576726992053523
21.6799999999999,0,2.23365322506589,0.561825420615454,0.0985348027776039,0.105717761840721,0.540757326717162,0.576726992053531
21.6849999999999,0,2.23361028333023,0.561813431112408,0.0985334489711356,0.105717761840721,0.540746390203302,0.576726992053539
21.6899999999999,0,2.23356743453779,0.561801467789234,0.0985320981392566,0.105717761840721,0.540735477316063,0.576726992053547
21.6949999999999,0,2.23352467849304,0.56178953058984,0.098530750275424,0.105717761840721,0.540724588006017,0.576726992053554
21.6999999999999,0,2.23348201500079,0.561777619458248,0.0985294053731088,0.105717761840721,0.540713722223831,0.576726992053562
21.7049999999999,0,2.23343944386622,0.561765734338591,0.0985280634257967,0.105717761840721,0.540702879920265,0.57672699205357
21.7099999999999,0,2.23339696489492,0.561753875175116,0.0985267244269877,0.105717761840721,0.54069206104617,0.576726992053578
21.7149999999999,0,2.23335457789283,0.561742041912178,0.0985253883701965,0.105717761840721,0.540681265552492,0.576726992053586
21.7199999999999,0,2.23331228266626,0.561730234494248,0.0985240552489515,0.105717761840721,0.540670493390268,0.576726992053593
21.7249999999999,0,2.2332700790219,0.561718452865905,0.098522725056796,0.105717761840721,0.540659744510627,0.576726992053601
21.7299999999999,0,2.23322796676682,0.561706696971842,0.0985213977872872,0.105717761840721,0.540649018864792,0.576726992053608
21.7349999999999,0,2.23318594570845,0.561694966756859,0.0985200734339968,0.105717761840721,0.540638316404078,0.576726992053616
21.7399999999999,0,2.2331440156546,0.561683262165872,0.0985187519905104,0.105717761840721,0.540627637079892,0.576726992053623
21.7449999999999,0,2.23310217641345,0.561671583143905,0.0985174334504279,0.105717761840721,0.540616980843732,0.576726992053631
21.7499999999999,0,2.23306042779354,0.561659929636091,0.0985161178073636,0.105717761840721,0.540606347647189,0.576726992053638
21.7549999999999,0,2.23301876960379,0.561648301587678,0.0985148050549455,0.105717761840721,0.540595737441945,0.576726992053646
21.7599999999999,0,2.2329772016535,0.56163669894402,0.0985134951868159,0.105717761840721,0.540585150179776,0.576726992053653
21.7649999999999,0,2.23293572375232,0.561625121650582,0.0985121881966311,0.105717761840721,0.540574585812548,0.57672699205366
21.7699999999999,0,2.23289433571028,0.561613569652941,0.0985108840780615,0.105717761840721,0.540564044292217,0.576726992053667
21.7749999999999,0,2.23285303733777,0.561602042896782,0.0985095828247913,0.105717761840721,0.540553525570833,0.576726992053674
21.7799999999999,0,2.23281182844555,0.561590541327899,0.0985082844305187,0.105717761840721,0.540543029600536,0.576726992053681
21.7849999999999,0,2.23277070884476,0.561579064892197,0.098506988888956,0.105717761840721,0.540532556333557,0.576726992053689
21.7899999999999,0,2.23272967834689,0.561567613535689,0.0985056961938292,0.105717761840721,0.540522105722219,0.576726992053695
21.7949999999999,0,2.23268873676381,0.561556187204498,0.0985044063388783,0.105717761840721,0.540511677718936,0.576726992053702
21.7999999999999,0,2.23264788390773,0.561544785844855,0.0985031193178568,0.105717761840721,0.540501272276211,0.576726992053709
21.8049999999999,0,2.23260711959127,0.5615334094031,0.0985018351245325,0.105717761840721,0.54049088934664,0.576726992053716
21.8099999999999,0,2.23256644362736,0.561522057825683,0.0985005537526865,0.105717761840721,0.540480528882909,0.576726992053723
21.8149999999999,0,2.23252585582934,0.561510731059159,0.098499275196114,0.105717761840721,0.540470190837793,0.57672699205373
21.8199999999999,0,2.2324853560109,0.561499429050195,0.0984979994486236,0.105717761840721,0.540459875164159,0.576726992053737
21.8249999999999,0,2.23244494398608,0.561488151745563,0.0984967265040378,0.105717761840721,0.540449581814964,0.576726992053743
21.8299999999999,0,2.23240461956929,0.561476899092145,0.0984954563561925,0.105717761840721,0.540439310743255,0.57672699205375
21.8349999999999,0,2.23236438257531,0.561465671036929,0.0984941889989376,0.105717761840721,0.540429061902169,0.576726992053757
21.8399999999999,0,2.23232423281928,0.561454467527013,0.0984929244261361,0.105717761840721,0.540418835244934,0.576726992053763
21.8449999999999,0,2.23228417011669,0.561443288509598,0.0984916626316649,0.105717761840721,0.540408630724865,0.57672699205377
21.8499999999999,0,2.2322441942834,0.561432133931998,0.0984904036094143,0.105717761840721,0.54039844829537,0.576726992053776
21.8549999999999,0,2.23220430513563,0.561421003741628,0.0984891473532881,0.105717761840721,0.540388287909944,0.576726992053783
21.8599999999999,0,2.23216450248996,0.561409897886015,0.0984878938572035,0.105717761840721,0.540378149522173,0.576726992053789
21.8649999999999,0,2.23212478616332,0.56139881631279,0.0984866431150913,0.105717761840721,0.540368033085733,0.576726992053796
21.8699999999999,0,2.232085155973,0.561387758969689,0.0984853951208954,0.105717761840721,0.540357938554386,0.576726992053802
21.8749999999999,0,2.23204561173667,0.561376725804559,0.0984841498685734,0.105717761840721,0.540347865881988,0.576726992053809
21.8799999999999,0,2.23200615327233,0.561365716765348,0.098482907352096,0.105717761840721,0.540337815022479,0.576726992053815
21.8849999999999,0,2.23196678039836,0.561354731800113,0.0984816675654474,0.105717761840721,0.540327785929892,0.576726992053821
21.8899999999999,0,2.23192749293347,0.561343770857017,0.0984804305026248,0.105717761840721,0.540317778558345,0.576726992053827
21.8949999999999,0,2.23188829069675,0.561332833884328,0.098479196157639,0.105717761840721,0.540307792862049,0.576726992053833
21.8999999999999,0,2.23184917350763,0.561321920830417,0.0984779645245137,0.105717761840721,0.540297828795299,0.576726992053839
21.9049999999999,0,2.2318101411859,0.561311031643765,0.0984767355972861,0.105717761840721,0.540287886312482,0.576726992053846
21.9099999999999,0,2.23177119355172,0.561300166272954,0.0984755093700062,0.105717761840721,0.540277965368072,0.576726992053852
21.9149999999999,0,2.23173233042557,0.561289324666673,0.0984742858367375,0.105717761840721,0.54026806591663,0.576726992053858
21.9199999999999,0,2.23169355162833,0.561278506773715,0.0984730649915564,0.105717761840721,0.540258187912807,0.576726992053864
21.9249999999999,0,2.23165485698118,0.56126771254298,0.0984718468285522,0.105717761840721,0.540248331311341,0.57672699205387
21.9299999999999,0,2.23161624630569,0.561256941923468,0.0984706313418277,0.105717761840721,0.540238496067058,0.576726992053875
21.9349999999999,0,2.23157771942377,0.561246194864287,0.0984694185254984,0.105717761840721,0.540228682134871,0.576726992053881
21.9399999999999,0,2.23153927615768,0.561235471314646,0.0984682083736927,0.105717761840721,0.540218889469782,0.576726992053887
21.9449999999999,0,2.23150091633004,0.561224771223862,0.0984670008805522,0.105717761840721,0.540209118026879,0.576726992053893
21.9499999999999,0,2.2314626397638,0.561214094541352,0.0984657960402313,0.105717761840721,0.540199367761339,0.576726992053899
21.9549999999999,0,2.23142444628229,0.561203441216639,0.0984645938468974,0.105717761840721,0.540189638628424,0.576726992053904
21.9599999999999,0,2.23138633570916,0.561192811199347,0.0984633942947306,0.105717761840721,0.540179930583485,0.57672699205391
21.9649999999999,0,2.23134830786842,0.561182204439205,0.0984621973779239,0.105717761840721,0.54017024358196,0.576726992053916
21.9699999999999,0,2.23131036258444,0.561171620886045,0.0984610030906833,0.105717761840721,0.540160577579372,0.576726992053921
21.9749999999999,0,2.23127249968192,0.561161060489802,0.0984598114272273,0.105717761840721,0.540150932531333,0.576726992053927
21.9799999999999,0,2.23123471898592,0.561150523200512,0.0984586223817873,0.105717761840721,0.54014130839354,0.576726992053933
21.9849999999999,0,2.23119702032184,0.561140008968315,0.0984574359486074,0.105717761840721,0.540131705121777,0.576726992053938
21.9899999999999,0,2.23115940351541,0.561129517743454,0.0984562521219445,0.105717761840721,0.540122122671915,0.576726992053944
21.9949999999999,0,2.23112186839275,0.561119049476272,0.0984550708960679,0.105717761840721,0.540112560999911,0.576726992053949
21.9999999999999,0,2.23108441478028,0.561108604117217,0.0984538922652599,0.105717761840721,0.540103020061806,0.576726992053954
22.0049999999999,0,2.23104704250479,0.561098181616836,0.0984527162238151,0.105717761840721,0.540093499813731,0.57672699205396
22.0099999999999,0,2.2310097513934,0.561087781925779,0.0984515427660409,0.105717761840721,0.5400840002119,0.576726992053965
22.0149999999999,0,2.23097254127359,0.561077404994797,0.0984503718862571,0.105717761840721,0.540074521212613,0.57672699205397
22.0199999999999,0,2.23093541197317,0.561067050774744,0.0984492035787961,0.105717761840721,0.540065062772257,0.576726992053976
22.0249999999999,0,2.23089836332029,0.561056719216572,0.0984480378380028,0.105717761840721,0.540055624847303,0.576726992053981
22.0299999999999,0,2.23086139514346,0.561046410271338,0.0984468746582347,0.105717761840721,0.540046207394309,0.576726992053986
22.0349999999999,0,2.2308245072715,0.561036123890196,0.0984457140338614,0.105717761840721,0.540036810369916,0.576726992053991
22.0399999999999,0,2.23078769953361,0.561025860024402,0.0984445559592653,0.105717761840721,0.540027433730853,0.576726992053996
22.0449999999999,0,2.23075097175929,0.561015618625314,0.098443400428841,0.105717761840721,0.540018077433931,0.576726992054002
22.0499999999999,0,2.23071432377842,0.561005399644389,0.0984422474369954,0.105717761840721,0.540008741436049,0.576726992054007
22.0549999999999,0,2.23067775542119,0.560995203033183,0.0984410969781478,0.105717761840721,0.539999425694189,0.576726992054012
22.0599999999999,0,2.23064126651814,0.560985028743354,0.09843994904673,0.105717761840721,0.539990130165418,0.576726992054017
22.0649999999999,0,2.23060485690015,0.560974876726659,0.0984388036371858,0.105717761840721,0.539980854806886,0.576726992054022
22.0699999999999,0,2.23056852639843,0.560964746934954,0.0984376607439712,0.105717761840721,0.53997159957583,0.576726992054027
22.0749999999999,0,2.23053227484453,0.560954639320196,0.0984365203615549,0.105717761840721,0.539962364429571,0.576726992054032
22.0799999999999,0,2.23049610207035,0.560944553834438,0.0984353824844172,0.105717761840721,0.539953149325512,0.576726992054037
22.0849999999999,0,2.2304600079081,0.560934490429837,0.098434247107051,0.105717761840721,0.539943954221141,0.576726992054041
22.0899999999999,0,2.23042399219034,0.560924449058644,0.0984331142239611,0.105717761840721,0.539934779074032,0.576726992054046
22.0949999999999,0,2.23038805474998,0.560914429673212,0.0984319838296646,0.105717761840721,0.53992562384184,0.576726992054051
22.0999999999999,0,2.23035219542024,0.560904432225992,0.0984308559186906,0.105717761840721,0.539916488482305,0.576726992054056
22.1049999999999,0,2.23031641403468,0.560894456669533,0.0984297304855801,0.105717761840721,0.53990737295325,0.576726992054061
22.1099999999999,0,2.23028071042721,0.56088450295648,0.0984286075248864,0.105717761840721,0.539898277212581,0.576726992054065
22.1149999999999,0,2.23024508443205,0.560874571039581,0.0984274870311747,0.105717761840721,0.53988920121829,0.57672699205407
22.1199999999999,0,2.23020953588376,0.560864660871679,0.0984263689990222,0.105717761840721,0.539880144928449,0.576726992054075
22.1249999999999,0,2.23017406461724,0.560854772405712,0.0984252534230179,0.105717761840721,0.539871108301214,0.576726992054079
22.1299999999999,0,2.23013867046772,0.560844905594722,0.0984241402977631,0.105717761840721,0.539862091294825,0.576726992054084
22.1349999999999,0,2.23010335327076,0.560835060391843,0.0984230296178705,0.105717761840721,0.539853093867602,0.576726992054089
22.1399999999999,0,2.23006811286223,0.560825236750308,0.0984219213779652,0.105717761840721,0.539844115977952,0.576726992054093
22.1449999999999,0,2.23003294907837,0.560815434623447,0.0984208155726836,0.105717761840721,0.539835157584361,0.576726992054098
22.1499999999999,0,2.2299978617557,0.560805653964688,0.0984197121966745,0.105717761840721,0.539826218645398,0.576726992054102
22.1549999999999,0,2.22996285073112,0.560795894727553,0.098418611244598,0.105717761840721,0.539817299119716,0.576726992054107
22.1599999999999,0,2.22992791584182,0.560786156865664,0.0984175127111263,0.105717761840721,0.539808398966048,0.576726992054111
22.1649999999999,0,2.22989305692533,0.560776440332736,0.0984164165909431,0.105717761840721,0.539799518143211,0.576726992054115
22.1699999999999,0,2.22985827381951,0.560766745082583,0.098415322878744,0.105717761840721,0.539790656610102,0.57672699205412
22.1749999999999,0,2.22982356636255,0.560757071069112,0.0984142315692363,0.105717761840721,0.539781814325701,0.576726992054124
22.1799999999999,0,2.22978893439295,0.560747418246329,0.0984131426571387,0.105717761840721,0.53977299124907,0.576726992054129
22.1849999999999,0,2.22975437774956,0.560737786568333,0.0984120561371819,0.105717761840721,0.539764187339351,0.576726992054133
22.1899999999999,0,2.22971989627153,0.560728175989321,0.098410972004108,0.105717761840721,0.539755402555769,0.576726992054137
22.1949999999999,0,2.22968548979836,0.560718586463584,0.0984098902526707,0.105717761840721,0.53974663685763,0.576726992054141
22.1999999999999,0,2.22965115816984,0.560709017945507,0.0984088108776353,0.105717761840721,0.53973789020432,0.576726992054146
22.2049999999999,0,2.22961690122612,0.560699470389572,0.0984077338737786,0.105717761840721,0.539729162555306,0.57672699205415
22.2099999999999,0,2.22958271880764,0.560689943750354,0.098406659235889,0.105717761840721,0.539720453870139,0.576726992054154
22.2149999999999,0,2.22954861075519,0.560680437982526,0.0984055869587663,0.105717761840721,0.539711764108447,0.576726992054158
22.2199999999999,0,2.22951457690987,0.560670953040851,0.0984045170372218,0.105717761840721,0.53970309322994,0.576726992054162
22.2249999999999,0,2.2294806171131,0.560661488880189,0.0984034494660782,0.105717761840721,0.539694441194409,0.576726992054166
22.2299999999999,0,2.22944673120663,0.560652045455494,0.0984023842401695,0.105717761840721,0.539685807961726,0.57672699205417
22.2349999999999,0,2.2294129190325,0.560642622721814,0.0984013213543414,0.105717761840721,0.539677193491841,0.576726992054174
22.2399999999999,0,2.22937918043311,0.560633220634289,0.0984002608034506,0.105717761840721,0.539668597744786,0.576726992054179
22.2449999999999,0,2.22934551525116,0.560623839148155,0.0983992025823654,0.105717761840721,0.539660020680673,0.576726992054182
22.2499999999999,0,2.22931192332967,0.56061447821874,0.0983981466859653,0.105717761840721,0.539651462259692,0.576726992054186
22.2549999999999,0,2.22927840451198,0.560605137801467,0.098397093109141,0.105717761840721,0.539642922442116,0.57672699205419
22.2599999999999,0,2.22924495864173,0.560595817851849,0.0983960418467946,0.105717761840721,0.539634401188294,0.576726992054194
22.2649999999999,0,2.22921158556291,0.560586518325495,0.0983949928938394,0.105717761840721,0.539625898458657,0.576726992054198
22.2699999999999,0,2.22917828511981,0.560577239178106,0.0983939462451998,0.105717761840721,0.539617414213716,0.576726992054202
22.2749999999999,0,2.22914505715702,0.560567980365475,0.0983929018958114,0.105717761840721,0.539608948414058,0.576726992054206
22.2799999999999,0,2.22911190151948,0.560558741843487,0.0983918598406212,0.105717761840721,0.539600501020352,0.57672699205421
22.2849999999999,0,2.22907881805241,0.560549523568121,0.098390820074587,0.105717761840721,0.539592071993345,0.576726992054214
22.2899999999999,0,2.22904580660137,0.560540325495446,0.098389782592678,0.105717761840721,0.539583661293863,0.576726992054217
22.2949999999999,0,2.22901286701221,0.560531147581625,0.0983887473898741,0.105717761840721,0.53957526888281,0.576726992054221
22.2999999999999,0,2.22897999913113,0.560521989782912,0.0983877144611667,0.105717761840721,0.539566894721171,0.576726992054225
22.3049999999999,0,2.2289472028046,0.560512852055652,0.098386683801558,0.105717761840721,0.539558538770006,0.576726992054229
22.3099999999999,0,2.22891447787943,0.560503734356283,0.0983856554060611,0.105717761840721,0.539550200990457,0.576726992054232
22.3149999999999,0,2.22888182420273,0.560494636641331,0.0983846292697004,0.105717761840721,0.539541881343741,0.576726992054236
22.3199999999999,0,2.22884924162194,0.560485558867418,0.0983836053875109,0.105717761840721,0.539533579791155,0.57672699205424
22.3249999999999,0,2.22881672998478,0.560476500991252,0.0983825837545389,0.105717761840721,0.539525296294073,0.576726992054243
22.3299999999999,0,2.2287842891393,0.560467462969635,0.0983815643658412,0.105717761840721,0.539517030813948,0.576726992054247
22.3349999999999,0,2.22875191893385,0.560458444759458,0.098380547216486,0.105717761840721,0.539508783312311,0.57672699205425
22.3399999999999,0,2.22871961921711,0.560449446317705,0.0983795323015519,0.105717761840721,0.539500553750768,0.576726992054254
22.3449999999999,0,2.22868738983805,0.560440467601446,0.0983785196161285,0.105717761840721,0.539492342091005,0.576726992054257
22.3499999999999,0,2.22865523064594,0.560431508567846,0.0983775091553162,0.105717761840721,0.539484148294786,0.576726992054261
22.3549999999999,0,2.22862314149039,0.560422569174155,0.0983765009142264,0.105717761840721,0.539475972323948,0.576726992054264
22.3599999999999,0,2.22859112222127,0.560413649377716,0.0983754948879809,0.105717761840721,0.53946781414041,0.576726992054268
22.3649999999999,0,2.2285591726888,0.560404749135961,0.0983744910717126,0.105717761840721,0.539459673706165,0.576726992054271
22.3699999999999,0,2.22852729274348,0.560395868406412,0.0983734894605648,0.105717761840721,0.539451550983284,0.576726992054275
22.3749999999999,0,2.22849548223613,0.560387007146679,0.0983724900496917,0.105717761840721,0.539443445933915,0.576726992054278
22.3799999999999,0,2.22846374101787,0.56037816531446,0.0983714928342581,0.105717761840721,0.539435358520281,0.576726992054282
22.3849999999999,0,2.22843206894012,0.560369342867546,0.0983704978094395,0.105717761840721,0.539427288704683,0.576726992054285
22.3899999999999,0,2.2284004658546,0.560360539763814,0.0983695049704219,0.105717761840721,0.539419236449497,0.576726992054288
22.3949999999999,0,2.22836893161336,0.560351755961229,0.0983685143124021,0.105717761840721,0.539411201717178,0.576726992054292
22.3999999999999,0,2.22833746606871,0.560342991417845,0.0983675258305873,0.105717761840721,0.539403184470253,0.576726992054295
22.4049999999999,0,2.2283060690733,0.560334246091807,0.0983665395201953,0.105717761840721,0.539395184671329,0.576726992054298
22.4099999999999,0,2.22827474048006,0.560325519941343,0.0983655553764546,0.105717761840721,0.539387202283085,0.576726992054301
22.4149999999999,0,2.22824348014224,0.560316812924775,0.0983645733946038,0.105717761840721,0.539379237268279,0.576726992054305
22.4199999999999,0,2.22821228791336,0.560308125000507,0.0983635935698924,0.105717761840721,0.539371289589743,0.576726992054308
22.4249999999999,0,2.22818116364728,0.560299456127034,0.0983626158975802,0.105717761840721,0.539363359210384,0.576726992054311
22.4299999999999,0,2.22815010719812,0.560290806262938,0.0983616403729373,0.105717761840721,0.539355446093185,0.576726992054314
22.4349999999999,0,2.22811911842033,0.560282175366888,0.0983606669912445,0.105717761840721,0.539347550201205,0.576726992054317
22.4399999999999,0,2.22808819716865,0.56027356339764,0.0983596957477928,0.105717761840721,0.539339671497577,0.576726992054321
22.4449999999999,0,2.2280573432981,0.560264970314037,0.0983587266378836,0.105717761840721,0.539331809945509,0.576726992054324
22.4499999999999,0,2.22802655666402,0.560256396075009,0.0983577596568286,0.105717761840721,0.539323965508283,0.576726992054327
22.4549999999999,0,2.22799583712204,0.560247840639572,0.0983567947999499,0.105717761840721,0.539316138149258,0.57672699205433
22.4599999999999,0,2.22796518452809,0.56023930396683,0.0983558320625799,0.105717761840721,0.539308327831866,0.576726992054333
22.4649999999999,0,2.22793459873838,0.560230786015972,0.0983548714400612,0.105717761840721,0.539300534519613,0.576726992054336
22.4699999999999,0,2.22790407960944,0.560222286746274,0.0983539129277467,0.105717761840721,0.539292758176081,0.576726992054339
22.4749999999999,0,2.22787362699807,0.560213806117096,0.0983529565209996,0.105717761840721,0.539284998764924,0.576726992054342
22.4799999999999,0,2.22784324076139,0.560205344087887,0.0983520022151932,0.105717761840721,0.539277256249872,0.576726992054345
22.4849999999999,0,2.22781292075678,0.560196900618179,0.098351050005711,0.105717761840721,0.539269530594729,0.576726992054348
22.4899999999999,0,2.22778266684196,0.560188475667591,0.0983500998879466,0.105717761840721,0.53926182176337,0.576726992054351
22.4949999999999,0,2.22775247887489,0.560180069195827,0.098349151857304,0.105717761840721,0.539254129719747,0.576726992054354
22.4999999999999,0,2.22772235671387,0.560171681162676,0.098348205909197,0.105717761840721,0.539246454427883,0.576726992054357
22.5049999999999,0,2.22769230021747,0.560163311528012,0.0983472620390497,0.105717761840721,0.539238795851877,0.57672699205436
22.5099999999999,0,2.22766230924453,0.560154960251793,0.0983463202422963,0.105717761840721,0.5392311539559,0.576726992054363
22.5149999999999,0,2.22763238365423,0.560146627294064,0.0983453805143807,0.105717761840721,0.539223528704194,0.576726992054366
22.5199999999999,0,2.22760252330599,0.560138312614952,0.0983444428507574,0.105717761840721,0.539215920061079,0.576726992054368
22.5249999999999,0,2.22757272805956,0.56013001617467,0.0983435072468903,0.105717761840721,0.539208327990943,0.576726992054371
22.5299999999999,0,2.22754299777496,0.560121737933516,0.0983425736982537,0.105717761840721,0.539200752458249,0.576726992054374
22.5349999999999,0,2.22751333231249,0.560113477851869,0.0983416422003319,0.105717761840721,0.539193193427533,0.576726992054377
22.5399999999999,0,2.22748373153276,0.560105235890194,0.0983407127486187,0.105717761840721,0.539185650863404,0.576726992054379
22.5449999999999,0,2.22745419529665,0.56009701200904,0.0983397853386182,0.105717761840721,0.539178124730541,0.576726992054382
22.5499999999999,0,2.22742472346533,0.560088806169039,0.0983388599658444,0.105717761840721,0.539170614993697,0.576726992054385
22.5549999999999,0,2.22739531590028,0.560080618330906,0.0983379366258209,0.105717761840721,0.539163121617698,0.576726992054388
22.5599999999999,0,2.22736597246322,0.56007244845544,0.0983370153140814,0.105717761840721,0.53915564456744,0.57672699205439
22.5649999999999,0,2.2273366930162,0.560064296503522,0.0983360960261693,0.105717761840721,0.539148183807892,0.576726992054393
22.5699999999999,0,2.22730747742154,0.560056162436118,0.0983351787576379,0.105717761840721,0.539140739304095,0.576726992054396
22.5749999999999,0,2.22727832554182,0.560048046214275,0.0983342635040502,0.105717761840721,0.539133311021161,0.576726992054398
22.5799999999999,0,2.22724923723995,0.560039947799122,0.0983333502609791,0.105717761840721,0.539125898924274,0.576726992054401
22.5849999999999,0,2.22722021237909,0.560031867151873,0.0983324390240069,0.105717761840721,0.53911850297869,0.576726992054404
22.5899999999999,0,2.22719125082269,0.560023804233822,0.0983315297887262,0.105717761840721,0.539111123149735,0.576726992054406
22.5949999999999,0,2.22716235243449,0.560015759006347,0.0983306225507387,0.105717761840721,0.539103759402807,0.576726992054409
22.5999999999999,0,2.22713351707851,0.560007731430905,0.0983297173056561,0.105717761840721,0.539096411703374,0.576726992054411
22.6049999999999,0,2.22710474461904,0.559999721469039,0.0983288140490997,0.105717761840721,0.539089080016977,0.576726992054414
22.6099999999999,0,2.22707603492066,0.55999172908237,0.0983279127767006,0.105717761840721,0.539081764309226,0.576726992054417
22.6149999999999,0,2.22704738784823,0.559983754232603,0.0983270134840991,0.105717761840721,0.539074464545802,0.576726992054419
22.6199999999999,0,2.2270188032669,0.559975796881522,0.0983261161669456,0.105717761840721,0.539067180692456,0.576726992054422
22.6249999999999,0,2.22699028104209,0.559967856990995,0.0983252208208995,0.105717761840721,0.539059912715012,0.576726992054424
22.6299999999999,0,2.22696182103948,0.559959934522968,0.0983243274416304,0.105717761840721,0.539052660579361,0.576726992054427
22.6349999999999,0,2.22693342312507,0.559952029439471,0.0983234360248169,0.105717761840721,0.539045424251467,0.576726992054429
22.6399999999999,0,2.2269050871651,0.559944141702611,0.0983225465661473,0.105717761840721,0.539038203697361,0.576726992054432
22.6449999999999,0,2.2268768130261,0.55993627127458,0.0983216590613194,0.105717761840721,0.539030998883146,0.576726992054434
22.6499999999999,0,2.22684860057489,0.559928418117647,0.0983207735060406,0.105717761840721,0.539023809774995,0.576726992054436
22.6549999999999,0,2.22682044967856,0.559920582194163,0.0983198898960274,0.105717761840721,0.53901663633915,0.576726992054439
22.6599999999999,0,2.22679236020445,0.559912763466557,0.098319008227006,0.105717761840721,0.539009478541922,0.576726992054441
22.6649999999999,0,2.22676433202022,0.559904961897341,0.0983181284947119,0.105717761840721,0.539002336349692,0.576726992054444
22.6699999999999,0,2.22673636499377,0.559897177449105,0.0983172506948902,0.105717761840721,0.538995209728911,0.576726992054446
22.6749999999999,0,2.22670845899329,0.559889410084518,0.0983163748232949,0.105717761840721,0.538988098646099,0.576726992054448
22.6799999999999,0,2.22668061388724,0.559881659766329,0.0983155008756898,0.105717761840721,0.538981003067842,0.576726992054451
22.6849999999999,0,2.22665282954436,0.559873926457368,0.0983146288478477,0.105717761840721,0.5389739229608,0.576726992054453
22.6899999999999,0,2.22662510583364,0.559866210120542,0.0983137587355509,0.105717761840721,0.538966858291698,0.576726992054455
22.6949999999999,0,2.22659744262437,0.559858510718838,0.098312890534591,0.105717761840721,0.538959809027332,0.576726992054458
22.6999999999999,0,2.22656983978611,0.559850828215321,0.0983120242407686,0.105717761840721,0.538952775134565,0.57672699205446
22.7049999999999,0,2.22654229718867,0.559843162573137,0.0983111598498938,0.105717761840721,0.538945756580328,0.576726992054462
22.7099999999999,0,2.22651481470214,0.559835513755507,0.0983102973577858,0.105717761840721,0.538938753331623,0.576726992054464
22.7149999999999,0,2.22648739219689,0.559827881725733,0.0983094367602731,0.105717761840721,0.538931765355517,0.576726992054467
22.7199999999999,0,2.22646002954356,0.559820266447194,0.0983085780531933,0.105717761840721,0.538924792619147,0.576726992054469
22.7249999999999,0,2.22643272661304,0.559812667883349,0.098307721232393,0.105717761840721,0.538917835089718,0.576726992054471
22.7299999999999,0,2.22640548327651,0.559805085997733,0.0983068662937282,0.105717761840721,0.538910892734502,0.576726992054473
22.7349999999999,0,2.22637829940541,0.559797520753959,0.098306013233064,0.105717761840721,0.538903965520838,0.576726992054475
22.7399999999999,0,2.22635117487145,0.559789972115718,0.0983051620462744,0.105717761840721,0.538897053416135,0.576726992054478
22.7449999999999,0,2.2263241095466,0.559782440046778,0.0983043127292425,0.105717761840721,0.538890156387868,0.57672699205448
22.7499999999999,0,2.2262971033031,0.559774924510985,0.0983034652778607,0.105717761840721,0.538883274403578,0.576726992054482
22.7549999999999,0,2.22627015601346,0.559767425472263,0.0983026196880303,0.105717761840721,0.538876407430876,0.576726992054484
22.7599999999999,0,2.22624326755046,0.559759942894611,0.0983017759556614,0.105717761840721,0.538869555437437,0.576726992054486
22.7649999999999,0,2.22621643778714,0.559752476742105,0.0983009340766734,0.105717761840721,0.538862718391006,0.576726992054488
22.7699999999999,0,2.22618966659681,0.5597450269789,0.0983000940469945,0.105717761840721,0.538855896259394,0.57672699205449
22.7749999999999,0,2.22616295385302,0.559737593569226,0.0982992558625621,0.105717761840721,0.538849089010477,0.576726992054492
22.7799999999999,0,2.22613629942962,0.559730176477389,0.0982984195193221,0.105717761840721,0.538842296612198,0.576726992054494
22.7849999999999,0,2.22610970320071,0.559722775667772,0.0982975850132298,0.105717761840721,0.53883551903257,0.576726992054497
22.7899999999999,0,2.22608316504063,0.559715391104833,0.098296752340249,0.105717761840721,0.538828756239667,0.576726992054499
22.7949999999999,0,2.22605668482402,0.559708022753107,0.0982959214963526,0.105717761840721,0.538822008201633,0.576726992054501
22.7999999999999,0,2.22603026242576,0.559700670577206,0.0982950924775224,0.105717761840721,0.538815274886676,0.576726992054503
22.8049999999999,0,2.22600389772099,0.559693334541816,0.0982942652797488,0.105717761840721,0.538808556263073,0.576726992054505
22.8099999999999,0,2.22597759058513,0.559686014611698,0.0982934398990312,0.105717761840721,0.538801852299163,0.576726992054507
22.8149999999999,0,2.22595134089383,0.559678710751689,0.0982926163313777,0.105717761840721,0.538795162963354,0.576726992054509
22.8199999999999,0,2.22592514852302,0.559671422926702,0.0982917945728054,0.105717761840721,0.538788488224117,0.57672699205451
22.8249999999999,0,2.2258990133489,0.559664151101725,0.0982909746193399,0.105717761840721,0.53878182804999,0.576726992054512
22.8299999999999,0,2.2258729352479,0.559656895241819,0.0982901564670156,0.105717761840721,0.538775182409576,0.576726992054514
22.8349999999999,0,2.22584691409673,0.559649655312122,0.0982893401118757,0.105717761840721,0.538768551271545,0.576726992054516
22.8399999999999,0,2.22582094977236,0.559642431277845,0.0982885255499722,0.105717761840721,0.538761934604628,0.576726992054518
22.8449999999999,0,2.225795042152,0.559635223104276,0.0982877127773654,0.105717761840721,0.538755332377626,0.57672699205452
22.8499999999999,0,2.22576919111312,0.559628030756773,0.0982869017901246,0.105717761840721,0.538748744559401,0.576726992054522
22.8549999999999,0,2.22574339653347,0.559620854200773,0.0982860925843277,0.105717761840721,0.538742171118881,0.576726992054524
22.8599999999999,0,2.22571765829104,0.559613693401784,0.0982852851560612,0.105717761840721,0.538735612025061,0.576726992054526
22.8649999999999,0,2.22569197626406,0.559606548325387,0.0982844795014201,0.105717761840721,0.538729067246996,0.576726992054528
22.8699999999999,0,2.22566635033103,0.559599418937241,0.0982836756165081,0.105717761840721,0.53872253675381,0.576726992054529
22.8749999999999,0,2.22564078037072,0.559592305203074,0.0982828734974374,0.105717761840721,0.538716020514688,0.576726992054531
22.8799999999999,0,2.22561526626213,0.55958520708869,0.0982820731403289,0.105717761840721,0.538709518498881,0.576726992054533
22.8849999999999,0,2.22558980788452,0.559578124559966,0.0982812745413119,0.105717761840721,0.538703030675703,0.576726992054535
22.8899999999999,0,2.22556440511741,0.559571057582851,0.0982804776965241,0.105717761840721,0.538696557014533,0.576726992054537
22.8949999999999,0,2.22553905784057,0.559564006123368,0.098279682602112,0.105717761840721,0.538690097484813,0.576726992054538
22.8999999999999,0,2.22551376593402,0.559556970147613,0.0982788892542304,0.105717761840721,0.53868365205605,0.57672699205454
22.9049999999999,0,2.22548852927802,0.559549949621754,0.0982780976490423,0.105717761840721,0.538677220697812,0.576726992054542
22.9099999999999,0,2.22546334775311,0.559542944512031,0.0982773077827197,0.105717761840721,0.538670803379733,0.576726992054544
22.9149999999999,0,2.22543822124007,0.559535954784759,0.0982765196514425,0.105717761840721,0.538664400071509,0.576726992054545
22.9199999999999,0,2.2254131496199,0.559528980406323,0.0982757332513994,0.105717761840721,0.538658010742901,0.576726992054547
22.9249999999999,0,2.2253881327739,0.55952202134318,0.0982749485787871,0.105717761840721,0.53865163536373,0.576726992054549
22.9299999999999,0,2.22536317058357,0.55951507756186,0.098274165629811,0.105717761840721,0.538645273903883,0.576726992054551
22.9349999999999,0,2.2253382629307,0.559508149028965,0.0982733844006846,0.105717761840721,0.538638926333309,0.576726992054552
22.9399999999999,0,2.22531340969731,0.559501235711168,0.0982726048876298,0.105717761840721,0.538632592622019,0.576726992054554
22.9449999999999,0,2.22528861076567,0.559494337575213,0.098271827086877,0.105717761840721,0.538626272740086,0.576726992054556
22.9499999999999,0,2.22526386601829,0.559487454587917,0.0982710509946645,0.105717761840721,0.538619966657649,0.576726992054557
22.9549999999999,0,2.22523917533794,0.559480586716166,0.0982702766072393,0.105717761840721,0.538613674344906,0.576726992054559
22.9599999999999,0,2.22521453860762,0.55947373392692,0.0982695039208563,0.105717761840721,0.538607395772118,0.576726992054561
22.9649999999999,0,2.2251899557106,0.559466896187208,0.0982687329317788,0.105717761840721,0.538601130909609,0.576726992054562
22.9699999999998,0,2.22516542653037,0.55946007346413,0.0982679636362783,0.105717761840721,0.538594879727765,0.576726992054564
22.9749999999999,0,2.22514095095068,0.559453265724857,0.0982671960306345,0.105717761840721,0.538588642197033,0.576726992054566
22.9799999999999,0,2.22511652885553,0.559446472936631,0.0982664301111353,0.105717761840721,0.538582418287923,0.576726992054567
22.9849999999999,0,2.22509216012915,0.559439695066764,0.0982656658740767,0.105717761840721,0.538576207971006,0.576726992054569
22.9899999999999,0,2.22506784465602,0.559432932082637,0.0982649033157629,0.105717761840721,0.538570011216915,0.57672699205457
22.9949999999999,0,2.22504358232086,0.559426183951703,0.0982641424325061,0.105717761840721,0.538563827996343,0.576726992054572
22.9999999999999,0,2.22501937300864,0.559419450641484,0.0982633832206269,0.105717761840721,0.538557658280047,0.576726992054574
23.0049999999998,0,2.22499521660456,0.559412732119573,0.0982626256764536,0.105717761840721,0.538551502038843,0.576726992054575
23.0099999999998,0,2.22497111299407,0.55940602835363,0.0982618697963228,0.105717761840721,0.53854535924361,0.576726992054577
23.0149999999999,0,2.22494706206287,0.559399339311389,0.0982611155765793,0.105717761840721,0.538539229865287,0.576726992054578
23.0199999999999,0,2.22492306369689,0.559392664960648,0.0982603630135756,0.105717761840721,0.538533113874873,0.57672699205458
23.0249999999998,0,2.2248991177823,0.559386005269278,0.0982596121036724,0.105717761840721,0.538527011243429,0.576726992054581
23.0299999999999,0,2.22487522420551,0.559379360205219,0.0982588628432384,0.105717761840721,0.538520921942076,0.576726992054583
23.0349999999999,0,2.22485138285317,0.559372729736478,0.0982581152286503,0.105717761840721,0.538514845941998,0.576726992054584
23.0399999999998,0,2.22482759361217,0.559366113831132,0.0982573692562927,0.105717761840721,0.538508783214435,0.576726992054586
23.0449999999998,0,2.22480385636964,0.559359512457328,0.0982566249225581,0.105717761840721,0.53850273373069,0.576726992054587
23.0499999999998,0,2.22478017101296,0.559352925583278,0.0982558822238471,0.105717761840721,0.538496697462128,0.576726992054589
23.0549999999999,0,2.22475653742972,0.559346353177267,0.0982551411565681,0.105717761840721,0.53849067438017,0.57672699205459
23.0599999999998,0,2.22473295550776,0.559339795207644,0.0982544017171374,0.105717761840721,0.5384846644563,0.576726992054592
23.0649999999998,0,2.22470942513517,0.559333251642829,0.0982536639019792,0.105717761840721,0.53847866766206,0.576726992054593
23.0699999999999,0,2.22468594620026,0.55932672245131,0.0982529277075255,0.105717761840721,0.538472683969054,0.576726992054595
23.0749999999999,0,2.22466251859158,0.55932020760164,0.0982521931302164,0.105717761840721,0.538466713348943,0.576726992054596
23.0799999999998,0,2.22463914219792,0.559313707062444,0.0982514601664994,0.105717761840721,0.53846075577345,0.576726992054597
23.0849999999998,0,2.2246158169083,0.55930722080241,0.0982507288128301,0.105717761840721,0.538454811214355,0.576726992054599
23.0899999999998,0,2.22459254261196,0.559300748790298,0.0982499990656719,0.105717761840721,0.5384488796435,0.5767269920546
23.0949999999998,0,2.22456931919842,0.559294290994931,0.0982492709214958,0.105717761840721,0.538442961032784,0.576726992054602
23.0999999999998,0,2.22454614655737,0.559287847385203,0.0982485443767807,0.105717761840721,0.538437055354165,0.576726992054603
23.1049999999998,0,2.22452302457879,0.559281417930073,0.0982478194280131,0.105717761840721,0.538431162579662,0.576726992054604
23.1099999999999,0,2.22449995315286,0.559275002598566,0.0982470960716875,0.105717761840721,0.538425282681351,0.576726992054606
23.1149999999998,0,2.22447693216999,0.559268601359777,0.0982463743043059,0.105717761840721,0.538419415631367,0.576726992054607
23.1199999999998,0,2.22445396152085,0.559262214182864,0.0982456541223778,0.105717761840721,0.538413561401905,0.576726992054609
23.1249999999998,0,2.22443104109632,0.559255841037054,0.0982449355224209,0.105717761840721,0.538407719965217,0.57672699205461
23.1299999999998,0,2.22440817078751,0.559249481891639,0.0982442185009599,0.105717761840721,0.538401891293614,0.576726992054611
23.1349999999998,0,2.22438535048576,0.559243136715979,0.0982435030545278,0.105717761840721,0.538396075359465,0.576726992054613
23.1399999999998,0,2.22436258008265,0.559236805479498,0.0982427891796647,0.105717761840721,0.538390272135197,0.576726992054614
23.1449999999998,0,2.22433985946999,0.559230488151686,0.0982420768729186,0.105717761840721,0.538384481593296,0.576726992054615
23.1499999999998,0,2.2243171885398,0.559224184702101,0.0982413661308449,0.105717761840721,0.538378703706305,0.576726992054616
23.1549999999998,0,2.22429456718436,0.559217895100365,0.0982406569500068,0.105717761840721,0.538372938446825,0.576726992054618
23.1599999999998,0,2.22427199529614,0.559211619316166,0.0982399493269748,0.105717761840721,0.538367185787515,0.576726992054619
23.1649999999998,0,2.22424947276786,0.559205357319257,0.0982392432583271,0.105717761840721,0.538361445701093,0.57672699205462
23.1699999999998,0,2.22422699949247,0.559199109079456,0.0982385387406494,0.105717761840721,0.53835571816033,0.576726992054622
23.1749999999998,0,2.22420457536315,0.559192874566648,0.0982378357705348,0.105717761840721,0.53835000313806,0.576726992054623
23.1799999999998,0,2.22418220027328,0.559186653750782,0.0982371343445841,0.105717761840721,0.538344300607171,0.576726992054624
23.1849999999998,0,2.2241598741165,0.55918044660187,0.0982364344594053,0.105717761840721,0.538338610540609,0.576726992054625
23.1899999999998,0,2.22413759678664,0.559174253089992,0.0982357361116142,0.105717761840721,0.538332932911376,0.576726992054627
23.1949999999998,0,2.22411536817779,0.55916807318529,0.0982350392978336,0.105717761840721,0.538327267692533,0.576726992054628
23.1999999999998,0,2.22409318818424,0.559161906857972,0.0982343440146941,0.105717761840721,0.538321614857196,0.576726992054629
23.2049999999998,0,2.22407105670052,0.55915575407831,0.0982336502588334,0.105717761840721,0.538315974378538,0.57672699205463
23.2099999999998,0,2.22404897362136,0.559149614816639,0.098232958026897,0.105717761840721,0.53831034622979,0.576726992054632
23.2149999999998,0,2.22402693884175,0.559143489043362,0.0982322673155374,0.105717761840721,0.538304730384239,0.576726992054633
23.2199999999998,0,2.22400495225686,0.55913737672894,0.0982315781214146,0.105717761840721,0.538299126815227,0.576726992054634
23.2249999999998,0,2.22398301376212,0.559131277843903,0.0982308904411959,0.105717761840721,0.538293535496153,0.576726992054635
23.2299999999998,0,2.22396112325316,0.559125192358842,0.0982302042715559,0.105717761840721,0.538287956400472,0.576726992054636
23.2349999999998,0,2.22393928062584,0.559119120244412,0.0982295196091767,0.105717761840721,0.538282389501698,0.576726992054638
23.2399999999998,0,2.22391748577624,0.559113061471332,0.0982288364507475,0.105717761840721,0.538276834773396,0.576726992054639
23.2449999999998,0,2.22389573860065,0.559107016010384,0.0982281547929647,0.105717761840721,0.53827129218919,0.57672699205464
23.2499999999998,0,2.2238740389956,0.559100983832413,0.0982274746325322,0.105717761840721,0.538265761722759,0.576726992054641
23.2549999999998,0,2.22385238685782,0.559094964908327,0.098226795966161,0.105717761840721,0.538260243347838,0.576726992054642
23.2599999999998,0,2.22383078208428,0.559088959209098,0.0982261187905693,0.105717761840721,0.538254737038217,0.576726992054643
23.2649999999998,0,2.22380922457214,0.559082966705759,0.0982254431024827,0.105717761840721,0.538249242767742,0.576726992054644
23.2699999999998,0,2.22378771421881,0.559076987369407,0.0982247688986338,0.105717761840721,0.538243760510313,0.576726992054646
23.2749999999998,0,2.22376625092189,0.559071021171201,0.0982240961757624,0.105717761840721,0.538238290239887,0.576726992054647
23.2799999999998,0,2.22374483457923,0.559065068082362,0.0982234249306156,0.105717761840721,0.538232831930475,0.576726992054648
23.2849999999998,0,2.22372346508886,0.559059128074174,0.0982227551599475,0.105717761840721,0.538227385556142,0.576726992054649
23.2899999999998,0,2.22370214234905,0.559053201117984,0.0982220868605194,0.105717761840721,0.538221951091011,0.57672699205465
23.2949999999998,0,2.22368086625828,0.559047287185198,0.0982214200290997,0.105717761840721,0.538216528509257,0.576726992054651
23.2999999999998,0,2.22365963671525,0.559041386247286,0.098220754662464,0.105717761840721,0.53821111778511,0.576726992054652
23.3049999999998,0,2.22363845361886,0.559035498275781,0.0982200907573947,0.105717761840721,0.538205718892855,0.576726992054653
23.3099999999998,0,2.22361731686826,0.559029623242275,0.0982194283106817,0.105717761840721,0.538200331806833,0.576726992054654
23.3149999999998,0,2.22359622636277,0.559023761118423,0.0982187673191216,0.105717761840721,0.538194956501436,0.576726992054655
23.3199999999998,0,2.22357518200196,0.55901791187594,0.0982181077795182,0.105717761840721,0.538189592951113,0.576726992054656
23.3249999999998,0,2.22355418368559,0.559012075486605,0.0982174496886822,0.105717761840721,0.538184241130367,0.576726992054657
23.3299999999998,0,2.22353323131364,0.559006251922255,0.0982167930434315,0.105717761840721,0.538178901013752,0.576726992054658
23.3349999999998,0,2.22351232478631,0.559000441154789,0.0982161378405909,0.105717761840721,0.53817357257588,0.576726992054659
23.3399999999998,0,2.22349146400401,0.558994643156169,0.0982154840769921,0.105717761840721,0.538168255791414,0.576726992054661
23.3449999999998,0,2.22347064886736,0.558988857898414,0.0982148317494738,0.105717761840721,0.538162950635072,0.576726992054662
23.3499999999998,0,2.22344987927718,0.558983085353606,0.0982141808548817,0.105717761840721,0.538157657081625,0.576726992054663
23.3549999999998,0,2.22342915513452,0.558977325493888,0.0982135313900685,0.105717761840721,0.538152375105899,0.576726992054664
23.3599999999998,0,2.22340847634064,0.558971578291462,0.0982128833518936,0.105717761840721,0.53814710468277,0.576726992054665
23.3649999999998,0,2.22338784279698,0.558965843718589,0.0982122367372234,0.105717761840721,0.53814184578717,0.576726992054666
23.3699999999998,0,2.22336725440524,0.558960121747594,0.0982115915429314,0.105717761840721,0.538136598394084,0.576726992054667
23.3749999999998,0,2.22334671106729,0.558954412350858,0.0982109477658975,0.105717761840721,0.53813136247855,0.576726992054668
23.3799999999998,0,2.22332621268522,0.558948715500824,0.098210305403009,0.105717761840721,0.538126138015658,0.576726992054669
23.3849999999998,0,2.22330575916133,0.558943031169995,0.0982096644511597,0.105717761840721,0.538120924980551,0.57672699205467
23.3899999999998,0,2.22328535039812,0.558937359330932,0.0982090249072502,0.105717761840721,0.538115723348427,0.57672699205467
23.3949999999998,0,2.22326498629833,0.558931699956257,0.0982083867681881,0.105717761840721,0.538110533094532,0.576726992054671
23.3999999999998,0,2.22324466676486,0.55892605301865,0.0982077500308876,0.105717761840721,0.53810535419417,0.576726992054672
23.4049999999998,0,2.22322439170085,0.558920418490851,0.0982071146922699,0.105717761840721,0.538100186622694,0.576726992054673
23.4099999999998,0,2.22320416100963,0.55891479634566,0.0982064807492629,0.105717761840721,0.538095030355509,0.576726992054674
23.4149999999998,0,2.22318397459476,0.558909186555934,0.098205848198801,0.105717761840721,0.538089885368075,0.576726992054675
23.4199999999998,0,2.22316383235996,0.55890358909459,0.0982052170378257,0.105717761840721,0.538084751635902,0.576726992054676
23.4249999999998,0,2.22314373420921,0.558898003934605,0.098204587263285,0.105717761840721,0.538079629134552,0.576726992054677
23.4299999999998,0,2.22312368004665,0.558892431049011,0.0982039588721337,0.105717761840721,0.53807451783964,0.576726992054678
23.4349999999998,0,2.22310366977666,0.558886870410903,0.0982033318613333,0.105717761840721,0.538069417726832,0.576726992054679
23.4399999999998,0,2.22308370330379,0.558881321993431,0.0982027062278517,0.105717761840721,0.538064328771847,0.57672699205468
23.4449999999998,0,2.22306378053282,0.558875785769804,0.098202081968664,0.105717761840721,0.538059250950454,0.576726992054681
23.4499999999998,0,2.22304390136872,0.55887026171329,0.0982014590807514,0.105717761840721,0.538054184238473,0.576726992054682
23.4549999999998,0,2.22302406571666,0.558864749797215,0.0982008375611021,0.105717761840721,0.538049128611778,0.576726992054683
23.4599999999998,0,2.22300427348204,0.558859249994963,0.0982002174067107,0.105717761840721,0.538044084046293,0.576726992054683
23.4649999999998,0,2.22298452457042,0.558853762279973,0.0981995986145786,0.105717761840721,0.538039050517992,0.576726992054684
23.4699999999998,0,2.22296481888759,0.558848286625746,0.0981989811817136,0.105717761840721,0.538034028002902,0.576726992054685
23.4749999999998,0,2.22294515633953,0.558842823005837,0.0981983651051302,0.105717761840721,0.538029016477099,0.576726992054686
23.4799999999998,0,2.22292553683243,0.55883737139386,0.0981977503818495,0.105717761840721,0.538024015916713,0.576726992054687
23.4849999999998,0,2.22290596027268,0.558831931763487,0.0981971370088988,0.105717761840721,0.538019026297921,0.576726992054688
23.4899999999998,0,2.22288642656684,0.558826504088445,0.0981965249833125,0.105717761840721,0.538014047596954,0.576726992054689
23.4949999999998,0,2.22286693562173,0.55882108834252,0.0981959143021309,0.105717761840721,0.538009079790091,0.57672699205469
23.4999999999998,0,2.2228474873443,0.558815684499554,0.0981953049624014,0.105717761840721,0.538004122853663,0.57672699205469
23.5049999999998,0,2.22282808164175,0.558810292533447,0.0981946969611775,0.105717761840721,0.537999176764051,0.576726992054691
23.5099999999998,0,2.22280871842146,0.558804912418153,0.0981940902955191,0.105717761840721,0.537994241497687,0.576726992054692
23.5149999999998,0,2.222789397591,0.558799544127685,0.098193484962493,0.105717761840721,0.537989317031052,0.576726992054693
23.5199999999998,0,2.22277011905815,0.558794187636112,0.098192880959172,0.105717761840721,0.537984403340678,0.576726992054694
23.5249999999998,0,2.22275088273089,0.558788842917558,0.0981922782826356,0.105717761840721,0.537979500403145,0.576726992054695
23.5299999999998,0,2.22273168851737,0.558783509946206,0.0981916769299695,0.105717761840721,0.537974608195087,0.576726992054695
23.5349999999998,0,2.22271253632598,0.558778188696293,0.0981910768982661,0.105717761840721,0.537969726693183,0.576726992054696
23.5399999999998,0,2.22269342606527,0.558772879142111,0.0981904781846239,0.105717761840721,0.537964855874165,0.576726992054697
23.5449999999998,0,2.222674357644,0.55876758125801,0.0981898807861478,0.105717761840721,0.537959995714814,0.576726992054698
23.5499999999998,0,2.22265533097112,0.558762295018395,0.0981892846999494,0.105717761840721,0.537955146191959,0.576726992054699
23.5549999999998,0,2.22263634595577,0.558757020397727,0.0981886899231462,0.105717761840721,0.537950307282481,0.576726992054699
23.5599999999998,0,2.22261740250731,0.558751757370521,0.0981880964528623,0.105717761840721,0.537945478963307,0.5767269920547
23.5649999999998,0,2.22259850053526,0.55874650591135,0.098187504286228,0.105717761840721,0.537940661211416,0.576726992054701
23.5699999999998,0,2.22257963994936,0.558741265994839,0.09818691342038,0.105717761840721,0.537935854003834,0.576726992054702
23.5749999999998,0,2.22256082065953,0.558736037595672,0.0981863238524613,0.105717761840721,0.537931057317639,0.576726992054703
23.5799999999998,0,2.22254204257587,0.558730820688584,0.098185735579621,0.105717761840721,0.537926271129954,0.576726992054703
23.5849999999998,0,2.22252330560871,0.558725615248368,0.0981851485990146,0.105717761840721,0.537921495417953,0.576726992054704
23.5899999999998,0,2.22250460966854,0.55872042124987,0.0981845629078038,0.105717761840721,0.537916730158859,0.576726992054705
23.5949999999998,0,2.22248595466605,0.558715238667992,0.0981839785031567,0.105717761840721,0.537911975329943,0.576726992054706
23.5999999999998,0,2.22246734051212,0.55871006747769,0.0981833953822474,0.105717761840721,0.537907230908524,0.576726992054706
23.6049999999998,0,2.22244876711783,0.558704907653974,0.0981828135422563,0.105717761840721,0.537902496871971,0.576726992054707
23.6099999999998,0,2.22243023439444,0.558699759171909,0.09818223298037,0.105717761840721,0.537897773197699,0.576726992054708
23.6149999999998,0,2.22241174225341,0.558694622006614,0.0981816536937812,0.105717761840721,0.537893059863173,0.576726992054708
23.6199999999998,0,2.22239329060637,0.558689496133262,0.098181075679689,0.105717761840721,0.537888356845905,0.576726992054709
23.6249999999998,0,2.22237487936516,0.558684381527081,0.0981804989352984,0.105717761840721,0.537883664123457,0.57672699205471
23.6299999999998,0,2.2223565084418,0.558679278163352,0.0981799234578206,0.105717761840721,0.537878981673436,0.576726992054711
23.6349999999998,0,2.2223381777485,0.558674186017409,0.098179349244473,0.105717761840721,0.537874309473499,0.576726992054711
23.6399999999998,0,2.22231988719767,0.55866910506464,0.098178776292479,0.105717761840721,0.53786964750135,0.576726992054712
23.6449999999998,0,2.22230163670187,0.558664035280489,0.0981782045990683,0.105717761840721,0.537864995734741,0.576726992054713
23.6499999999998,0,2.2222834261739,0.55865897664045,0.0981776341614765,0.105717761840721,0.537860354151471,0.576726992054714
23.6549999999998,0,2.2222652555267,0.558653929120073,0.0981770649769453,0.105717761840721,0.537855722729386,0.576726992054714
23.6599999999998,0,2.22224712467343,0.558648892694959,0.0981764970427225,0.105717761840721,0.537851101446381,0.576726992054715
23.6649999999998,0,2.22222903352742,0.558643867340764,0.0981759303560619,0.105717761840721,0.537846490280397,0.576726992054716
23.6699999999998,0,2.22221098200219,0.558638853033195,0.0981753649142235,0.105717761840721,0.537841889209422,0.576726992054716
23.6749999999998,0,2.22219297001143,0.558633849748015,0.0981748007144731,0.105717761840721,0.537837298211492,0.576726992054717
23.6799999999998,0,2.22217499746905,0.558628857461036,0.0981742377540825,0.105717761840721,0.537832717264689,0.576726992054718
23.6849999999998,0,2.22215706428911,0.558623876148125,0.0981736760303298,0.105717761840721,0.537828146347142,0.576726992054718
23.6899999999998,0,2.22213917038588,0.558618905785202,0.0981731155404987,0.105717761840721,0.537823585437028,0.576726992054719
23.6949999999998,0,2.22212131567378,0.558613946348237,0.098172556281879,0.105717761840721,0.537819034512569,0.57672699205472
23.6999999999998,0,2.22210350006746,0.558608997813254,0.0981719982517667,0.105717761840721,0.537814493552034,0.57672699205472
23.7049999999998,0,2.22208572348172,0.55860406015633,0.0981714414474633,0.105717761840721,0.537809962533739,0.576726992054721
23.7099999999998,0,2.22206798583155,0.558599133353593,0.0981708858662766,0.105717761840721,0.537805441436048,0.576726992054722
23.7149999999998,0,2.22205028703213,0.558594217381222,0.0981703315055201,0.105717761840721,0.537800930237367,0.576726992054722
23.7199999999998,0,2.2220326269988,0.55858931221545,0.0981697783625134,0.105717761840721,0.537796428916151,0.576726992054723
23.7249999999998,0,2.22201500564712,0.558584417832559,0.0981692264345816,0.105717761840721,0.537791937450902,0.576726992054724
23.7299999999998,0,2.22199742289279,0.558579534208887,0.0981686757190562,0.105717761840721,0.537787455820166,0.576726992054724
23.7349999999998,0,2.22197987865172,0.55857466132082,0.0981681262132741,0.105717761840721,0.537782984002537,0.576726992054725
23.7399999999998,0,2.22196237283999,0.558569799144795,0.0981675779145784,0.105717761840721,0.537778521976651,0.576726992054725
23.7449999999998,0,2.22194490537386,0.558564947657304,0.0981670308203178,0.105717761840721,0.537774069721195,0.576726992054726
23.7499999999998,0,2.22192747616977,0.558560106834886,0.0981664849278469,0.105717761840721,0.537769627214897,0.576726992054727
23.7549999999998,0,2.22191008514434,0.558555276654134,0.0981659402345261,0.105717761840721,0.537765194436533,0.576726992054727
23.7599999999998,0,2.22189273221437,0.558550457091691,0.0981653967377217,0.105717761840721,0.537760771364925,0.576726992054728
23.7649999999998,0,2.22187541729684,0.558545648124251,0.0981648544348057,0.105717761840721,0.537756357978938,0.576726992054729
23.7699999999998,0,2.22185814030891,0.558540849728559,0.0981643133231557,0.105717761840721,0.537751954257484,0.576726992054729
23.7749999999998,0,2.22184090116789,0.55853606188141,0.0981637734001555,0.105717761840721,0.53774756017952,0.57672699205473
23.7799999999998,0,2.22182369979133,0.558531284559651,0.0981632346631942,0.105717761840721,0.537743175724047,0.57672699205473
23.7849999999998,0,2.22180653609688,0.558526517740177,0.0981626971096669,0.105717761840721,0.537738800870113,0.576726992054731
23.7899999999998,0,2.22178941000244,0.558521761399936,0.0981621607369742,0.105717761840721,0.537734435596809,0.576726992054732
23.7949999999998,0,2.22177232142603,0.558517015515925,0.0981616255425228,0.105717761840721,0.537730079883271,0.576726992054732
23.7999999999998,0,2.22175527028587,0.558512280065191,0.0981610915237246,0.105717761840721,0.537725733708682,0.576726992054733
23.8049999999998,0,2.22173825650037,0.558507555024832,0.0981605586779975,0.105717761840721,0.537721397052267,0.576726992054733
23.8099999999998,0,2.22172127998809,0.558502840371994,0.0981600270027651,0.105717761840721,0.537717069893295,0.576726992054734
23.8149999999998,0,2.22170434066777,0.558498136083875,0.0981594964954565,0.105717761840721,0.537712752211083,0.576726992054734
23.8199999999998,0,2.22168743845833,0.558493442137722,0.0981589671535065,0.105717761840721,0.537708443984989,0.576726992054735
23.8249999999998,0,2.22167057327888,0.558488758510831,0.0981584389743555,0.105717761840721,0.537704145194417,0.576726992054736
23.8299999999998,0,2.22165374504867,0.558484085180549,0.0981579119554496,0.105717761840721,0.537699855818815,0.576726992054736
23.8349999999998,0,2.22163695368715,0.558479422124269,0.0981573860942405,0.105717761840721,0.537695575837674,0.576726992054737
23.8399999999998,0,2.22162019911393,0.558474769319438,0.0981568613881855,0.105717761840721,0.53769130523053,0.576726992054737
23.8449999999998,0,2.2216034812488,0.558470126743549,0.0981563378347474,0.105717761840721,0.537687043976963,0.576726992054738
23.8499999999998,0,2.22158680001172,0.558465494374144,0.0981558154313946,0.105717761840721,0.537682792056595,0.576726992054738
23.8549999999998,0,2.22157015532282,0.558460872188817,0.0981552941756012,0.105717761840721,0.537678549449095,0.576726992054739
23.8599999999998,0,2.22155354710241,0.558456260165207,0.0981547740648467,0.105717761840721,0.537674316134173,0.576726992054739
23.8649999999998,0,2.22153697527097,0.558451658281005,0.0981542550966161,0.105717761840721,0.537670092091584,0.57672699205474
23.8699999999998,0,2.22152043974913,0.558447066513948,0.0981537372684001,0.105717761840721,0.537665877301125,0.576726992054741
23.8749999999998,0,2.22150394045772,0.558442484841824,0.0981532205776948,0.105717761840721,0.537661671742637,0.576726992054741
23.8799999999998,0,2.22148747731773,0.558437913242468,0.0981527050220017,0.105717761840721,0.537657475396005,0.576726992054742
23.8849999999998,0,2.22147105025031,0.558433351693763,0.098152190598828,0.105717761840721,0.537653288241156,0.576726992054742
23.8899999999998,0,2.22145465917679,0.558428800173642,0.0981516773056862,0.105717761840721,0.537649110258062,0.576726992054743
23.8949999999998,0,2.22143830401867,0.558424258660085,0.0981511651400945,0.105717761840721,0.537644941426736,0.576726992054743
23.8999999999998,0,2.22142198469762,0.558419727131119,0.0981506540995763,0.105717761840721,0.537640781727234,0.576726992054744
23.9049999999998,0,2.22140570113546,0.558415205564821,0.0981501441816604,0.105717761840721,0.537636631139657,0.576726992054744
23.9099999999998,0,2.22138945325421,0.558410693939315,0.0981496353838814,0.105717761840721,0.537632489644146,0.576726992054745
23.9149999999998,0,2.22137324097603,0.558406192232773,0.0981491277037788,0.105717761840721,0.537628357220886,0.576726992054745
23.9199999999998,0,2.22135706422327,0.558401700423414,0.0981486211388981,0.105717761840721,0.537624233850104,0.576726992054746
23.9249999999998,0,2.22134092291842,0.558397218489504,0.0981481156867896,0.105717761840721,0.537620119512072,0.576726992054746
23.9299999999998,0,2.22132481698417,0.55839274640936,0.0981476113450093,0.105717761840721,0.5376160141871,0.576726992054747
23.9349999999998,0,2.22130874634335,0.558388284161341,0.0981471081111187,0.105717761840721,0.537611917855545,0.576726992054747
23.9399999999998,0,2.22129271091896,0.558383831723857,0.0981466059826842,0.105717761840721,0.537607830497801,0.576726992054748
23.9449999999998,0,2.22127671063419,0.558379389075364,0.098146104957278,0.105717761840721,0.537603752094309,0.576726992054748
23.9499999999998,0,2.22126074541236,0.558374956194366,0.0981456050324774,0.105717761840721,0.53759968262555,0.576726992054749
23.9549999999998,0,2.22124481517698,0.558370533059412,0.0981451062058651,0.105717761840721,0.537595622072047,0.576726992054749
23.9599999999998,0,2.22122891985171,0.5583661196491,0.0981446084750291,0.105717761840721,0.537591570414363,0.57672699205475
23.9649999999998,0,2.22121305936039,0.558361715942072,0.0981441118375626,0.105717761840721,0.537587527633107,0.57672699205475
23.9699999999998,0,2.22119723362702,0.558357321917019,0.0981436162910642,0.105717761840721,0.537583493708927,0.576726992054751
23.9749999999998,0,2.22118144257575,0.558352937552679,0.0981431218331378,0.105717761840721,0.537579468622512,0.576726992054751
23.9799999999998,0,2.2211656861309,0.558348562827835,0.0981426284613924,0.105717761840721,0.537575452354594,0.576726992054752
23.9849999999998,0,2.22114996421697,0.558344197721315,0.0981421361734424,0.105717761840721,0.537571444885945,0.576726992054752
23.9899999999998,0,2.2211342767586,0.558339842211996,0.0981416449669074,0.105717761840721,0.537567446197381,0.576726992054752
23.9949999999998,0,2.2211186236806,0.5583354962788,0.0981411548394123,0.105717761840721,0.537563456269757,0.576726992054753
23.9999999999998,0,2.22110300490795,0.558331159900695,0.098140665788587,0.105717761840721,0.53755947508397,0.576726992054753
24.0049999999998,0,2.22108742036578,0.558326833056696,0.0981401778120668,0.105717761840721,0.537555502620956,0.576726992054754
24.0099999999998,0,2.2210718699794,0.558322515725861,0.0981396909074921,0.105717761840721,0.537551538861697,0.576726992054754
24.0149999999998,0,2.22105635367425,0.558318207887297,0.0981392050725087,0.105717761840721,0.53754758378721,0.576726992054755
24.0199999999998,0,2.22104087137596,0.558313909520155,0.0981387203047672,0.105717761840721,0.537543637378557,0.576726992054755
24.0249999999998,0,2.2210254230103,0.558309620603631,0.0981382366019236,0.105717761840721,0.537539699616839,0.576726992054756
24.0299999999998,0,2.22101000850322,0.558305341116968,0.098137753961639,0.105717761840721,0.537535770483199,0.576726992054756
24.0349999999998,0,2.22099462778082,0.558301071039454,0.0981372723815797,0.105717761840721,0.537531849958818,0.576726992054756
24.0399999999998,0,2.22097928076935,0.558296810350421,0.098136791859417,0.105717761840721,0.537527938024921,0.576726992054757
24.0449999999998,0,2.22096396739523,0.558292559029247,0.0981363123928273,0.105717761840721,0.53752403466277,0.576726992054757
24.0499999999998,0,2.22094868758504,0.558288317055356,0.0981358339794924,0.105717761840721,0.537520139853671,0.576726992054758
24.0549999999998,0,2.22093344126551,0.558284084408216,0.0981353566170988,0.105717761840721,0.537516253578966,0.576726992054758
24.0599999999998,0,2.22091822836354,0.55827986106734,0.0981348803033383,0.105717761840721,0.53751237582004,0.576726992054759
24.0649999999998,0,2.22090304880617,0.558275647012285,0.0981344050359077,0.105717761840721,0.537508506558319,0.576726992054759
24.0699999999998,0,2.22088790252063,0.558271442222654,0.0981339308125089,0.105717761840721,0.537504645775266,0.576726992054759
24.0749999999998,0,2.22087278943426,0.558267246678094,0.0981334576308489,0.105717761840721,0.537500793452385,0.57672699205476
24.0799999999998,0,2.2208577094746,0.558263060358297,0.0981329854886396,0.105717761840721,0.537496949571222,0.57672699205476
24.0849999999998,0,2.22084266256932,0.558258883242998,0.0981325143835979,0.105717761840721,0.53749311411336,0.576726992054761
24.0899999999998,0,2.22082764864625,0.558254715311978,0.098132044313446,0.105717761840721,0.537489287060422,0.576726992054761
24.0949999999998,0,2.2208126676334,0.558250556545061,0.0981315752759107,0.105717761840721,0.537485468394073,0.576726992054762
24.0999999999998,0,2.2207977194589,0.558246406922115,0.0981311072687242,0.105717761840721,0.537481658096014,0.576726992054762
24.1049999999998,0,2.22078280405105,0.558242266423054,0.0981306402896233,0.105717761840721,0.537477856147989,0.576726992054762
24.1099999999998,0,2.22076792133832,0.558238135027833,0.0981301743363501,0.105717761840721,0.537474062531778,0.576726992054763
24.1149999999998,0,2.22075307124931,0.558234012716453,0.0981297094066514,0.105717761840721,0.537470277229203,0.576726992054763
24.1199999999998,0,2.22073825371279,0.558229899468959,0.0981292454982791,0.105717761840721,0.537466500222123,0.576726992054764
24.1249999999998,0,2.22072346865768,0.558225795265436,0.09812878260899,0.105717761840721,0.537462731492439,0.576726992054764
24.1299999999998,0,2.22070871601304,0.558221700086018,0.0981283207365459,0.105717761840721,0.537458971022087,0.576726992054764
24.1349999999998,0,2.22069399570811,0.558217613910879,0.0981278598787133,0.105717761840721,0.537455218793044,0.576726992054765
24.1399999999998,0,2.22067930767227,0.558213536720236,0.0981274000332638,0.105717761840721,0.537451474787328,0.576726992054765
24.1449999999998,0,2.22066465183504,0.558209468494351,0.0981269411979739,0.105717761840721,0.537447738986993,0.576726992054765
24.1499999999998,0,2.2206500281261,0.558205409213529,0.0981264833706249,0.105717761840721,0.537444011374131,0.576726992054766
24.1549999999998,0,2.22063543647531,0.558201358858117,0.0981260265490029,0.105717761840721,0.537440291930876,0.576726992054766
24.1599999999998,0,2.22062087681263,0.558197317408506,0.098125570730899,0.105717761840721,0.537436580639398,0.576726992054767
24.1649999999998,0,2.22060634906821,0.558193284845128,0.0981251159141092,0.105717761840721,0.537432877481905,0.576726992054767
24.1699999999998,0,2.22059185317234,0.558189261148461,0.0981246620964341,0.105717761840721,0.537429182440646,0.576726992054767
24.1749999999998,0,2.22057738905546,0.558185246299023,0.0981242092756794,0.105717761840721,0.537425495497905,0.576726992054768
24.1799999999998,0,2.22056295664816,0.558181240277376,0.0981237574496555,0.105717761840721,0.537421816636008,0.576726992054768
24.1849999999998,0,2.22054855588118,0.558177243064124,0.0981233066161775,0.105717761840721,0.537418145837315,0.576726992054768
24.1899999999998,0,2.2205341866854,0.558173254639913,0.0981228567730655,0.105717761840721,0.537414483084227,0.576726992054769
24.1949999999998,0,2.22051984899188,0.558169274985433,0.0981224079181442,0.105717761840721,0.537410828359183,0.576726992054769
24.1999999999998,0,2.2205055427318,0.558165304081414,0.0981219600492433,0.105717761840721,0.537407181644658,0.576726992054769
24.2049999999998,0,2.22049126783649,0.55816134190863,0.0981215131641971,0.105717761840721,0.537403542923166,0.57672699205477
24.2099999999998,0,2.22047702423744,0.558157388447897,0.0981210672608446,0.105717761840721,0.537399912177258,0.57672699205477
24.2149999999998,0,2.22046281186629,0.558153443680071,0.0981206223370297,0.105717761840721,0.537396289389525,0.57672699205477
24.2199999999998,0,2.22044863065481,0.558149507586052,0.098120178390601,0.105717761840721,0.537392674542592,0.576726992054771
24.2249999999998,0,2.22043448053494,0.558145580146781,0.0981197354194118,0.105717761840721,0.537389067619124,0.576726992054771
24.2299999999998,0,2.22042036143876,0.55814166134324,0.09811929342132,0.105717761840721,0.537385468601822,0.576726992054772
24.2349999999998,0,2.22040627329849,0.558137751156455,0.0981188523941885,0.105717761840721,0.537381877473427,0.576726992054772
24.2399999999998,0,2.22039221604649,0.55813384956749,0.0981184123358846,0.105717761840721,0.537378294216713,0.576726992054772
24.2449999999998,0,2.22037818961529,0.558129956557454,0.0981179732442804,0.105717761840721,0.537374718814496,0.576726992054773
24.2499999999998,0,2.22036419393755,0.558126072107495,0.0981175351172527,0.105717761840721,0.537371151249625,0.576726992054773
24.2549999999998,0,2.22035022894607,0.558122196198804,0.0981170979526829,0.105717761840721,0.537367591504988,0.576726992054773
24.2599999999998,0,2.22033629457381,0.55811832881261,0.0981166617484571,0.105717761840721,0.53736403956351,0.576726992054774
24.2649999999998,0,2.22032239075387,0.558114469930187,0.0981162265024661,0.105717761840721,0.537360495408152,0.576726992054774
24.2699999999998,0,2.22030851741949,0.558110619532847,0.0981157922126051,0.105717761840721,0.537356959021912,0.576726992054774
24.2749999999998,0,2.22029467450407,0.558106777601945,0.0981153588767743,0.105717761840721,0.537353430387827,0.576726992054775
24.2799999999998,0,2.22028086194113,0.558102944118877,0.098114926492878,0.105717761840721,0.537349909488967,0.576726992054775
24.2849999999998,0,2.22026707966434,0.558099119065076,0.0981144950588257,0.105717761840721,0.537346396308441,0.576726992054775
24.2899999999998,0,2.22025332760754,0.558095302422021,0.098114064572531,0.105717761840721,0.537342890829394,0.576726992054775
24.2949999999998,0,2.22023960570467,0.558091494171227,0.0981136350319123,0.105717761840721,0.537339393035006,0.576726992054776
24.2999999999998,0,2.22022591388986,0.558087694294253,0.0981132064348926,0.105717761840721,0.537335902908496,0.576726992054776
24.3049999999998,0,2.22021225209734,0.558083902772695,0.0981127787793993,0.105717761840721,0.537332420433117,0.576726992054776
24.3099999999998,0,2.2201986202615,0.558080119588192,0.0981123520633646,0.105717761840721,0.53732894559216,0.576726992054777
24.3149999999998,0,2.22018501831689,0.558076344722423,0.0981119262847249,0.105717761840721,0.53732547836895,0.576726992054777
24.3199999999998,0,2.22017144619817,0.558072578157105,0.0981115014414215,0.105717761840721,0.537322018746849,0.576726992054777
24.3249999999998,0,2.22015790384017,0.558068819873998,0.0981110775314,0.105717761840721,0.537318566709257,0.576726992054778
24.3299999999998,0,2.22014439117783,0.558065069854898,0.0981106545526105,0.105717761840721,0.537315122239606,0.576726992054778
24.3349999999998,0,2.22013090814626,0.558061328081645,0.0981102325030078,0.105717761840721,0.537311685321367,0.576726992054778
24.3399999999998,0,2.22011745468069,0.558057594536117,0.0981098113805509,0.105717761840721,0.537308255938046,0.576726992054779
24.3449999999998,0,2.22010403071651,0.558053869200231,0.0981093911832035,0.105717761840721,0.537304834073182,0.576726992054779
24.3499999999998,0,2.22009063618923,0.558050152055945,0.0981089719089337,0.105717761840721,0.537301419710355,0.576726992054779
24.3549999999998,0,2.22007727103452,0.558046443085255,0.098108553555714,0.105717761840721,0.537298012833175,0.576726992054779
24.3599999999998,0,2.22006393518817,0.558042742270198,0.0981081361215216,0.105717761840721,0.537294613425291,0.57672699205478
24.3649999999998,0,2.22005062858611,0.558039049592849,0.0981077196043378,0.105717761840721,0.537291221470385,0.57672699205478
24.3699999999998,0,2.22003735116443,0.558035365035323,0.0981073040021486,0.105717761840721,0.537287836952177,0.57672699205478
24.3749999999998,0,2.22002410285934,0.558031688579775,0.0981068893129443,0.105717761840721,0.53728445985442,0.576726992054781
24.3799999999998,0,2.22001088360718,0.558028020208397,0.0981064755347196,0.105717761840721,0.537281090160903,0.576726992054781
24.3849999999998,0,2.21999769334446,0.558024359903421,0.0981060626654736,0.105717761840721,0.537277727855449,0.576726992054781
24.3899999999998,0,2.2199845320078,0.558020707647119,0.09810565070321,0.105717761840721,0.537274372921918,0.576726992054782
24.3949999999998,0,2.21997139953397,0.5580170634218,0.0981052396459365,0.105717761840721,0.537271025344203,0.576726992054782
24.3999999999998,0,2.21995829585986,0.558013427209814,0.0981048294916655,0.105717761840721,0.537267685106234,0.576726992054782
24.4049999999998,0,2.21994522092252,0.558009798993547,0.0981044202384137,0.105717761840721,0.537264352191973,0.576726992054782
24.4099999999998,0,2.21993217465913,0.558006178755426,0.098104011884202,0.105717761840721,0.537261026585418,0.576726992054783
24.4149999999998,0,2.21991915700699,0.558002566477914,0.0981036044270559,0.105717761840721,0.537257708270603,0.576726992054783
24.4199999999998,0,2.21990616790356,0.557998962143516,0.098103197865005,0.105717761840721,0.537254397231595,0.576726992054783
24.4249999999998,0,2.21989320728641,0.557995365734771,0.0981027921960833,0.105717761840721,0.537251093452495,0.576726992054783
24.4299999999998,0,2.21988027509326,0.557991777234259,0.0981023874183292,0.105717761840721,0.53724779691744,0.576726992054784
24.4349999999998,0,2.21986737126198,0.557988196624599,0.0981019835297854,0.105717761840721,0.537244507610601,0.576726992054784
24.4399999999998,0,2.21985449573055,0.557984623888446,0.0981015805284987,0.105717761840721,0.537241225516181,0.576726992054784
24.4449999999998,0,2.21984164843709,0.557981059008493,0.0981011784125204,0.105717761840721,0.537237950618421,0.576726992054784
24.4499999999998,0,2.21982882931985,0.557977501967472,0.0981007771799061,0.105717761840721,0.537234682901593,0.576726992054785
24.4549999999998,0,2.21981603831724,0.557973952748153,0.0981003768287154,0.105717761840721,0.537231422350005,0.576726992054785
24.4599999999998,0,2.21980327536777,0.557970411333343,0.0980999773570126,0.105717761840721,0.537228168947997,0.576726992054785
24.4649999999998,0,2.21979054041011,0.557966877705888,0.0980995787628657,0.105717761840721,0.537224922679946,0.576726992054785
24.4699999999998,0,2.21977783338304,0.557963351848668,0.0980991810443475,0.105717761840721,0.537221683530258,0.576726992054786
24.4749999999998,0,2.21976515422548,0.557959833744605,0.0980987841995347,0.105717761840721,0.537218451483379,0.576726992054786
24.4799999999998,0,2.2197525028765,0.557956323376656,0.0980983882265082,0.105717761840721,0.537215226523783,0.576726992054786
24.4849999999998,0,2.21973987927529,0.557952820727817,0.0980979931233533,0.105717761840721,0.537212008635981,0.576726992054787
24.4899999999998,0,2.21972728336115,0.557949325781118,0.0980975988881593,0.105717761840721,0.537208797804515,0.576726992054787
24.4949999999998,0,2.21971471507356,0.55794583851963,0.09809720551902,0.105717761840721,0.537205594013965,0.576726992054787
24.4999999999998,0,2.21970217435208,0.557942358926459,0.0980968130140331,0.105717761840721,0.537202397248939,0.576726992054787
24.5049999999998,0,2.21968966113643,0.557938886984748,0.0980964213713006,0.105717761840721,0.537199207494082,0.576726992054788
24.5099999999998,0,2.21967717536646,0.557935422677678,0.0980960305889285,0.105717761840721,0.53719602473407,0.576726992054788
24.5149999999998,0,2.21966471698215,0.557931965988466,0.0980956406650273,0.105717761840721,0.537192848953614,0.576726992054788
24.5199999999998,0,2.2196522859236,0.557928516900366,0.0980952515977114,0.105717761840721,0.537189680137457,0.576726992054788
24.5249999999998,0,2.21963988213104,0.55792507539667,0.0980948633850993,0.105717761840721,0.537186518270375,0.576726992054789
24.5299999999998,0,2.21962750554485,0.557921641460704,0.0980944760253138,0.105717761840721,0.537183363337179,0.576726992054789
24.5349999999998,0,2.21961515610552,0.557918215075832,0.0980940895164818,0.105717761840721,0.53718021532271,0.576726992054789
24.5399999999998,0,2.21960283375366,0.557914796225456,0.0980937038567342,0.105717761840721,0.537177074211844,0.576726992054789
24.5449999999998,0,2.21959053843005,0.557911384893012,0.098093319044206,0.105717761840721,0.537173939989487,0.576726992054789
24.5499999999998,0,2.21957827007555,0.557907981061972,0.0980929350770365,0.105717761840721,0.537170812640582,0.57672699205479
24.5549999999998,0,2.21956602863117,0.557904584715847,0.0980925519533688,0.105717761840721,0.537167692150102,0.57672699205479
24.5599999999998,0,2.21955381403806,0.557901195838182,0.0980921696713503,0.105717761840721,0.537164578503052,0.57672699205479
24.5649999999998,0,2.21954162623749,0.557897814412559,0.0980917882291324,0.105717761840721,0.53716147168447,0.57672699205479
24.5699999999998,0,2.21952946517083,0.557894440422596,0.0980914076248706,0.105717761840721,0.537158371679428,0.57672699205479
24.5749999999998,0,2.21951733077963,0.557891073851945,0.0980910278567243,0.105717761840721,0.537155278473028,0.576726992054791
24.5799999999998,0,2.21950522300551,0.557887714684297,0.0980906489228571,0.105717761840721,0.537152192050407,0.576726992054791
24.5849999999998,0,2.21949314179027,0.557884362903377,0.0980902708214366,0.105717761840721,0.537149112396731,0.576726992054791
24.5899999999998,0,2.21948108707579,0.557881018492946,0.0980898935506344,0.105717761840721,0.537146039497202,0.576726992054791
24.5949999999998,0,2.21946905880411,0.557877681436799,0.098089517108626,0.105717761840721,0.53714297333705,0.576726992054792
24.5999999999998,0,2.21945705691737,0.55787435171877,0.0980891414935912,0.105717761840721,0.537139913901539,0.576726992054792
24.6049999999998,0,2.21944508135786,0.557871029322726,0.0980887667037135,0.105717761840721,0.537136861175966,0.576726992054792
24.6099999999998,0,2.21943313206799,0.557867714232569,0.0980883927371806,0.105717761840721,0.537133815145659,0.576726992054792
24.6149999999998,0,2.21942120899027,0.557864406432239,0.098088019592184,0.105717761840721,0.537130775795977,0.576726992054792
24.6199999999998,0,2.21940931206736,0.557861105905707,0.0980876472669193,0.105717761840721,0.537127743112311,0.576726992054793
24.6249999999998,0,2.21939744124205,0.557857812636984,0.0980872757595861,0.105717761840721,0.537124717080085,0.576726992054793
24.6299999999998,0,2.21938559645723,0.557854526610112,0.0980869050683877,0.105717761840721,0.537121697684753,0.576726992054793
24.6349999999998,0,2.21937377765593,0.557851247809171,0.0980865351915317,0.105717761840721,0.537118684911802,0.576726992054793
24.6399999999998,0,2.2193619847813,0.557847976218273,0.0980861661272294,0.105717761840721,0.537115678746749,0.576726992054793
24.6449999999998,0,2.21935021777661,0.557844711821568,0.0980857978736961,0.105717761840721,0.537112679175143,0.576726992054794
24.6499999999998,0,2.21933847658527,0.557841454603238,0.0980854304291509,0.105717761840721,0.537109686182565,0.576726992054794
24.6549999999998,0,2.21932676115079,0.557838204547502,0.0980850637918171,0.105717761840721,0.537106699754628,0.576726992054794
24.6599999999998,0,2.21931507141681,0.557834961638612,0.0980846979599216,0.105717761840721,0.537103719876973,0.576726992054794
24.6649999999998,0,2.2193034073271,0.557831725860855,0.0980843329316954,0.105717761840721,0.537100746535275,0.576726992054794
24.6699999999998,0,2.21929176882555,0.557828497198553,0.0980839687053731,0.105717761840721,0.537097779715239,0.576726992054795
24.6749999999998,0,2.21928015585617,0.557825275636061,0.0980836052791936,0.105717761840721,0.537094819402602,0.576726992054795
24.6799999999998,0,2.21926856836308,0.55782206115777,0.0980832426513994,0.105717761840721,0.537091865583131,0.576726992054795
24.6849999999998,0,2.21925700629055,0.557818853748105,0.0980828808202368,0.105717761840721,0.537088918242623,0.576726992054795
24.6899999999998,0,2.21924546958293,0.557815653391523,0.0980825197839562,0.105717761840721,0.537085977366909,0.576726992054795
24.6949999999998,0,2.21923395818474,0.557812460072519,0.0980821595408116,0.105717761840721,0.537083042941847,0.576726992054796
24.6999999999998,0,2.21922247204058,0.557809273775618,0.0980818000890609,0.105717761840721,0.537080114953328,0.576726992054796
24.7049999999998,0,2.21921101109518,0.557806094485382,0.0980814414269659,0.105717761840721,0.537077193387273,0.576726992054796
24.7099999999998,0,2.21919957529342,0.557802922186405,0.0980810835527922,0.105717761840721,0.537074278229633,0.576726992054796
24.7149999999998,0,2.21918816458025,0.557799756863316,0.0980807264648091,0.105717761840721,0.537071369466392,0.576726992054796
24.7199999999998,0,2.21917677890077,0.557796598500776,0.0980803701612899,0.105717761840721,0.537068467083561,0.576726992054797
24.7249999999998,0,2.21916541820021,0.557793447083482,0.0980800146405115,0.105717761840721,0.537065571067183,0.576726992054797
24.7299999999998,0,2.21915408242389,0.557790302596163,0.0980796599007546,0.105717761840721,0.537062681403331,0.576726992054797
24.7349999999998,0,2.21914277151726,0.557787165023583,0.0980793059403039,0.105717761840721,0.537059798078109,0.576726992054797
24.7399999999998,0,2.2191314854259,0.557784034350536,0.0980789527574475,0.105717761840721,0.53705692107765,0.576726992054797
24.7449999999998,0,2.2191202240955,0.557780910561854,0.0980786003504777,0.105717761840721,0.537054050388119,0.576726992054797
24.7499999999998,0,2.21910898747186,0.557777793642399,0.0980782487176901,0.105717761840721,0.537051185995708,0.576726992054798
24.7549999999998,0,2.21909777550091,0.557774683577067,0.0980778978573843,0.105717761840721,0.537048327886642,0.576726992054798
24.7599999999998,0,2.21908658812869,0.557771580350788,0.0980775477678637,0.105717761840721,0.537045476047175,0.576726992054798
24.7649999999998,0,2.21907542530136,0.557768483948525,0.0980771984474352,0.105717761840721,0.537042630463589,0.576726992054798
24.7699999999998,0,2.21906428696519,0.557765394355272,0.0980768498944095,0.105717761840721,0.537039791122199,0.576726992054798
24.7749999999998,0,2.2190531730666,0.557762311556058,0.0980765021071012,0.105717761840721,0.537036958009347,0.576726992054799
24.7799999999998,0,2.21904208355207,0.557759235535945,0.0980761550838283,0.105717761840721,0.537034131111406,0.576726992054799
24.7849999999998,0,2.21903101836825,0.557756166280026,0.0980758088229126,0.105717761840721,0.537031310414778,0.576726992054799
24.7899999999998,0,2.21901997746186,0.557753103773428,0.0980754633226798,0.105717761840721,0.537028495905895,0.576726992054799
24.7949999999998,0,2.21900896077978,0.557750048001311,0.098075118581459,0.105717761840721,0.537025687571219,0.576726992054799
24.7999999999998,0,2.21899796826898,0.557746998948867,0.098074774597583,0.105717761840721,0.53702288539724,0.576726992054799
24.8049999999998,0,2.21898699987655,0.55774395660132,0.0980744313693885,0.105717761840721,0.537020089370478,0.5767269920548
24.8099999999998,0,2.21897605554968,0.557740920943927,0.0980740888952155,0.105717761840721,0.537017299477483,0.5767269920548
24.8149999999998,0,2.21896513523571,0.557737891961977,0.0980737471734079,0.105717761840721,0.537014515704834,0.5767269920548
24.8199999999998,0,2.21895423888207,0.557734869640793,0.0980734062023132,0.105717761840721,0.537011738039137,0.5767269920548
24.8249999999998,0,2.21894336643629,0.557731853965727,0.0980730659802824,0.105717761840721,0.537008966467031,0.5767269920548
24.8299999999998,0,2.21893251784606,0.557728844922166,0.0980727265056703,0.105717761840721,0.537006200975181,0.5767269920548
24.8349999999998,0,2.21892169305914,0.557725842495527,0.0980723877768352,0.105717761840721,0.537003441550281,0.576726992054801
24.8399999999998,0,2.21891089202342,0.557722846671262,0.098072049792139,0.105717761840721,0.537000688179056,0.576726992054801
24.8449999999998,0,2.21890011468692,0.557719857434851,0.0980717125499473,0.105717761840721,0.536997940848259,0.576726992054801
24.8499999999998,0,2.21888936099774,0.557716874771809,0.0980713760486291,0.105717761840721,0.53699519954467,0.576726992054801
24.8549999999998,0,2.21887863090411,0.557713898667682,0.0980710402865573,0.105717761840721,0.5369924642551,0.576726992054801
24.8599999999998,0,2.21886792435438,0.557710929108046,0.0980707052621079,0.105717761840721,0.536989734966388,0.576726992054801
24.8649999999998,0,2.21885724129701,0.55770796607851,0.098070370973661,0.105717761840721,0.536987011665402,0.576726992054802
24.8699999999998,0,2.21884658168055,0.557705009564717,0.0980700374195998,0.105717761840721,0.536984294339036,0.576726992054802
24.8749999999998,0,2.2188359454537,0.557702059552337,0.0980697045983114,0.105717761840721,0.536981582974217,0.576726992054802
24.8799999999998,0,2.21882533256523,0.557699116027075,0.0980693725081862,0.105717761840721,0.536978877557897,0.576726992054802
24.8849999999998,0,2.21881474296405,0.557696178974664,0.0980690411476182,0.105717761840721,0.536976178077056,0.576726992054802
24.8899999999998,0,2.21880417659918,0.557693248380873,0.098068710515005,0.105717761840721,0.536973484518706,0.576726992054802
24.8949999999998,0,2.21879363341974,0.557690324231498,0.0980683806087477,0.105717761840721,0.536970796869883,0.576726992054802
24.8999999999998,0,2.21878311337496,0.557687406512368,0.0980680514272508,0.105717761840721,0.536968115117653,0.576726992054803
24.9049999999998,0,2.21877261641419,0.557684495209343,0.0980677229689224,0.105717761840721,0.536965439249112,0.576726992054803
24.9099999999998,0,2.21876214248689,0.557681590308314,0.0980673952321741,0.105717761840721,0.53696276925138,0.576726992054803
24.9149999999998,0,2.21875169154262,0.557678691795203,0.098067068215421,0.105717761840721,0.536960105111609,0.576726992054803
24.9199999999998,0,2.21874126353106,0.557675799655963,0.0980667419170817,0.105717761840721,0.536957446816976,0.576726992054803
24.9249999999998,0,2.21873085840199,0.557672913876577,0.098066416335578,0.105717761840721,0.536954794354687,0.576726992054803
24.9299999999998,0,2.21872047610531,0.55767003444306,0.0980660914693356,0.105717761840721,0.536952147711977,0.576726992054804
24.9349999999998,0,2.21871011659102,0.557667161341458,0.0980657673167834,0.105717761840721,0.536949506876107,0.576726992054804
24.9399999999998,0,2.21869977980923,0.557664294557845,0.0980654438763537,0.105717761840721,0.536946871834366,0.576726992054804
24.9449999999998,0,2.21868946571017,0.557661434078329,0.0980651211464824,0.105717761840721,0.536944242574072,0.576726992054804
24.9499999999998,0,2.21867917424416,0.557658579889046,0.0980647991256088,0.105717761840721,0.536941619082569,0.576726992054804
24.9549999999998,0,2.21866890536164,0.557655731976164,0.0980644778121756,0.105717761840721,0.536939001347229,0.576726992054804
24.9599999999998,0,2.21865865901316,0.557652890325881,0.0980641572046289,0.105717761840721,0.536936389355451,0.576726992054804
24.9649999999998,0,2.21864843514938,0.557650054924423,0.0980638373014181,0.105717761840721,0.536933783094664,0.576726992054804
24.9699999999998,0,2.21863823372104,0.557647225758051,0.0980635181009964,0.105717761840721,0.53693118255232,0.576726992054805
24.9749999999998,0,2.21862805467903,0.557644402813052,0.0980631996018199,0.105717761840721,0.536928587715902,0.576726992054805
24.9799999999998,0,2.21861789797431,0.557641586075746,0.0980628818023485,0.105717761840721,0.536925998572919,0.576726992054805
24.9849999999998,0,2.21860776355796,0.557638775532479,0.0980625647010451,0.105717761840721,0.536923415110906,0.576726992054805
24.9899999999998,0,2.21859765138119,0.557635971169632,0.0980622482963764,0.105717761840721,0.536920837317428,0.576726992054805
24.9949999999998,0,2.21858756139527,0.557633172973613,0.0980619325868121,0.105717761840721,0.536918265180073,0.576726992054805
24.9999999999998,0,2.21857749355161,0.55763038093086,0.0980616175708255,0.105717761840721,0.53691569868646,0.576726992054805
25.0049999999998,0,2.21856744780172,0.557627595027841,0.0980613032468931,0.105717761840721,0.536913137824233,0.576726992054806
25.0099999999998,0,2.21855742409722,0.557624815251055,0.0980609896134948,0.105717761840721,0.536910582581062,0.576726992054806
25.0149999999998,0,2.2185474223898,0.557622041587028,0.0980606766691139,0.105717761840721,0.536908032944646,0.576726992054806
25.0199999999998,0,2.21853744263131,0.557619274022318,0.098060364412237,0.105717761840721,0.536905488902709,0.576726992054806
25.0249999999998,0,2.21852748477367,0.557616512543512,0.0980600528413539,0.105717761840721,0.536902950443003,0.576726992054806
25.0299999999998,0,2.21851754876891,0.557613757137226,0.0980597419549578,0.105717761840721,0.536900417553306,0.576726992054806
25.0349999999998,0,2.21850763456917,0.557611007790106,0.0980594317515454,0.105717761840721,0.536897890221422,0.576726992054806
25.0399999999998,0,2.21849774212669,0.557608264488826,0.0980591222296163,0.105717761840721,0.536895368435183,0.576726992054806
25.0449999999998,0,2.21848787139381,0.55760552722009,0.0980588133876738,0.105717761840721,0.536892852182447,0.576726992054807
25.0499999999998,0,2.21847802232299,0.557602795970632,0.0980585052242242,0.105717761840721,0.536890341451097,0.576726992054807
25.0549999999998,0,2.21846819486677,0.557600070727214,0.0980581977377773,0.105717761840721,0.536887836229044,0.576726992054807
25.0599999999998,0,2.21845838897782,0.557597351476628,0.0980578909268459,0.105717761840721,0.536885336504225,0.576726992054807
25.0649999999998,0,2.21844860460889,0.557594638205695,0.0980575847899464,0.105717761840721,0.536882842264603,0.576726992054807
25.0699999999998,0,2.21843884171284,0.557591930901264,0.0980572793255981,0.105717761840721,0.536880353498167,0.576726992054807
25.0749999999998,0,2.21842910024265,0.557589229550214,0.0980569745323239,0.105717761840721,0.536877870192933,0.576726992054807
25.0799999999998,0,2.21841938015138,0.557586534139451,0.0980566704086497,0.105717761840721,0.536875392336943,0.576726992054807
25.0849999999998,0,2.21840968139219,0.557583844655912,0.0980563669531048,0.105717761840721,0.536872919918263,0.576726992054808
25.0899999999998,0,2.21840000391836,0.557581161086562,0.0980560641642215,0.105717761840721,0.536870452924988,0.576726992054808
25.0949999999998,0,2.21839034768327,0.557578483418393,0.0980557620405355,0.105717761840721,0.536867991345237,0.576726992054808
25.0999999999998,0,2.21838071264039,0.557575811638429,0.0980554605805858,0.105717761840721,0.536865535167155,0.576726992054808
25.1049999999998,0,2.21837109874329,0.557573145733719,0.0980551597829144,0.105717761840721,0.536863084378914,0.576726992054808
25.1099999999998,0,2.21836150594566,0.557570485691342,0.0980548596460667,0.105717761840721,0.53686063896871,0.576726992054808
25.1149999999998,0,2.21835193420127,0.557567831498406,0.098054560168591,0.105717761840721,0.536858198924766,0.576726992054808
25.1199999999998,0,2.218342383464,0.557565183142047,0.0980542613490391,0.105717761840721,0.536855764235331,0.576726992054808
25.1249999999998,0,2.21833285368784,0.557562540609427,0.0980539631859659,0.105717761840721,0.536853334888678,0.576726992054809
25.1299999999998,0,2.21832334482686,0.557559903887739,0.0980536656779293,0.105717761840721,0.536850910873106,0.576726992054809
25.1349999999998,0,2.21831385683525,0.557557272964204,0.0980533688234907,0.105717761840721,0.536848492176942,0.576726992054809
25.1399999999998,0,2.21830438966728,0.55755464782607,0.0980530726212142,0.105717761840721,0.536846078788534,0.576726992054809
25.1449999999998,0,2.21829494327734,0.557552028460612,0.0980527770696675,0.105717761840721,0.536843670696259,0.576726992054809
25.1499999999998,0,2.2182855176199,0.557549414855137,0.0980524821674212,0.105717761840721,0.536841267888517,0.576726992054809
25.1549999999998,0,2.21827611264955,0.557546806996974,0.0980521879130491,0.105717761840721,0.536838870353736,0.576726992054809
25.1599999999998,0,2.21826672832096,0.557544204873486,0.098051894305128,0.105717761840721,0.536836478080366,0.576726992054809
25.1649999999998,0,2.21825736458891,0.557541608472059,0.0980516013422382,0.105717761840721,0.536834091056885,0.576726992054809
25.1699999999998,0,2.21824802140828,0.557539017780109,0.0980513090229627,0.105717761840721,0.536831709271793,0.576726992054809
25.1749999999998,0,2.21823869873403,0.557536432785078,0.0980510173458878,0.105717761840721,0.536829332713618,0.57672699205481
25.1799999999998,0,2.21822939652125,0.557533853474439,0.098050726309603,0.105717761840721,0.536826961370912,0.57672699205481
25.1849999999998,0,2.2182201147251,0.557531279835689,0.0980504359127006,0.105717761840721,0.536824595232252,0.57672699205481
25.1899999999998,0,2.21821085330084,0.557528711856354,0.0980501461537763,0.105717761840721,0.536822234286239,0.57672699205481
25.1949999999998,0,2.21820161220386,0.557526149523987,0.0980498570314287,0.105717761840721,0.536819878521499,0.57672699205481
25.1999999999998,0,2.21819239138959,0.557523592826168,0.0980495685442595,0.105717761840721,0.536817527926684,0.57672699205481
25.2049999999998,0,2.21818319081362,0.557521041750506,0.0980492806908737,0.105717761840721,0.53681518249047,0.57672699205481
25.2099999999998,0,2.21817401043159,0.557518496284635,0.098048993469879,0.105717761840721,0.536812842201558,0.57672699205481
25.2149999999998,0,2.21816485019926,0.557515956416218,0.0980487068798863,0.105717761840721,0.536810507048672,0.57672699205481
25.2199999999998,0,2.21815571007247,0.557513422132945,0.0980484209195097,0.105717761840721,0.536808177020564,0.576726992054811
25.2249999999998,0,2.21814659000718,0.55751089342253,0.0980481355873661,0.105717761840721,0.536805852106006,0.576726992054811
25.2299999999998,0,2.21813748995942,0.557508370272718,0.0980478508820757,0.105717761840721,0.536803532293799,0.576726992054811
25.2349999999998,0,2.21812840988534,0.55750585267128,0.0980475668022615,0.105717761840721,0.536801217572765,0.576726992054811
25.2399999999998,0,2.21811934974117,0.557503340606011,0.0980472833465496,0.105717761840721,0.536798907931752,0.576726992054811
25.2449999999998,0,2.21811030948323,0.557500834064737,0.0980470005135692,0.105717761840721,0.536796603359632,0.576726992054811
25.2499999999998,0,2.21810128906796,0.557498333035308,0.0980467183019524,0.105717761840721,0.536794303845301,0.576726992054811
25.2549999999998,0,2.21809228845187,0.557495837505602,0.0980464367103343,0.105717761840721,0.53679200937768,0.576726992054811
25.2599999999998,0,2.21808330759157,0.557493347463523,0.0980461557373531,0.105717761840721,0.536789719945713,0.576726992054811
25.2649999999998,0,2.21807434644378,0.557490862897001,0.0980458753816499,0.105717761840721,0.536787435538368,0.576726992054811
25.2699999999998,0,2.2180654049653,0.557488383793993,0.0980455956418689,0.105717761840721,0.536785156144639,0.576726992054812
25.2749999999998,0,2.21805648311303,0.557485910142484,0.0980453165166571,0.105717761840721,0.536782881753543,0.576726992054812
25.2799999999998,0,2.21804758084396,0.557483441930483,0.0980450380046646,0.105717761840721,0.536780612354119,0.576726992054812
25.2849999999998,0,2.21803869811517,0.557480979146028,0.0980447601045444,0.105717761840721,0.536778347935432,0.576726992054812
25.2899999999998,0,2.21802983488385,0.55747852177718,0.0980444828149525,0.105717761840721,0.536776088486571,0.576726992054812
25.2949999999998,0,2.21802099110726,0.557476069812028,0.0980442061345479,0.105717761840721,0.536773833996648,0.576726992054812
25.2999999999998,0,2.21801216674278,0.557473623238689,0.0980439300619924,0.105717761840721,0.536771584454799,0.576726992054812
25.3049999999998,0,2.21800336174787,0.557471182045302,0.0980436545959508,0.105717761840721,0.536769339850183,0.576726992054812
25.3099999999998,0,2.21799457608006,0.557468746220036,0.098043379735091,0.105717761840721,0.536767100171984,0.576726992054812
25.3149999999998,0,2.21798580969702,0.557466315751084,0.0980431054780836,0.105717761840721,0.536764865409408,0.576726992054812
25.3199999999998,0,2.21797706255647,0.557463890626665,0.0980428318236021,0.105717761840721,0.536762635551686,0.576726992054812
25.3249999999998,0,2.21796833461625,0.557461470835025,0.0980425587703232,0.105717761840721,0.536760410588072,0.576726992054812
25.3299999999998,0,2.21795962583428,0.557459056364434,0.0980422863169262,0.105717761840721,0.536758190507843,0.576726992054813
25.3349999999998,0,2.21795093616857,0.557456647203189,0.0980420144620934,0.105717761840721,0.536755975300299,0.576726992054813
25.3399999999998,0,2.21794226557722,0.557454243339613,0.0980417432045101,0.105717761840721,0.536753764954765,0.576726992054813
25.3449999999998,0,2.21793361401843,0.557451844762054,0.0980414725428644,0.105717761840721,0.536751559460587,0.576726992054813
25.3499999999998,0,2.21792498145049,0.557449451458886,0.0980412024758472,0.105717761840721,0.536749358807137,0.576726992054813
25.3549999999998,0,2.21791636783178,0.557447063418508,0.0980409330021524,0.105717761840721,0.536747162983808,0.576726992054813
25.3599999999998,0,2.21790777312077,0.557444680629346,0.0980406641204767,0.105717761840721,0.536744971980017,0.576726992054813
25.3649999999998,0,2.21789919727601,0.557442303079849,0.0980403958295197,0.105717761840721,0.536742785785204,0.576726992054813
25.3699999999998,0,2.21789064025616,0.557439930758493,0.0980401281279838,0.105717761840721,0.536740604388831,0.576726992054813
25.3749999999998,0,2.21788210201996,0.55743756365378,0.0980398610145744,0.105717761840721,0.536738427780385,0.576726992054813
25.3799999999998,0,2.21787358252624,0.557435201754236,0.0980395944879996,0.105717761840721,0.536736255949374,0.576726992054813
25.3849999999998,0,2.21786508173391,0.557432845048411,0.0980393285469703,0.105717761840721,0.536734088885331,0.576726992054814
25.3899999999998,0,2.217856599602,0.557430493524884,0.0980390631902004,0.105717761840721,0.536731926577809,0.576726992054814
25.3949999999998,0,2.21784813608959,0.557428147172256,0.0980387984164064,0.105717761840721,0.536729769016387,0.576726992054814
25.3999999999998,0,2.21783969115589,0.557425805979153,0.0980385342243078,0.105717761840721,0.536727616190663,0.576726992054814
25.4049999999998,0,2.21783126476016,0.557423469934227,0.098038270612627,0.105717761840721,0.536725468090262,0.576726992054814
25.4099999999998,0,2.21782285686177,0.557421139026157,0.0980380075800888,0.105717761840721,0.536723324704828,0.576726992054814
25.4149999999998,0,2.21781446742018,0.557418813243642,0.0980377451254213,0.105717761840721,0.53672118602403,0.576726992054814
25.4199999999998,0,2.21780609639494,0.557416492575411,0.098037483247355,0.105717761840721,0.536719052037558,0.576726992054814
25.4249999999998,0,2.21779774374568,0.557414177010213,0.0980372219446235,0.105717761840721,0.536716922735124,0.576726992054814
25.4299999999998,0,2.21778940943211,0.557411866536826,0.0980369612159629,0.105717761840721,0.536714798106466,0.576726992054814
25.4349999999998,0,2.21778109341404,0.55740956114405,0.0980367010601122,0.105717761840721,0.536712678141339,0.576726992054814
25.4399999999998,0,2.21777279565139,0.55740726082071,0.0980364414758132,0.105717761840721,0.536710562829526,0.576726992054814
25.4449999999998,0,2.21776451610411,0.557404965555657,0.0980361824618104,0.105717761840721,0.536708452160828,0.576726992054814
25.4499999999998,0,2.2177562547323,0.557402675337764,0.0980359240168512,0.105717761840721,0.53670634612507,0.576726992054815
25.4549999999998,0,2.2177480114961,0.557400390155931,0.0980356661396855,0.105717761840721,0.536704244712099,0.576726992054815
25.4599999999998,0,2.21773978635576,0.557398109999082,0.0980354088290662,0.105717761840721,0.536702147911784,0.576726992054815
25.4649999999998,0,2.21773157927162,0.557395834856163,0.0980351520837488,0.105717761840721,0.536700055714016,0.576726992054815
25.4699999999998,0,2.2177233902041,0.557393564716147,0.0980348959024916,0.105717761840721,0.536697968108709,0.576726992054815
25.4749999999998,0,2.21771521911369,0.55739129956803,0.0980346402840554,0.105717761840721,0.536695885085799,0.576726992054815
25.4799999999998,0,2.21770706596099,0.557389039400833,0.0980343852272041,0.105717761840721,0.536693806635242,0.576726992054815
25.4849999999998,0,2.21769893070669,0.557386784203599,0.098034130730704,0.105717761840721,0.536691732747017,0.576726992054815
25.4899999999998,0,2.21769081331154,0.557384533965399,0.0980338767933244,0.105717761840721,0.536689663411126,0.576726992054815
25.4949999999998,0,2.21768271373639,0.557382288675324,0.0980336234138369,0.105717761840721,0.536687598617592,0.576726992054815
25.4999999999998,0,2.21767463194217,0.55738004832249,0.0980333705910162,0.105717761840721,0.536685538356459,0.576726992054815
25.5049999999998,0,2.21766656788992,0.55737781289604,0.0980331183236395,0.105717761840721,0.536683482617794,0.576726992054815
25.5099999999998,0,2.21765852154072,0.557375582385137,0.0980328666104866,0.105717761840721,0.536681431391685,0.576726992054815
25.5149999999998,0,2.21765049285578,0.557373356778969,0.0980326154503403,0.105717761840721,0.536679384668241,0.576726992054815
25.5199999999998,0,2.21764248179637,0.557371136066749,0.0980323648419856,0.105717761840721,0.536677342437594,0.576726992054816
25.5249999999998,0,2.21763448832385,0.557368920237712,0.0980321147842106,0.105717761840721,0.536675304689897,0.576726992054816
25.5299999999998,0,2.21762651239966,0.557366709281117,0.0980318652758059,0.105717761840721,0.536673271415324,0.576726992054816
25.5349999999998,0,2.21761855398533,0.557364503186249,0.0980316163155646,0.105717761840721,0.536671242604071,0.576726992054816
25.5399999999998,0,2.21761061304247,0.557362301942414,0.0980313679022828,0.105717761840721,0.536669218246355,0.576726992054816
25.5449999999998,0,2.21760268953279,0.557360105538941,0.0980311200347588,0.105717761840721,0.536667198332415,0.576726992054816
25.5499999999998,0,2.21759478341805,0.557357913965184,0.098030872711794,0.105717761840721,0.536665182852511,0.576726992054816
25.5549999999998,0,2.21758689466012,0.557355727210521,0.0980306259321921,0.105717761840721,0.536663171796923,0.576726992054816
25.5599999999998,0,2.21757902322096,0.557353545264351,0.0980303796947596,0.105717761840721,0.536661165155954,0.576726992054816
25.5649999999998,0,2.21757116906258,0.557351368116099,0.0980301339983054,0.105717761840721,0.536659162919928,0.576726992054816
25.5699999999998,0,2.21756333214711,0.557349195755212,0.0980298888416414,0.105717761840721,0.53665716507919,0.576726992054816
25.5749999999998,0,2.21755551243673,0.557347028171159,0.0980296442235817,0.105717761840721,0.536655171624104,0.576726992054816
25.5799999999998,0,2.21754770989373,0.557344865353433,0.0980294001429433,0.105717761840721,0.536653182545059,0.576726992054816
25.5849999999998,0,2.21753992448047,0.557342707291552,0.0980291565985456,0.105717761840721,0.536651197832461,0.576726992054816
25.5899999999998,0,2.21753215615938,0.557340553975055,0.0980289135892108,0.105717761840721,0.536649217476739,0.576726992054816
25.5949999999998,0,2.217524404893,0.557338405393504,0.0980286711137635,0.105717761840721,0.536647241468343,0.576726992054817
25.5999999999998,0,2.21751667064393,0.557336261536485,0.0980284291710309,0.105717761840721,0.536645269797744,0.576726992054817
25.6049999999998,0,2.21750895337486,0.557334122393605,0.0980281877598429,0.105717761840721,0.536643302455433,0.576726992054817
25.6099999999998,0,2.21750125304856,0.557331987954497,0.0980279468790319,0.105717761840721,0.536641339431921,0.576726992054817
25.6149999999998,0,2.21749356962789,0.557329858208814,0.0980277065274327,0.105717761840721,0.536639380717742,0.576726992054817
25.6199999999998,0,2.21748590307576,0.557327733146233,0.098027466703883,0.105717761840721,0.536637426303449,0.576726992054817
25.6249999999998,0,2.2174782533552,0.557325612756453,0.0980272274072228,0.105717761840721,0.536635476179617,0.576726992054817
25.6299999999998,0,2.21747062042931,0.557323497029196,0.0980269886362947,0.105717761840721,0.536633530336839,0.576726992054817
25.6349999999998,0,2.21746300426125,0.557321385954208,0.0980267503899439,0.105717761840721,0.53663158876573,0.576726992054817
25.6399999999998,0,2.21745540481428,0.557319279521254,0.0980265126670181,0.105717761840721,0.536629651456928,0.576726992054817
25.6449999999998,0,2.21744782205174,0.557317177720126,0.0980262754663674,0.105717761840721,0.536627718401087,0.576726992054817
25.6499999999998,0,2.21744025593705,0.557315080540635,0.0980260387868447,0.105717761840721,0.536625789588885,0.576726992054817
25.6549999999998,0,2.21743270643369,0.557312987972616,0.0980258026273052,0.105717761840721,0.536623865011018,0.576726992054817
25.6599999999998,0,2.21742517350525,0.557310900005925,0.0980255669866067,0.105717761840721,0.536621944658204,0.576726992054817
25.6649999999998,0,2.21741765711539,0.557308816630443,0.0980253318636094,0.105717761840721,0.53662002852118,0.576726992054817
25.6699999999998,0,2.21741015722782,0.55730673783607,0.0980250972571763,0.105717761840721,0.536618116590704,0.576726992054817
25.6749999999998,0,2.21740267380638,0.55730466361273,0.0980248631661725,0.105717761840721,0.536616208857553,0.576726992054818
25.6799999999998,0,2.21739520681495,0.55730259395037,0.0980246295894659,0.105717761840721,0.536614305312526,0.576726992054818
25.6849999999998,0,2.21738775621751,0.557300528838957,0.0980243965259266,0.105717761840721,0.536612405946442,0.576726992054818
25.6899999999998,0,2.2173803219781,0.557298468268481,0.0980241639744276,0.105717761840721,0.536610510750138,0.576726992054818
25.6949999999998,0,2.21737290406085,0.557296412228954,0.0980239319338439,0.105717761840721,0.536608619714472,0.576726992054818
25.6999999999998,0,2.21736550242998,0.557294360710411,0.0980237004030534,0.105717761840721,0.536606732830323,0.576726992054818
25.7049999999998,0,2.21735811704977,0.557292313702906,0.0980234693809361,0.105717761840721,0.536604850088589,0.576726992054818
25.7099999999998,0,2.21735074788458,0.557290271196519,0.0980232388663747,0.105717761840721,0.536602971480188,0.576726992054818
25.7149999999998,0,2.21734339489886,0.557288233181349,0.0980230088582542,0.105717761840721,0.536601096996059,0.576726992054818
25.7199999999998,0,2.21733605805712,0.557286199647517,0.0980227793554622,0.105717761840721,0.536599226627157,0.576726992054818
25.7249999999998,0,2.21732873732396,0.557284170585166,0.0980225503568886,0.105717761840721,0.536597360364462,0.576726992054818
25.7299999999998,0,2.21732143266405,0.557282145984461,0.0980223218614259,0.105717761840721,0.53659549819897,0.576726992054818
25.7349999999998,0,2.21731414404216,0.557280125835589,0.0980220938679689,0.105717761840721,0.536593640121698,0.576726992054818
25.7399999999998,0,2.21730687142311,0.557278110128758,0.0980218663754148,0.105717761840721,0.536591786123683,0.576726992054818
25.7449999999998,0,2.21729961477179,0.557276098854196,0.0980216393826634,0.105717761840721,0.53658993619598,0.576726992054818
25.7499999999998,0,2.21729237405321,0.557274092002156,0.0980214128886166,0.105717761840721,0.536588090329665,0.576726992054818
25.7549999999998,0,2.2172851492324,0.55727208956291,0.0980211868921791,0.105717761840721,0.536586248515834,0.576726992054818
25.7599999999998,0,2.21727794027452,0.557270091526751,0.0980209613922578,0.105717761840721,0.5365844107456,0.576726992054818
25.7649999999998,0,2.21727074714477,0.557268097883996,0.098020736387762,0.105717761840721,0.536582577010098,0.576726992054819
25.7699999999998,0,2.21726356980844,0.557266108624979,0.0980205118776033,0.105717761840721,0.536580747300481,0.576726992054819
25.7749999999998,0,2.21725640823089,0.557264123740061,0.098020287860696,0.105717761840721,0.536578921607922,0.576726992054819
25.7799999999998,0,2.21724926237757,0.557262143219618,0.0980200643359564,0.105717761840721,0.536577099923613,0.576726992054819
25.7849999999998,0,2.21724213221399,0.557260167054052,0.0980198413023035,0.105717761840721,0.536575282238765,0.576726992054819
25.7899999999998,0,2.21723501770573,0.557258195233783,0.0980196187586585,0.105717761840721,0.536573468544608,0.576726992054819
25.7949999999998,0,2.21722791881847,0.557256227749255,0.098019396703945,0.105717761840721,0.536571658832391,0.576726992054819
25.7999999999998,0,2.21722083551794,0.55725426459093,0.098019175137089,0.105717761840721,0.536569853093385,0.576726992054819
25.8049999999998,0,2.21721376776996,0.557252305749292,0.0980189540570188,0.105717761840721,0.536568051318876,0.576726992054819
25.8099999999998,0,2.21720671554043,0.557250351214848,0.0980187334626651,0.105717761840721,0.536566253500171,0.576726992054819
25.8149999999998,0,2.2171996787953,0.557248400978123,0.098018513352961,0.105717761840721,0.536564459628596,0.576726992054819
25.8199999999998,0,2.21719265750061,0.557246455029665,0.0980182937268418,0.105717761840721,0.536562669695496,0.576726992054819
25.8249999999998,0,2.21718565162249,0.55724451336004,0.0980180745832453,0.105717761840721,0.536560883692235,0.576726992054819
25.8299999999998,0,2.21717866112711,0.557242575959838,0.0980178559211114,0.105717761840721,0.536559101610195,0.576726992054819
25.8349999999998,0,2.21717168598074,0.557240642819668,0.0980176377393827,0.105717761840721,0.536557323440778,0.576726992054819
25.8399999999998,0,2.21716472614971,0.557238713930159,0.0980174200370037,0.105717761840721,0.536555549175403,0.576726992054819
25.8449999999998,0,2.21715778160044,0.557236789281962,0.0980172028129215,0.105717761840721,0.53655377880551,0.576726992054819
25.8499999999998,0,2.21715085229941,0.557234868865749,0.0980169860660854,0.105717761840721,0.536552012322557,0.576726992054819
25.8549999999998,0,2.21714393821316,0.557232952672211,0.0980167697954471,0.105717761840721,0.536550249718019,0.576726992054819
25.8599999999998,0,2.21713703930834,0.55723104069206,0.0980165539999605,0.105717761840721,0.536548490983393,0.576726992054819
25.8649999999998,0,2.21713015555164,0.557229132916027,0.0980163386785819,0.105717761840721,0.53654673611019,0.576726992054819
25.8699999999998,0,2.21712328690984,0.557227229334867,0.0980161238302697,0.105717761840721,0.536544985089944,0.576726992054819
25.8749999999998,0,2.21711643334978,0.557225329939353,0.0980159094539848,0.105717761840721,0.536543237914206,0.57672699205482
25.8799999999998,0,2.21710959483839,0.557223434720278,0.0980156955486904,0.105717761840721,0.536541494574544,0.57672699205482
25.8849999999998,0,2.21710277134266,0.557221543668455,0.0980154821133516,0.105717761840721,0.536539755062545,0.57672699205482
25.8899999999998,0,2.21709596282965,0.55721965677472,0.0980152691469364,0.105717761840721,0.536538019369817,0.57672699205482
25.8949999999998,0,2.21708916926649,0.557217774029925,0.0980150566484145,0.105717761840721,0.536536287487982,0.57672699205482
25.8999999999998,0,2.21708239062041,0.557215895424945,0.098014844616758,0.105717761840721,0.536534559408684,0.57672699205482
25.9049999999998,0,2.21707562685868,0.557214020950674,0.0980146330509416,0.105717761840721,0.536532835123584,0.57672699205482
25.9099999999998,0,2.21706887794864,0.557212150598028,0.0980144219499418,0.105717761840721,0.536531114624361,0.57672699205482
25.9149999999998,0,2.21706214385773,0.557210284357939,0.0980142113127375,0.105717761840721,0.536529397902711,0.57672699205482
25.9199999999998,0,2.21705542455343,0.557208422221363,0.0980140011383101,0.105717761840721,0.536527684950351,0.57672699205482
25.9249999999998,0,2.21704872000332,0.557206564179273,0.0980137914256428,0.105717761840721,0.536525975759014,0.57672699205482
25.9299999999998,0,2.21704203017503,0.557204710222664,0.0980135821737213,0.105717761840721,0.536524270320452,0.57672699205482
25.9349999999998,0,2.21703535503627,0.55720286034255,0.0980133733815336,0.105717761840721,0.536522568626434,0.57672699205482
25.9399999999998,0,2.21702869455481,0.557201014529963,0.0980131650480696,0.105717761840721,0.536520870668748,0.57672699205482
25.9449999999998,0,2.21702204869851,0.557199172775957,0.0980129571723218,0.105717761840721,0.5365191764392,0.57672699205482
25.9499999999998,0,2.21701541743528,0.557197335071607,0.0980127497532846,0.105717761840721,0.536517485929613,0.57672699205482
25.9549999999998,0,2.21700880073311,0.557195501408003,0.0980125427899547,0.105717761840721,0.536515799131829,0.57672699205482
25.9599999999998,0,2.21700219856006,0.557193671776258,0.0980123362813313,0.105717761840721,0.536514116037706,0.57672699205482
25.9649999999998,0,2.21699561088426,0.557191846167505,0.0980121302264153,0.105717761840721,0.536512436639123,0.57672699205482
25.9699999999998,0,2.21698903767391,0.557190024572893,0.0980119246242101,0.105717761840721,0.536510760927974,0.57672699205482
25.9749999999998,0,2.21698247889728,0.557188206983595,0.0980117194737212,0.105717761840721,0.536509088896171,0.57672699205482
25.9799999999998,0,2.2169759345227,0.5571863933908,0.0980115147739564,0.105717761840721,0.536507420535645,0.57672699205482
25.9849999999998,0,2.21696940451859,0.557184583785718,0.0980113105239254,0.105717761840721,0.536505755838343,0.57672699205482
25.9899999999998,0,2.21696288885341,0.557182778159578,0.0980111067226405,0.105717761840721,0.536504094796232,0.57672699205482
25.9949999999998,0,2.21695638749571,0.557180976503628,0.0980109033691158,0.105717761840721,0.536502437401294,0.576726992054821
25.9999999999998,0,2.21694990041412,0.557179178809135,0.0980107004623677,0.105717761840721,0.53650078364553,0.576726992054821
26.0049999999998,0,2.2169434275773,0.557177385067386,0.0980104980014147,0.105717761840721,0.536499133520957,0.576726992054821
26.0099999999998,0,2.21693696895401,0.557175595269687,0.0980102959852776,0.105717761840721,0.536497487019612,0.576726992054821
26.0149999999998,0,2.21693052451307,0.557173809407363,0.0980100944129793,0.105717761840721,0.536495844133548,0.576726992054821
26.0199999999998,0,2.21692409422337,0.557172027471758,0.0980098932835447,0.105717761840721,0.536494204854835,0.576726992054821
26.0249999999998,0,2.21691767805387,0.557170249454235,0.098009692596001,0.105717761840721,0.53649256917556,0.576726992054821
26.0299999999998,0,2.21691127597358,0.557168475346176,0.0980094923493774,0.105717761840721,0.536490937087829,0.576726992054821
26.0349999999998,0,2.2169048879516,0.557166705138982,0.0980092925427055,0.105717761840721,0.536489308583764,0.576726992054821
26.0399999999998,0,2.21689851395709,0.557164938824072,0.0980090931750187,0.105717761840721,0.536487683655504,0.576726992054821
26.0449999999998,0,2.21689215395927,0.557163176392887,0.0980088942453527,0.105717761840721,0.536486062295207,0.576726992054821
26.0499999999998,0,2.21688580792745,0.557161417836883,0.0980086957527453,0.105717761840721,0.536484444495045,0.576726992054821
26.0549999999998,0,2.21687947583097,0.557159663147537,0.0980084976962364,0.105717761840721,0.536482830247211,0.576726992054821
26.0599999999998,0,2.21687315763927,0.557157912316344,0.098008300074868,0.105717761840721,0.536481219543912,0.576726992054821
26.0649999999998,0,2.21686685332185,0.557156165334819,0.0980081028876842,0.105717761840721,0.536479612377373,0.576726992054821
26.0699999999998,0,2.21686056284826,0.557154422194493,0.0980079061337312,0.105717761840721,0.536478008739836,0.576726992054821
26.0749999999998,0,2.21685428618813,0.557152682886918,0.0980077098120573,0.105717761840721,0.536476408623562,0.576726992054821
26.0799999999998,0,2.21684802331116,0.557150947403663,0.098007513921713,0.105717761840721,0.536474812020824,0.576726992054821
26.0849999999998,0,2.21684177418712,0.557149215736318,0.0980073184617507,0.105717761840721,0.536473218923917,0.576726992054821
26.0899999999998,0,2.21683553878582,0.557147487876488,0.0980071234312249,0.105717761840721,0.536471629325151,0.576726992054821
26.0949999999998,0,2.21682931707716,0.5571457638158,0.0980069288291923,0.105717761840721,0.536470043216851,0.576726992054821
26.0999999999998,0,2.21682310903111,0.557144043545896,0.0980067346547117,0.105717761840721,0.536468460591362,0.576726992054821
26.1049999999998,0,2.21681691461768,0.557142327058439,0.0980065409068437,0.105717761840721,0.536466881441043,0.576726992054821
26.1099999999998,0,2.21681073380696,0.55714061434511,0.0980063475846513,0.105717761840721,0.536465305758271,0.576726992054821
26.1149999999998,0,2.21680456656912,0.557138905397607,0.0980061546871992,0.105717761840721,0.536463733535441,0.576726992054821
26.1199999999998,0,2.21679841287438,0.557137200207647,0.0980059622135546,0.105717761840721,0.536462164764961,0.576726992054821
26.1249999999998,0,2.21679227269301,0.557135498766966,0.0980057701627863,0.105717761840721,0.53646059943926,0.576726992054821
26.1299999999998,0,2.21678614599538,0.557133801067316,0.0980055785339655,0.105717761840721,0.536459037550779,0.576726992054822
26.1349999999998,0,2.2167800327519,0.55713210710047,0.0980053873261652,0.105717761840721,0.53645747909198,0.576726992054822
26.1399999999998,0,2.21677393293305,0.557130416858218,0.0980051965384605,0.105717761840721,0.536455924055339,0.576726992054822
26.1449999999998,0,2.21676784650938,0.557128730332366,0.0980050061699286,0.105717761840721,0.536454372433348,0.576726992054822
26.1499999999998,0,2.2167617734515,0.55712704751474,0.0980048162196487,0.105717761840721,0.536452824218517,0.576726992054822
26.1549999999998,0,2.21675571373008,0.557125368397185,0.0980046266867019,0.105717761840721,0.536451279403371,0.576726992054822
26.1599999999998,0,2.21674966731586,0.557123692971562,0.0980044375701715,0.105717761840721,0.536449737980452,0.576726992054822
26.1649999999998,0,2.21674363417965,0.557122021229751,0.0980042488691427,0.105717761840721,0.53644819994232,0.576726992054822
26.1699999999998,0,2.21673761429231,0.557120353163648,0.0980040605827028,0.105717761840721,0.536446665281548,0.576726992054822
26.1749999999998,0,2.21673160762478,0.55711868876517,0.0980038727099411,0.105717761840721,0.536445133990727,0.576726992054822
26.1799999999998,0,2.21672561414804,0.55711702802625,0.0980036852499487,0.105717761840721,0.536443606062465,0.576726992054822
26.1849999999998,0,2.21671963383316,0.557115370938838,0.0980034982018188,0.105717761840721,0.536442081489385,0.576726992054822
26.1899999999998,0,2.21671366665125,0.557113717494902,0.0980033115646469,0.105717761840721,0.536440560264126,0.576726992054822
26.1949999999998,0,2.21670771257351,0.55711206768643,0.0980031253375299,0.105717761840721,0.536439042379343,0.576726992054822
26.1999999999998,0,2.21670177157117,0.557110421505424,0.0980029395195673,0.105717761840721,0.536437527827709,0.576726992054822
26.2049999999998,0,2.21669584361556,0.557108778943906,0.09800275410986,0.105717761840721,0.536436016601911,0.576726992054822
26.2099999999998,0,2.21668992867804,0.557107139993916,0.0980025691075114,0.105717761840721,0.536434508694653,0.576726992054822
26.2149999999998,0,2.21668402673005,0.557105504647509,0.0980023845116266,0.105717761840721,0.536433004098654,0.576726992054822
26.2199999999998,0,2.21667813774309,0.55710387289676,0.0980022003213125,0.105717761840721,0.53643150280665,0.576726992054822
26.2249999999998,0,2.21667226168871,0.557102244733759,0.0980020165356783,0.105717761840721,0.536430004811391,0.576726992054822
26.2299999999998,0,2.21666639853855,0.557100620150616,0.0980018331538351,0.105717761840721,0.536428510105647,0.576726992054822
26.2349999999998,0,2.21666054826429,0.557098999139458,0.0980016501748956,0.105717761840721,0.536427018682199,0.576726992054822
26.2399999999998,0,2.21665471083767,0.557097381692426,0.0980014675979749,0.105717761840721,0.536425530533847,0.576726992054822
26.2449999999998,0,2.2166488862305,0.557095767801683,0.0980012854221899,0.105717761840721,0.536424045653405,0.576726992054822
26.2499999999998,0,2.21664307441466,0.557094157459406,0.0980011036466592,0.105717761840721,0.536422564033704,0.576726992054822
26.2549999999998,0,2.21663727536208,0.55709255065779,0.0980009222705037,0.105717761840721,0.53642108566759,0.576726992054822
26.2599999999998,0,2.21663148904476,0.557090947389048,0.098000741292846,0.105717761840721,0.536419610547925,0.576726992054822
26.2649999999998,0,2.21662571543474,0.55708934764541,0.0980005607128107,0.105717761840721,0.536418138667586,0.576726992054822
26.2699999999998,0,2.21661995450414,0.55708775141912,0.0980003805295242,0.105717761840721,0.536416670019465,0.576726992054822
26.2749999999998,0,2.21661420622514,0.557086158702445,0.0980002007421151,0.105717761840721,0.536415204596473,0.576726992054822
26.2799999999998,0,2.21660847056999,0.557084569487664,0.0980000213497137,0.105717761840721,0.536413742391532,0.576726992054822
26.2849999999998,0,2.21660274751097,0.557082983767075,0.0979998423514522,0.105717761840721,0.536412283397583,0.576726992054822
26.2899999999998,0,2.21659703702046,0.557081401532992,0.0979996637464647,0.105717761840721,0.536410827607579,0.576726992054822
26.2949999999998,0,2.21659133907086,0.557079822777748,0.0979994855338874,0.105717761840721,0.536409375014493,0.576726992054822
26.2999999999998,0,2.21658565363467,0.557078247493689,0.0979993077128583,0.105717761840721,0.536407925611309,0.576726992054822
26.3049999999998,0,2.21657998068442,0.557076675673183,0.097999130282517,0.105717761840721,0.536406479391028,0.576726992054823
26.3099999999998,0,2.21657432019271,0.55707510730861,0.0979989532420054,0.105717761840721,0.536405036346668,0.576726992054823
26.3149999999998,0,2.2165686721322,0.55707354239237,0.0979987765904672,0.105717761840721,0.53640359647126,0.576726992054823
26.3199999999998,0,2.21656303647563,0.557071980916878,0.0979986003270478,0.105717761840721,0.536402159757851,0.576726992054823
26.3249999999998,0,2.21655741319576,0.557070422874566,0.0979984244508946,0.105717761840721,0.536400726199504,0.576726992054823
26.3299999999998,0,2.21655180226543,0.557068868257883,0.0979982489611568,0.105717761840721,0.536399295789295,0.576726992054823
26.3349999999998,0,2.21654620365756,0.557067317059295,0.0979980738569857,0.105717761840721,0.536397868520317,0.576726992054823
26.3399999999998,0,2.21654061734509,0.557065769271284,0.0979978991375341,0.105717761840721,0.536396444385679,0.576726992054823
26.3449999999998,0,2.21653504330104,0.557064224886347,0.0979977248019569,0.105717761840721,0.536395023378503,0.576726992054823
26.3499999999998,0,2.2165294814985,0.557062683897002,0.0979975508494108,0.105717761840721,0.536393605491926,0.576726992054823
26.3549999999998,0,2.2165239319106,0.557061146295777,0.0979973772790545,0.105717761840721,0.536392190719102,0.576726992054823
26.3599999999998,0,2.21651839451054,0.557059612075223,0.0979972040900482,0.105717761840721,0.536390779053199,0.576726992054823
26.3649999999998,0,2.21651286927156,0.557058081227903,0.0979970312815542,0.105717761840721,0.536389370487399,0.576726992054823
26.3699999999998,0,2.21650735616699,0.557056553746398,0.0979968588527367,0.105717761840721,0.536387965014901,0.576726992054823
26.3749999999998,0,2.21650185517019,0.557055029623305,0.0979966868027616,0.105717761840721,0.536386562628916,0.576726992054823
26.3799999999998,0,2.21649636625459,0.557053508851237,0.0979965151307965,0.105717761840721,0.536385163322673,0.576726992054823
26.3849999999998,0,2.21649088939368,0.557051991422824,0.0979963438360111,0.105717761840721,0.536383767089414,0.576726992054823
26.3899999999998,0,2.21648542456101,0.557050477330712,0.0979961729175769,0.105717761840721,0.536382373922395,0.576726992054823
26.3949999999998,0,2.21647997173018,0.557048966567563,0.0979960023746669,0.105717761840721,0.53638098381489,0.576726992054823
26.3999999999998,0,2.21647453087485,0.557047459126055,0.0979958322064564,0.105717761840721,0.536379596760184,0.576726992054823
26.4049999999998,0,2.21646910196874,0.557045954998882,0.097995662412122,0.105717761840721,0.536378212751579,0.576726992054823
26.4099999999998,0,2.21646368498563,0.557044454178755,0.0979954929908426,0.105717761840721,0.536376831782391,0.576726992054823
26.4149999999998,0,2.21645827989935,0.5570429566584,0.0979953239417985,0.105717761840721,0.53637545384595,0.576726992054823
26.4199999999998,0,2.2164528866838,0.557041462430558,0.0979951552641721,0.105717761840721,0.536374078935602,0.576726992054823
26.4249999999998,0,2.21644750531291,0.55703997148799,0.0979949869571473,0.105717761840721,0.536372707044707,0.576726992054823
26.4299999999998,0,2.21644213576071,0.557038483823468,0.0979948190199101,0.105717761840721,0.536371338166639,0.576726992054823
26.4349999999998,0,2.21643677800125,0.557036999429784,0.0979946514516481,0.105717761840721,0.536369972294786,0.576726992054823
26.4399999999998,0,2.21643143200864,0.557035518299742,0.0979944842515507,0.105717761840721,0.536368609422553,0.576726992054823
26.4449999999998,0,2.21642609775707,0.557034040426166,0.0979943174188092,0.105717761840721,0.536367249543357,0.576726992054823
26.4499999999998,0,2.21642077522078,0.557032565801892,0.0979941509526164,0.105717761840721,0.53636589265063,0.576726992054823
26.4549999999998,0,2.21641546437404,0.557031094419774,0.0979939848521673,0.105717761840721,0.536364538737819,0.576726992054823
26.4599999999998,0,2.2164101651912,0.557029626272681,0.0979938191166582,0.105717761840721,0.536363187798385,0.576726992054823
26.4649999999998,0,2.21640487764668,0.557028161353499,0.0979936537452876,0.105717761840721,0.536361839825802,0.576726992054823
26.4699999999998,0,2.21639960171491,0.557026699655127,0.0979934887372553,0.105717761840721,0.536360494813562,0.576726992054823
26.4749999999998,0,2.21639433737043,0.557025241170481,0.0979933240917634,0.105717761840721,0.536359152755167,0.576726992054823
26.4799999999998,0,2.21638908458779,0.557023785892494,0.0979931598080152,0.105717761840721,0.536357813644135,0.576726992054823
26.4849999999998,0,2.21638384334162,0.557022333814112,0.0979929958852162,0.105717761840721,0.536356477473999,0.576726992054823
26.4899999999998,0,2.21637861360661,0.557020884928298,0.0979928323225733,0.105717761840721,0.536355144238305,0.576726992054823
26.4949999999998,0,2.21637339535749,0.557019439228031,0.0979926691192954,0.105717761840721,0.536353813930614,0.576726992054823
26.4999999999998,0,2.21636818856905,0.557017996706304,0.0979925062745931,0.105717761840721,0.5363524865445,0.576726992054823
26.5049999999998,0,2.21636299321614,0.557016557356127,0.0979923437876785,0.105717761840721,0.536351162073552,0.576726992054823
26.5099999999998,0,2.21635780927367,0.557015121170523,0.0979921816577657,0.105717761840721,0.536349840511373,0.576726992054824
26.5149999999998,0,2.21635263671658,0.557013688142532,0.0979920198840704,0.105717761840721,0.53634852185158,0.576726992054824
26.5199999999998,0,2.21634747551989,0.557012258265211,0.0979918584658101,0.105717761840721,0.536347206087802,0.576726992054824
26.5249999999998,0,2.21634232565866,0.557010831531629,0.0979916974022039,0.105717761840721,0.536345893213686,0.576726992054824
26.5299999999998,0,2.21633718710803,0.557009407934871,0.0979915366924727,0.105717761840721,0.536344583222889,0.576726992054824
26.5349999999998,0,2.21633205984316,0.557007987468039,0.0979913763358391,0.105717761840721,0.536343276109084,0.576726992054824
26.5399999999998,0,2.21632694383929,0.557006570124249,0.0979912163315274,0.105717761840721,0.536341971865958,0.576726992054824
26.5449999999998,0,2.21632183907169,0.557005155896632,0.0979910566787636,0.105717761840721,0.536340670487211,0.576726992054824
26.5499999999998,0,2.21631674551571,0.557003744778334,0.0979908973767755,0.105717761840721,0.536339371966556,0.576726992054824
26.5549999999998,0,2.21631166314674,0.557002336762518,0.0979907384247923,0.105717761840721,0.536338076297721,0.576726992054824
26.5599999999998,0,2.21630659194023,0.557000931842358,0.0979905798220453,0.105717761840721,0.536336783474449,0.576726992054824
26.5649999999998,0,2.21630153187168,0.556999530011047,0.0979904215677671,0.105717761840721,0.536335493490493,0.576726992054824
26.5699999999998,0,2.21629648291664,0.556998131261791,0.0979902636611923,0.105717761840721,0.536334206339624,0.576726992054824
26.5749999999998,0,2.21629144505071,0.556996735587811,0.097990106101557,0.105717761840721,0.536332922015623,0.576726992054824
26.5799999999998,0,2.21628641824957,0.556995342982344,0.0979899488880991,0.105717761840721,0.536331640512287,0.576726992054824
26.5849999999998,0,2.21628140248892,0.556993953438641,0.097989792020058,0.105717761840721,0.536330361823425,0.576726992054824
26.5899999999998,0,2.21627639774454,0.556992566949968,0.0979896354966749,0.105717761840721,0.536329085942861,0.576726992054824
26.5949999999998,0,2.21627140399223,0.556991183509607,0.0979894793171926,0.105717761840721,0.536327812864432,0.576726992054824
26.5999999999998,0,2.21626642120789,0.556989803110851,0.0979893234808557,0.105717761840721,0.536326542581988,0.576726992054824
26.6049999999998,0,2.21626144936742,0.556988425747012,0.0979891679869102,0.105717761840721,0.536325275089392,0.576726992054824
26.6099999999998,0,2.21625648844682,0.556987051411416,0.0979890128346041,0.105717761840721,0.536324010380522,0.576726992054824
26.6149999999998,0,2.21625153842212,0.556985680097401,0.0979888580231868,0.105717761840721,0.536322748449269,0.576726992054824
26.6199999999998,0,2.21624659926939,0.556984311798322,0.0979887035519094,0.105717761840721,0.536321489289537,0.576726992054824
26.6249999999998,0,2.21624167096478,0.556982946507549,0.0979885494200247,0.105717761840721,0.536320232895243,0.576726992054824
26.6299999999998,0,2.21623675348448,0.556981584218464,0.097988395626787,0.105717761840721,0.536318979260317,0.576726992054824
26.6349999999998,0,2.21623184680472,0.556980224924467,0.0979882421714524,0.105717761840721,0.536317728378705,0.576726992054824
26.6399999999998,0,2.21622695090181,0.55697886861897,0.0979880890532786,0.105717761840721,0.536316480244363,0.576726992054824
26.6449999999998,0,2.21622206575207,0.5569775152954,0.0979879362715249,0.105717761840721,0.536315234851261,0.576726992054824
26.6499999999998,0,2.21621719133193,0.556976164947198,0.0979877838254523,0.105717761840721,0.536313992193384,0.576726992054824
26.6549999999998,0,2.21621232761781,0.556974817567822,0.0979876317143231,0.105717761840721,0.536312752264728,0.576726992054824
26.6599999999998,0,2.21620747458622,0.55697347315074,0.0979874799374018,0.105717761840721,0.536311515059303,0.576726992054824
26.6649999999998,0,2.21620263221372,0.55697213168944,0.097987328493954,0.105717761840721,0.536310280571134,0.576726992054824
26.6699999999998,0,2.21619780047691,0.556970793177419,0.0979871773832471,0.105717761840721,0.536309048794255,0.576726992054824
26.6749999999998,0,2.21619297935244,0.556969457608191,0.0979870266045502,0.105717761840721,0.536307819722716,0.576726992054824
26.6799999999998,0,2.21618816881702,0.556968124975283,0.0979868761571338,0.105717761840721,0.53630659335058,0.576726992054824
26.6849999999998,0,2.2161833688474,0.556966795272239,0.0979867260402702,0.105717761840721,0.536305369671922,0.576726992054824
26.6899999999998,0,2.2161785794204,0.556965468492614,0.0979865762532333,0.105717761840721,0.53630414868083,0.576726992054824
26.6949999999998,0,2.21617380051287,0.556964144629979,0.0979864267952983,0.105717761840721,0.536302930371407,0.576726992054824
26.6999999999998,0,2.21616903210172,0.556962823677918,0.0979862776657424,0.105717761840721,0.536301714737765,0.576726992054824
26.7049999999998,0,2.21616427416391,0.556961505630029,0.0979861288638442,0.105717761840721,0.536300501774033,0.576726992054824
26.7099999999998,0,2.21615952667646,0.556960190479927,0.0979859803888837,0.105717761840721,0.536299291474349,0.576726992054824
26.7149999999998,0,2.21615478961642,0.556958878221237,0.0979858322401427,0.105717761840721,0.536298083832868,0.576726992054824
26.7199999999998,0,2.2161500629609,0.5569575688476,0.0979856844169047,0.105717761840721,0.536296878843755,0.576726992054824
26.7249999999998,0,2.21614534668707,0.556956262352671,0.0979855369184545,0.105717761840721,0.536295676501187,0.576726992054824
26.7299999999998,0,2.21614064077213,0.556954958730119,0.0979853897440785,0.105717761840721,0.536294476799358,0.576726992054824
26.7349999999998,0,2.21613594519335,0.556953657973627,0.0979852428930649,0.105717761840721,0.536293279732469,0.576726992054824
26.7399999999998,0,2.21613125992804,0.556952360076891,0.0979850963647032,0.105717761840721,0.536292085294739,0.576726992054824
26.7449999999998,0,2.21612658495357,0.556951065033622,0.0979849501582846,0.105717761840721,0.536290893480396,0.576726992054824
26.7499999999998,0,2.21612192024733,0.556949772837544,0.0979848042731019,0.105717761840721,0.536289704283682,0.576726992054824
26.7549999999998,0,2.21611726578679,0.556948483482396,0.0979846587084493,0.105717761840721,0.536288517698853,0.576726992054824
26.7599999999998,0,2.21611262154947,0.556947196961929,0.0979845134636227,0.105717761840721,0.536287333720174,0.576726992054824
26.7649999999998,0,2.21610798751291,0.556945913269908,0.0979843685379194,0.105717761840721,0.536286152341926,0.576726992054824
26.7699999999998,0,2.21610336365473,0.556944632400114,0.0979842239306384,0.105717761840721,0.536284973558401,0.576726992054824
26.7749999999998,0,2.21609874995259,0.556943354346339,0.0979840796410801,0.105717761840721,0.536283797363904,0.576726992054824
26.7799999999998,0,2.21609414638418,0.556942079102391,0.0979839356685465,0.105717761840721,0.536282623752752,0.576726992054824
26.7849999999998,0,2.21608955292728,0.556940806662088,0.0979837920123411,0.105717761840721,0.536281452719275,0.576726992054824
26.7899999999998,0,2.21608496955967,0.556939537019266,0.0979836486717691,0.105717761840721,0.536280284257815,0.576726992054824
26.7949999999998,0,2.21608039625921,0.556938270167773,0.097983505646137,0.105717761840721,0.536279118362726,0.576726992054824
26.7999999999998,0,2.2160758330038,0.556937006101468,0.0979833629347529,0.105717761840721,0.536277955028376,0.576726992054824
26.8049999999998,0,2.21607127977139,0.556935744814226,0.0979832205369264,0.105717761840721,0.536276794249143,0.576726992054824
26.8099999999998,0,2.21606673653999,0.556934486299936,0.0979830784519688,0.105717761840721,0.53627563601942,0.576726992054825
26.8149999999998,0,2.21606220328762,0.5569332305525,0.0979829366791926,0.105717761840721,0.536274480333609,0.576726992054825
26.8199999999998,0,2.2160576799924,0.556931977565831,0.097982795217912,0.105717761840721,0.536273327186128,0.576726992054825
26.8249999999998,0,2.21605316663245,0.556930727333858,0.0979826540674427,0.105717761840721,0.536272176571404,0.576726992054825
26.8299999999998,0,2.21604866318598,0.556929479850523,0.0979825132271019,0.105717761840721,0.536271028483879,0.576726992054825
26.8349999999998,0,2.21604416963122,0.556928235109782,0.0979823726962082,0.105717761840721,0.536269882918004,0.576726992054825
26.8399999999998,0,2.21603968594645,0.556926993105601,0.0979822324740819,0.105717761840721,0.536268739868245,0.576726992054825
26.8449999999998,0,2.21603521211,0.556925753831963,0.0979820925600445,0.105717761840721,0.536267599329078,0.576726992054825
26.8499999999998,0,2.21603074810026,0.556924517282863,0.0979819529534194,0.105717761840721,0.536266461294994,0.576726992054825
26.8549999999998,0,2.21602629389566,0.556923283452309,0.097981813653531,0.105717761840721,0.536265325760493,0.576726992054825
26.8599999999998,0,2.21602184947467,0.556922052334321,0.0979816746597056,0.105717761840721,0.536264192720089,0.576726992054825
26.8649999999998,0,2.21601741481581,0.556920823922934,0.0979815359712707,0.105717761840721,0.536263062168306,0.576726992054825
26.8699999999998,0,2.21601298989765,0.556919598212196,0.0979813975875554,0.105717761840721,0.536261934099682,0.576726992054825
26.8749999999998,0,2.21600857469881,0.556918375196167,0.0979812595078904,0.105717761840721,0.536260808508766,0.576726992054825
26.8799999999998,0,2.21600416919796,0.556917154868921,0.0979811217316075,0.105717761840721,0.536259685390121,0.576726992054825
26.8849999999998,0,2.21599977337379,0.556915937224544,0.0979809842580404,0.105717761840721,0.536258564738317,0.576726992054825
26.8899999999998,0,2.21599538720508,0.556914722257137,0.0979808470865239,0.105717761840721,0.536257446547942,0.576726992054825
26.8949999999998,0,2.21599101067061,0.556913509960811,0.0979807102163946,0.105717761840721,0.536256330813591,0.576726992054825
26.8999999999998,0,2.21598664374925,0.556912300329693,0.0979805736469902,0.105717761840721,0.536255217529874,0.576726992054825
26.9049999999998,0,2.21598228641989,0.556911093357921,0.0979804373776501,0.105717761840721,0.53625410669141,0.576726992054825
26.9099999999998,0,2.21597793866147,0.556909889039646,0.0979803014077152,0.105717761840721,0.536252998292833,0.576726992054825
26.9149999999998,0,2.21597360045298,0.556908687369033,0.0979801657365275,0.105717761840721,0.536251892328787,0.576726992054825
26.9199999999998,0,2.21596927177345,0.556907488340259,0.0979800303634309,0.105717761840721,0.536250788793927,0.576726992054825
26.9249999999998,0,2.21596495260196,0.556906291947514,0.0979798952877704,0.105717761840721,0.53624968768292,0.576726992054825
26.9299999999998,0,2.21596064291765,0.556905098185001,0.0979797605088925,0.105717761840721,0.536248588990447,0.576726992054825
26.9349999999998,0,2.21595634269968,0.556903907046935,0.0979796260261454,0.105717761840721,0.536247492711197,0.576726992054825
26.9399999999998,0,2.21595205192728,0.556902718527544,0.0979794918388783,0.105717761840721,0.536246398839875,0.576726992054825
26.9449999999998,0,2.21594777057969,0.55690153262107,0.0979793579464422,0.105717761840721,0.536245307371193,0.576726992054825
26.9499999999998,0,2.21594349863625,0.556900349321765,0.0979792243481894,0.105717761840721,0.536244218299878,0.576726992054825
26.9549999999998,0,2.21593923607629,0.556899168623897,0.0979790910434734,0.105717761840721,0.536243131620666,0.576726992054825
26.9599999999998,0,2.21593498287921,0.556897990521744,0.0979789580316496,0.105717761840721,0.536242047328308,0.576726992054825
26.9649999999998,0,2.21593073902447,0.556896815009597,0.0979788253120743,0.105717761840721,0.536240965417562,0.576726992054825
26.9699999999998,0,2.21592650449156,0.556895642081761,0.0979786928841056,0.105717761840721,0.536239885883201,0.576726992054825
26.9749999999998,0,2.21592227926,0.556894471732552,0.0979785607471028,0.105717761840721,0.536238808720009,0.576726992054825
26.9799999999998,0,2.21591806330938,0.556893303956299,0.0979784289004267,0.105717761840721,0.53623773392278,0.576726992054825
26.9849999999998,0,2.21591385661932,0.556892138747344,0.0979782973434394,0.105717761840721,0.53623666148632,0.576726992054825
26.9899999999998,0,2.21590965916949,0.55689097610004,0.0979781660755045,0.105717761840721,0.536235591405447,0.576726992054825
26.9949999999998,0,2.21590547093961,0.556889816008755,0.0979780350959871,0.105717761840721,0.536234523674989,0.576726992054825
26.9999999999998,0,2.21590129190942,0.556888658467866,0.0979779044042534,0.105717761840721,0.536233458289788,0.576726992054825
27.0049999999998,0,2.21589712205875,0.556887503471765,0.0979777739996713,0.105717761840721,0.536232395244693,0.576726992054825
27.0099999999998,0,2.21589296136742,0.556886351014856,0.0979776438816098,0.105717761840721,0.536231334534569,0.576726992054825
27.0149999999998,0,2.21588880981534,0.556885201091553,0.0979775140494396,0.105717761840721,0.53623027615429,0.576726992054825
27.0199999999998,0,2.21588466738244,0.556884053696287,0.0979773845025324,0.105717761840721,0.53622922009874,0.576726992054825
27.0249999999998,0,2.2158805340487,0.556882908823496,0.0979772552402617,0.105717761840721,0.536228166362817,0.576726992054825
27.0299999999998,0,2.21587640979413,0.556881766467633,0.0979771262620021,0.105717761840721,0.536227114941427,0.576726992054825
27.0349999999998,0,2.21587229459882,0.556880626623164,0.0979769975671296,0.105717761840721,0.536226065829491,0.576726992054825
27.0399999999998,0,2.21586818844286,0.556879489284564,0.0979768691550216,0.105717761840721,0.536225019021938,0.576726992054825
27.0449999999998,0,2.21586409130641,0.556878354446324,0.097976741025057,0.105717761840721,0.536223974513708,0.576726992054825
27.0499999999998,0,2.21586000316967,0.556877222102944,0.0979766131766159,0.105717761840721,0.536222932299756,0.576726992054825
27.0549999999998,0,2.21585592401289,0.556876092248939,0.0979764856090798,0.105717761840721,0.536221892375043,0.576726992054825
27.0599999999998,0,2.21585185381634,0.556874964878832,0.0979763583218316,0.105717761840721,0.536220854734544,0.576726992054825
27.0649999999998,0,2.21584779256036,0.556873839987162,0.0979762313142554,0.105717761840721,0.536219819373244,0.576726992054825
27.0699999999998,0,2.2158437402253,0.556872717568479,0.0979761045857369,0.105717761840721,0.536218786286141,0.576726992054825
27.0749999999998,0,2.2158396967916,0.556871597617343,0.097975978135663,0.105717761840721,0.536217755468241,0.576726992054825
27.0799999999998,0,2.2158356622397,0.556870480128328,0.097975851963422,0.105717761840721,0.536216726914562,0.576726992054825
27.0849999999998,0,2.21583163655011,0.55686936509602,0.0979757260684034,0.105717761840721,0.536215700620134,0.576726992054825
27.0899999999998,0,2.21582761970336,0.556868252515016,0.0979756004499983,0.105717761840721,0.536214676579996,0.576726992054825
27.0949999999998,0,2.21582361168004,0.556867142379925,0.0979754751075989,0.105717761840721,0.536213654789201,0.576726992054825
27.0999999999998,0,2.21581961246079,0.556866034685368,0.0979753500405989,0.105717761840721,0.536212635242809,0.576726992054825
27.1049999999998,0,2.21581562202626,0.556864929425977,0.0979752252483932,0.105717761840721,0.536211617935894,0.576726992054825
27.1099999999998,0,2.21581164035718,0.556863826596399,0.0979751007303781,0.105717761840721,0.536210602863538,0.576726992054825
27.1149999999998,0,2.21580766743429,0.556862726191288,0.0979749764859512,0.105717761840721,0.536209590020836,0.576726992054825
27.1199999999998,0,2.2158037032384,0.556861628205314,0.0979748525145115,0.105717761840721,0.536208579402894,0.576726992054825
27.1249999999998,0,2.21579974775035,0.556860532633156,0.0979747288154593,0.105717761840721,0.536207571004826,0.576726992054825
27.1299999999998,0,2.215795800951,0.556859439469506,0.097974605388196,0.105717761840721,0.536206564821759,0.576726992054825
27.1349999999998,0,2.2157918628213,0.556858348709068,0.0979744822321247,0.105717761840721,0.536205560848831,0.576726992054825
27.1399999999998,0,2.2157879333422,0.556857260346555,0.0979743593466494,0.105717761840721,0.536204559081189,0.576726992054825
27.1449999999998,0,2.21578401249471,0.556856174376696,0.0979742367311758,0.105717761840721,0.536203559513991,0.576726992054825
27.1499999999998,0,2.21578010025987,0.556855090794228,0.0979741143851106,0.105717761840721,0.536202562142407,0.576726992054825
27.1549999999998,0,2.21577619661879,0.556854009593901,0.097973992307862,0.105717761840721,0.536201566961617,0.576726992054825
27.1599999999998,0,2.21577230155258,0.556852930770476,0.0979738704988393,0.105717761840721,0.53620057396681,0.576726992054825
27.1649999999998,0,2.21576841504242,0.556851854318726,0.0979737489574533,0.105717761840721,0.536199583153187,0.576726992054825
27.1699999999998,0,2.21576453706954,0.556850780233436,0.097973627683116,0.105717761840721,0.536198594515959,0.576726992054825
27.1749999999998,0,2.21576066761517,0.556849708509401,0.0979735066752408,0.105717761840721,0.536197608050349,0.576726992054825
27.1799999999998,0,2.21575680666062,0.556848639141429,0.0979733859332421,0.105717761840721,0.536196623751589,0.576726992054825
27.1849999999998,0,2.21575295418723,0.556847572124339,0.097973265456536,0.105717761840721,0.536195641614921,0.576726992054825
27.1899999999998,0,2.21574911017637,0.55684650745296,0.0979731452445394,0.105717761840721,0.536194661635598,0.576726992054825
27.1949999999998,0,2.21574527460946,0.556845445122134,0.097973025296671,0.105717761840721,0.536193683808884,0.576726992054825
27.1999999999998,0,2.21574144746796,0.556844385126714,0.0979729056123504,0.105717761840721,0.536192708130053,0.576726992054825
27.2049999999998,0,2.21573762873338,0.556843327461565,0.0979727861909986,0.105717761840721,0.53619173459439,0.576726992054825
27.2099999999998,0,2.21573381838726,0.556842272121561,0.0979726670320378,0.105717761840721,0.536190763197188,0.576726992054825
27.2149999999998,0,2.21573001641117,0.55684121910159,0.0979725481348916,0.105717761840721,0.536189793933753,0.576726992054825
27.2199999999998,0,2.21572622278673,0.556840168396548,0.0979724294989849,0.105717761840721,0.5361888267994,0.576726992054825
27.2249999999998,0,2.21572243749562,0.556839120001347,0.0979723111237436,0.105717761840721,0.536187861789455,0.576726992054825
27.2299999999998,0,2.21571866051954,0.556838073910905,0.0979721930085951,0.105717761840721,0.536186898899254,0.576726992054825
27.2349999999998,0,2.21571489184021,0.556837030120155,0.097972075152968,0.105717761840721,0.536185938124142,0.576726992054825
27.2399999999998,0,2.21571113143944,0.55683598862404,0.0979719575562921,0.105717761840721,0.536184979459475,0.576726992054825
27.2449999999998,0,2.21570737929904,0.556834949417513,0.0979718402179985,0.105717761840721,0.536184022900621,0.576726992054825
27.2499999999998,0,2.21570363540087,0.556833912495539,0.0979717231375196,0.105717761840721,0.536183068442955,0.576726992054825
27.2549999999998,0,2.21569989972684,0.556832877853094,0.0979716063142888,0.105717761840721,0.536182116081865,0.576726992054825
27.2599999999998,0,2.21569617225888,0.556831845485166,0.0979714897477412,0.105717761840721,0.536181165812746,0.576726992054825
27.2649999999998,0,2.21569245297899,0.556830815386753,0.0979713734373127,0.105717761840721,0.536180217631007,0.576726992054825
27.2699999999998,0,2.21568874186918,0.556829787552863,0.0979712573824407,0.105717761840721,0.536179271532064,0.576726992054825
27.2749999999998,0,2.21568503891151,0.556828761978517,0.0979711415825636,0.105717761840721,0.536178327511344,0.576726992054825
27.2799999999998,0,2.21568134408808,0.556827738658747,0.0979710260371214,0.105717761840721,0.536177385564284,0.576726992054825
27.2849999999998,0,2.21567765738103,0.556826717588593,0.0979709107455549,0.105717761840721,0.536176445686332,0.576726992054825
27.2899999999998,0,2.21567397877254,0.556825698763109,0.0979707957073064,0.105717761840721,0.536175507872943,0.576726992054825
27.2949999999998,0,2.21567030824483,0.556824682177359,0.0979706809218195,0.105717761840721,0.536174572119586,0.576726992054826
27.2999999999998,0,2.21566664578015,0.556823667826417,0.0979705663885387,0.105717761840721,0.536173638421738,0.576726992054826
27.3049999999998,0,2.2156629913608,0.556822655705369,0.0979704521069101,0.105717761840721,0.536172706774884,0.576726992054826
27.3099999999998,0,2.21565934496912,0.556821645809312,0.0979703380763806,0.105717761840721,0.536171777174523,0.576726992054826
27.3149999999998,0,2.21565570658747,0.556820638133352,0.0979702242963987,0.105717761840721,0.53617084961616,0.576726992054826
27.3199999999998,0,2.21565207619827,0.556819632672606,0.0979701107664139,0.105717761840721,0.536169924095312,0.576726992054826
27.3249999999998,0,2.21564845378397,0.556818629422205,0.097969997485877,0.105717761840721,0.536169000607506,0.576726992054826
27.3299999999998,0,2.21564483932705,0.556817628377287,0.0979698844542399,0.105717761840721,0.536168079148277,0.576726992054826
27.3349999999998,0,2.21564123281005,0.556816629533002,0.0979697716709558,0.105717761840721,0.536167159713172,0.576726992054826
27.3399999999998,0,2.21563763421553,0.556815632884512,0.0979696591354791,0.105717761840721,0.536166242297746,0.576726992054826
27.3449999999998,0,2.21563404352609,0.556814638426986,0.0979695468472653,0.105717761840721,0.536165326897565,0.576726992054826
27.3499999999998,0,2.21563046072438,0.556813646155607,0.0979694348057713,0.105717761840721,0.536164413508205,0.576726992054826
27.3549999999998,0,2.21562688579307,0.556812656065569,0.0979693230104549,0.105717761840721,0.536163502125248,0.576726992054826
27.3599999999998,0,2.21562331871489,0.556811668152073,0.0979692114607753,0.105717761840721,0.536162592744292,0.576726992054826
27.3649999999998,0,2.21561975947258,0.556810682410334,0.0979691001561928,0.105717761840721,0.536161685360939,0.576726992054826
27.3699999999998,0,2.21561620804895,0.556809698835576,0.097968989096169,0.105717761840721,0.536160779970803,0.576726992054826
27.3749999999998,0,2.21561266442682,0.556808717423033,0.0979688782801667,0.105717761840721,0.536159876569509,0.576726992054826
27.3799999999998,0,2.21560912858907,0.556807738167951,0.0979687677076495,0.105717761840721,0.536158975152689,0.576726992054826
27.3849999999998,0,2.2156056005186,0.556806761065585,0.0979686573780827,0.105717761840721,0.536158075715985,0.576726992054826
27.3899999999998,0,2.21560208019835,0.556805786111203,0.0979685472909325,0.105717761840721,0.536157178255051,0.576726992054826
27.3949999999998,0,2.2155985676113,0.556804813300079,0.0979684374456663,0.105717761840721,0.536156282765547,0.576726992054826
27.3999999999998,0,2.21559506274049,0.556803842627501,0.0979683278417526,0.105717761840721,0.536155389243146,0.576726992054826
27.4049999999998,0,2.21559156556895,0.556802874088767,0.0979682184786612,0.105717761840721,0.536154497683528,0.576726992054826
27.4099999999998,0,2.21558807607979,0.556801907679184,0.0979681093558631,0.105717761840721,0.536153608082382,0.576726992054826
27.4149999999998,0,2.21558459425613,0.556800943394069,0.0979680004728302,0.105717761840721,0.53615272043541,0.576726992054826
27.4199999999998,0,2.21558112008115,0.556799981228752,0.0979678918290359,0.105717761840721,0.53615183473832,0.576726992054826
27.4249999999998,0,2.21557765353804,0.556799021178571,0.0979677834239545,0.105717761840721,0.53615095098683,0.576726992054826
27.4299999999998,0,2.21557419461005,0.556798063238874,0.0979676752570616,0.105717761840721,0.536150069176669,0.576726992054826
27.4349999999998,0,2.21557074328046,0.556797107405021,0.0979675673278338,0.105717761840721,0.536149189303574,0.576726992054826
27.4399999999998,0,2.21556729953258,0.55679615367238,0.0979674596357491,0.105717761840721,0.536148311363291,0.576726992054826
27.4449999999998,0,2.21556386334976,0.556795202036332,0.0979673521802864,0.105717761840721,0.536147435351577,0.576726992054826
27.4499999999998,0,2.21556043471539,0.556794252492266,0.0979672449609258,0.105717761840721,0.536146561264196,0.576726992054826
27.4549999999998,0,2.2155570136129,0.556793305035581,0.0979671379771487,0.105717761840721,0.536145689096924,0.576726992054826
27.4599999999998,0,2.21555360002574,0.556792359661688,0.0979670312284374,0.105717761840721,0.536144818845545,0.576726992054826
27.4649999999998,0,2.21555019393741,0.556791416366006,0.0979669247142755,0.105717761840721,0.536143950505851,0.576726992054826
27.4699999999998,0,2.21554679533145,0.556790475143966,0.0979668184341478,0.105717761840721,0.536143084073644,0.576726992054826
27.4749999999998,0,2.21554340419142,0.556789535991007,0.0979667123875399,0.105717761840721,0.536142219544737,0.576726992054826
27.4799999999998,0,2.21554002050094,0.55678859890258,0.097966606573939,0.105717761840721,0.536141356914949,0.576726992054826
27.4849999999998,0,2.21553664424363,0.556787663874145,0.097966500992833,0.105717761840721,0.536140496180112,0.576726992054826
27.4899999999998,0,2.21553327540318,0.556786730901172,0.0979663956437112,0.105717761840721,0.536139637336064,0.576726992054826
27.4949999999998,0,2.2155299139633,0.55678579997914,0.0979662905260639,0.105717761840721,0.536138780378653,0.576726992054826
27.4999999999998,0,2.21552655990775,0.556784871103541,0.0979661856393825,0.105717761840721,0.536137925303736,0.576726992054826
27.5049999999998,0,2.21552321322029,0.556783944269873,0.0979660809831596,0.105717761840721,0.53613707210718,0.576726992054826
27.5099999999998,0,2.21551987388476,0.556783019473648,0.0979659765568889,0.105717761840721,0.53613622078486,0.576726992054826
27.5149999999998,0,2.21551654188502,0.556782096710384,0.0979658723600652,0.105717761840721,0.536135371332661,0.576726992054826
27.5199999999998,0,2.21551321720494,0.556781175975611,0.0979657683921844,0.105717761840721,0.536134523746477,0.576726992054826
27.5249999999998,0,2.21550989982846,0.556780257264868,0.0979656646527435,0.105717761840721,0.536133678022209,0.576726992054826
27.5299999999998,0,2.21550658973953,0.556779340573706,0.0979655611412405,0.105717761840721,0.536132834155769,0.576726992054826
27.5349999999998,0,2.21550328692216,0.556778425897682,0.0979654578571748,0.105717761840721,0.536131992143078,0.576726992054826
27.5399999999998,0,2.21549999136038,0.556777513232366,0.0979653548000466,0.105717761840721,0.536131151980066,0.576726992054826
27.5449999999998,0,2.21549670303825,0.556776602573336,0.0979652519693573,0.105717761840721,0.53613031366267,0.576726992054826
27.5499999999998,0,2.21549342193988,0.55677569391618,0.0979651493646095,0.105717761840721,0.536129477186838,0.576726992054826
27.5549999999998,0,2.2154901480494,0.556774787256497,0.0979650469853068,0.105717761840721,0.536128642548526,0.576726992054826
27.5599999999998,0,2.21548688135098,0.556773882589894,0.0979649448309537,0.105717761840721,0.536127809743699,0.576726992054826
27.5649999999998,0,2.21548362182883,0.556772979911988,0.0979648429010562,0.105717761840721,0.536126978768331,0.576726992054826
27.5699999999998,0,2.2154803694672,0.556772079218407,0.0979647411951211,0.105717761840721,0.536126149618404,0.576726992054826
27.5749999999998,0,2.21547712425034,0.556771180504786,0.0979646397126564,0.105717761840721,0.536125322289911,0.576726992054826
27.5799999999998,0,2.21547388616259,0.556770283766773,0.097964538453171,0.105717761840721,0.536124496778851,0.576726992054826
27.5849999999998,0,2.21547065518827,0.556769389000022,0.097964437416175,0.105717761840721,0.536123673081234,0.576726992054826
27.5899999999998,0,2.21546743131178,0.5567684962002,0.0979643366011798,0.105717761840721,0.536122851193078,0.576726992054826
27.5949999999998,0,2.21546421451751,0.556767605362981,0.0979642360076974,0.105717761840721,0.536122031110408,0.576726992054826
27.5999999999998,0,2.21546100478992,0.556766716484049,0.0979641356352413,0.105717761840721,0.536121212829261,0.576726992054826
27.6049999999998,0,2.2154578021135,0.556765829559099,0.0979640354833258,0.105717761840721,0.53612039634568,0.576726992054826
27.6099999999998,0,2.21545460647275,0.556764944583833,0.0979639355514665,0.105717761840721,0.536119581655718,0.576726992054826
27.6149999999998,0,2.21545141785222,0.556764061553964,0.0979638358391797,0.105717761840721,0.536118768755437,0.576726992054826
27.6199999999998,0,2.21544823623651,0.556763180465216,0.0979637363459833,0.105717761840721,0.536117957640906,0.576726992054826
27.6249999999998,0,2.21544506161022,0.556762301313318,0.0979636370713956,0.105717761840721,0.536117148308205,0.576726992054826
27.6299999999998,0,2.215441893958,0.556761424094013,0.0979635380149366,0.105717761840721,0.536116340753419,0.576726992054826
27.6349999999998,0,2.21543873326455,0.556760548803051,0.0979634391761269,0.105717761840721,0.536115534972646,0.576726992054826
27.6399999999998,0,2.21543557951457,0.556759675436191,0.0979633405544884,0.105717761840721,0.536114730961988,0.576726992054826
27.6449999999998,0,2.21543243269282,0.556758803989203,0.0979632421495439,0.105717761840721,0.536113928717561,0.576726992054826
27.6499999999997,0,2.21542929278409,0.556757934457864,0.0979631439608174,0.105717761840721,0.536113128235484,0.576726992054826
27.6549999999998,0,2.2154261597732,0.556757066837963,0.0979630459878338,0.105717761840721,0.536112329511887,0.576726992054826
27.6599999999998,0,2.21542303364499,0.556756201125297,0.0979629482301191,0.105717761840721,0.53611153254291,0.576726992054826
27.6649999999998,0,2.21541991438435,0.556755337315671,0.0979628506872003,0.105717761840721,0.536110737324699,0.576726992054826
27.6699999999998,0,2.2154168019762,0.556754475404902,0.0979627533586056,0.105717761840721,0.536109943853409,0.576726992054826
27.6749999999998,0,2.21541369640548,0.556753615388813,0.0979626562438641,0.105717761840721,0.536109152125205,0.576726992054826
27.6799999999998,0,2.2154105976572,0.556752757263239,0.0979625593425058,0.105717761840721,0.536108362136258,0.576726992054826
27.6849999999998,0,2.21540750571635,0.556751901024022,0.0979624626540621,0.105717761840721,0.536107573882749,0.576726992054826
27.6899999999997,0,2.215404420568,0.556751046667015,0.0979623661780651,0.105717761840721,0.536106787360867,0.576726992054826
27.6949999999998,0,2.21540134219722,0.556750194188079,0.0979622699140481,0.105717761840721,0.53610600256681,0.576726992054826
27.6999999999998,0,2.21539827058914,0.556749343583084,0.0979621738615453,0.105717761840721,0.536105219496782,0.576726992054826
27.7049999999997,0,2.21539520572889,0.556748494847909,0.0979620780200921,0.105717761840721,0.536104438146999,0.576726992054826
27.7099999999998,0,2.21539214760166,0.556747647978444,0.0979619823892247,0.105717761840721,0.536103658513682,0.576726992054826
27.7149999999998,0,2.21538909619267,0.556746802970585,0.0979618869684804,0.105717761840721,0.536102880593062,0.576726992054826
27.7199999999998,0,2.21538605148715,0.55674595982024,0.0979617917573977,0.105717761840721,0.536102104381379,0.576726992054826
27.7249999999997,0,2.21538301347039,0.556745118523323,0.0979616967555159,0.105717761840721,0.536101329874878,0.576726992054826
27.7299999999997,0,2.2153799821277,0.556744279075759,0.0979616019623753,0.105717761840721,0.536100557069816,0.576726992054826
27.7349999999998,0,2.21537695744443,0.556743441473483,0.0979615073775174,0.105717761840721,0.536099785962456,0.576726992054826
27.7399999999997,0,2.21537393940593,0.556742605712435,0.0979614130004846,0.105717761840721,0.53609901654907,0.576726992054826
27.7449999999997,0,2.21537092799763,0.556741771788568,0.0979613188308201,0.105717761840721,0.536098248825938,0.576726992054826
27.7499999999998,0,2.21536792320497,0.556740939697843,0.0979612248680686,0.105717761840721,0.536097482789348,0.576726992054826
27.7549999999998,0,2.2153649250134,0.556740109436227,0.0979611311117752,0.105717761840721,0.536096718435596,0.576726992054826
27.7599999999997,0,2.21536193340844,0.5567392809997,0.0979610375614865,0.105717761840721,0.536095955760987,0.576726992054826
27.7649999999997,0,2.21535894837562,0.556738454384247,0.0979609442167499,0.105717761840721,0.536095194761833,0.576726992054826
27.7699999999997,0,2.21535596990051,0.556737629585866,0.0979608510771136,0.105717761840721,0.536094435434455,0.576726992054826
27.7749999999997,0,2.21535299796871,0.55673680660056,0.0979607581421272,0.105717761840721,0.536093677775181,0.576726992054826
27.7799999999997,0,2.21535003256584,0.556735985424342,0.0979606654113409,0.105717761840721,0.536092921780349,0.576726992054826
27.7849999999997,0,2.21534707367757,0.556735166053235,0.0979605728843062,0.105717761840721,0.536092167446302,0.576726992054826
27.7899999999998,0,2.21534412128958,0.55673434848327,0.0979604805605754,0.105717761840721,0.536091414769395,0.576726992054826
27.7949999999997,0,2.21534117538761,0.556733532710486,0.0979603884397018,0.105717761840721,0.536090663745987,0.576726992054826
27.7999999999997,0,2.21533823595741,0.556732718730931,0.0979602965212397,0.105717761840721,0.536089914372447,0.576726992054826
27.8049999999997,0,2.21533530298477,0.556731906540663,0.0979602048047445,0.105717761840721,0.536089166645153,0.576726992054826
27.8099999999997,0,2.2153323764555,0.556731096135747,0.0979601132897723,0.105717761840721,0.536088420560488,0.576726992054826
27.8149999999997,0,2.21532945635545,0.556730287512258,0.0979600219758805,0.105717761840721,0.536087676114846,0.576726992054826
27.8199999999997,0,2.2153265426705,0.556729480666278,0.0979599308626272,0.105717761840721,0.536086933304627,0.576726992054826
27.8249999999997,0,2.21532363538657,0.556728675593899,0.0979598399495716,0.105717761840721,0.53608619212624,0.576726992054826
27.8299999999997,0,2.2153207344896,0.556727872291221,0.0979597492362738,0.105717761840721,0.5360854525761,0.576726992054826
27.8349999999997,0,2.21531783996555,0.556727070754352,0.0979596587222951,0.105717761840721,0.536084714650633,0.576726992054826
27.8399999999997,0,2.21531495180044,0.556726270979411,0.0979595684071975,0.105717761840721,0.536083978346269,0.576726992054826
27.8449999999997,0,2.21531206998029,0.556725472962523,0.0979594782905439,0.105717761840721,0.536083243659449,0.576726992054826
27.8499999999997,0,2.21530919449118,0.556724676699822,0.0979593883718985,0.105717761840721,0.536082510586621,0.576726992054826
27.8549999999997,0,2.21530632531919,0.556723882187452,0.0979592986508262,0.105717761840721,0.53608177912424,0.576726992054826
27.8599999999997,0,2.21530346245046,0.556723089421562,0.0979592091268929,0.105717761840721,0.53608104926877,0.576726992054826
27.8649999999997,0,2.21530060587114,0.556722298398315,0.0979591197996654,0.105717761840721,0.536080321016681,0.576726992054826
27.8699999999997,0,2.21529775556742,0.556721509113877,0.0979590306687117,0.105717761840721,0.536079594364451,0.576726992054826
27.8749999999997,0,2.21529491152551,0.556720721564425,0.0979589417336004,0.105717761840721,0.536078869308569,0.576726992054826
27.8799999999997,0,2.21529207373166,0.556719935746145,0.0979588529939014,0.105717761840721,0.536078145845527,0.576726992054826
27.8849999999997,0,2.21528924217215,0.55671915165523,0.0979587644491852,0.105717761840721,0.536077423971828,0.576726992054826
27.8899999999997,0,2.21528641683329,0.556718369287881,0.0979586760990234,0.105717761840721,0.536076703683982,0.576726992054826
27.8949999999997,0,2.21528359770142,0.55671758864031,0.0979585879429887,0.105717761840721,0.536075984978505,0.576726992054826
27.8999999999997,0,2.2152807847629,0.556716809708734,0.0979584999806544,0.105717761840721,0.536075267851922,0.576726992054826
27.9049999999997,0,2.21527797800414,0.556716032489381,0.0979584122115951,0.105717761840721,0.536074552300766,0.576726992054826
27.9099999999997,0,2.21527517741155,0.556715256978485,0.0979583246353861,0.105717761840721,0.536073838321577,0.576726992054826
27.9149999999997,0,2.2152723829716,0.556714483172291,0.0979582372516037,0.105717761840721,0.536073125910903,0.576726992054826
27.9199999999997,0,2.21526959467077,0.556713711067049,0.0979581500598251,0.105717761840721,0.536072415065299,0.576726992054826
27.9249999999997,0,2.21526681249558,0.556712940659021,0.0979580630596284,0.105717761840721,0.536071705781327,0.576726992054826
27.9299999999997,0,2.21526403643258,0.556712171944473,0.0979579762505928,0.105717761840721,0.536070998055559,0.576726992054826
27.9349999999997,0,2.21526126646834,0.556711404919683,0.0979578896322982,0.105717761840721,0.536070291884572,0.576726992054826
27.9399999999997,0,2.21525850258947,0.556710639580935,0.0979578032043256,0.105717761840721,0.536069587264951,0.576726992054826
27.9449999999997,0,2.21525574478261,0.556709875924522,0.0979577169662567,0.105717761840721,0.53606888419329,0.576726992054826
27.9499999999997,0,2.21525299303441,0.556709113946744,0.0979576309176745,0.105717761840721,0.536068182666189,0.576726992054826
27.9549999999997,0,2.21525024733157,0.556708353643912,0.0979575450581626,0.105717761840721,0.536067482680255,0.576726992054826
27.9599999999997,0,2.21524750766082,0.556707595012341,0.0979574593873054,0.105717761840721,0.536066784232104,0.576726992054826
27.9649999999997,0,2.2152447740089,0.556706838048358,0.0979573739046887,0.105717761840721,0.536066087318359,0.576726992054826
27.9699999999997,0,2.21524204636259,0.556706082748295,0.0979572886098988,0.105717761840721,0.536065391935649,0.576726992054826
27.9749999999997,0,2.21523932470871,0.556705329108495,0.0979572035025229,0.105717761840721,0.536064698080613,0.576726992054826
27.9799999999997,0,2.2152366090341,0.556704577125306,0.0979571185821494,0.105717761840721,0.536064005749895,0.576726992054826
27.9849999999997,0,2.21523389932562,0.556703826795087,0.0979570338483675,0.105717761840721,0.536063314940148,0.576726992054826
27.9899999999997,0,2.21523119557017,0.556703078114201,0.097956949300767,0.105717761840721,0.53606262564803,0.576726992054826
27.9949999999997,0,2.21522849775467,0.556702331079025,0.097956864938939,0.105717761840721,0.53606193787021,0.576726992054826
27.9999999999997,0,2.21522580586607,0.556701585685937,0.0979567807624754,0.105717761840721,0.536061251603361,0.576726992054826
28.0049999999997,0,2.21522311989137,0.556700841931329,0.0979566967709687,0.105717761840721,0.536060566844165,0.576726992054826
28.0099999999997,0,2.21522043981757,0.556700099811598,0.0979566129640128,0.105717761840721,0.536059883589311,0.576726992054826
28.0149999999997,0,2.21521776563172,0.556699359323148,0.0979565293412021,0.105717761840721,0.536059201835494,0.576726992054826
28.0199999999997,0,2.21521509732087,0.556698620462394,0.097956445902132,0.105717761840721,0.536058521579419,0.576726992054826
28.0249999999997,0,2.21521243487212,0.556697883225755,0.0979563626463989,0.105717761840721,0.536057842817795,0.576726992054826
28.0299999999997,0,2.21520977827261,0.556697147609662,0.0979562795735999,0.105717761840721,0.536057165547341,0.576726992054826
28.0349999999997,0,2.21520712750948,0.556696413610551,0.0979561966833331,0.105717761840721,0.536056489764782,0.576726992054826
28.0399999999997,0,2.21520448256992,0.556695681224867,0.0979561139751974,0.105717761840721,0.536055815466849,0.576726992054826
28.0449999999997,0,2.21520184344113,0.556694950449062,0.0979560314487928,0.105717761840721,0.536055142650283,0.576726992054826
28.0499999999997,0,2.21519921011036,0.556694221279596,0.0979559491037198,0.105717761840721,0.536054471311829,0.576726992054826
28.0549999999997,0,2.21519658256486,0.556693493712939,0.0979558669395802,0.105717761840721,0.536053801448242,0.576726992054826
28.0599999999997,0,2.21519396079193,0.556692767745565,0.0979557849559764,0.105717761840721,0.536053133056282,0.576726992054826
28.0649999999997,0,2.21519134477889,0.556692043373958,0.0979557031525117,0.105717761840721,0.536052466132717,0.576726992054826
28.0699999999997,0,2.2151887345131,0.556691320594609,0.0979556215287904,0.105717761840721,0.536051800674322,0.576726992054826
28.0749999999997,0,2.21518612998192,0.556690599404018,0.0979555400844175,0.105717761840721,0.53605113667788,0.576726992054826
28.0799999999997,0,2.21518353117277,0.556689879798692,0.097955458818999,0.105717761840721,0.536050474140178,0.576726992054826
28.0849999999997,0,2.21518093807307,0.556689161775144,0.0979553777321417,0.105717761840721,0.536049813058015,0.576726992054826
28.0899999999997,0,2.21517835067029,0.556688445329898,0.0979552968234533,0.105717761840721,0.536049153428192,0.576726992054826
28.0949999999997,0,2.21517576895191,0.556687730459482,0.0979552160925423,0.105717761840721,0.53604849524752,0.576726992054826
28.0999999999997,0,2.21517319290545,0.556687017160434,0.0979551355390182,0.105717761840721,0.536047838512816,0.576726992054826
28.1049999999997,0,2.21517062251845,0.556686305429299,0.0979550551624912,0.105717761840721,0.536047183220905,0.576726992054826
28.1099999999997,0,2.21516805777848,0.55668559526263,0.0979549749625724,0.105717761840721,0.536046529368618,0.576726992054826
28.1149999999997,0,2.21516549867314,0.556684886656988,0.0979548949388738,0.105717761840721,0.536045876952792,0.576726992054826
28.1199999999997,0,2.21516294519004,0.556684179608939,0.0979548150910083,0.105717761840721,0.536045225970273,0.576726992054826
28.1249999999997,0,2.21516039731685,0.556683474115059,0.0979547354185894,0.105717761840721,0.536044576417913,0.576726992054826
28.1299999999997,0,2.21515785504124,0.556682770171931,0.0979546559212318,0.105717761840721,0.536043928292571,0.576726992054826
28.1349999999997,0,2.21515531835091,0.556682067776146,0.0979545765985507,0.105717761840721,0.536043281591113,0.576726992054826
28.1399999999997,0,2.2151527872336,0.5566813669243,0.0979544974501625,0.105717761840721,0.536042636310411,0.576726992054826
28.1449999999997,0,2.21515026167707,0.556680667613001,0.0979544184756842,0.105717761840721,0.536041992447345,0.576726992054826
28.1499999999997,0,2.21514774166911,0.556679969838859,0.0979543396747336,0.105717761840721,0.536041349998801,0.576726992054826
28.1549999999997,0,2.21514522719752,0.556679273598497,0.0979542610469295,0.105717761840721,0.536040708961673,0.576726992054826
28.1599999999997,0,2.21514271825015,0.556678578888541,0.0979541825918916,0.105717761840721,0.536040069332861,0.576726992054826
28.1649999999997,0,2.21514021481486,0.556677885705626,0.0979541043092401,0.105717761840721,0.536039431109271,0.576726992054826
28.1699999999997,0,2.21513771687955,0.556677194046396,0.0979540261985964,0.105717761840721,0.536038794287818,0.576726992054826
28.1749999999997,0,2.21513522443213,0.556676503907499,0.0979539482595825,0.105717761840721,0.53603815886542,0.576726992054826
28.1799999999997,0,2.21513273746056,0.556675815285594,0.0979538704918214,0.105717761840721,0.536037524839007,0.576726992054826
28.1849999999997,0,2.2151302559528,0.556675128177345,0.0979537928949368,0.105717761840721,0.536036892205512,0.576726992054826
28.1899999999997,0,2.21512777989685,0.556674442579423,0.0979537154685532,0.105717761840721,0.536036260961875,0.576726992054826
28.1949999999997,0,2.21512530928075,0.556673758488509,0.097953638212296,0.105717761840721,0.536035631105043,0.576726992054826
28.1999999999997,0,2.21512284409254,0.556673075901288,0.0979535611257915,0.105717761840721,0.536035002631972,0.576726992054826
28.2049999999997,0,2.21512038432029,0.556672394814455,0.0979534842086667,0.105717761840721,0.536034375539621,0.576726992054826
28.2099999999997,0,2.21511792995212,0.556671715224711,0.0979534074605494,0.105717761840721,0.536033749824958,0.576726992054826
28.2149999999997,0,2.21511548097616,0.556671037128764,0.0979533308810683,0.105717761840721,0.536033125484958,0.576726992054826
28.2199999999997,0,2.21511303738055,0.556670360523331,0.0979532544698529,0.105717761840721,0.5360325025166,0.576726992054826
28.2249999999997,0,2.21511059915349,0.556669685405133,0.0979531782265335,0.105717761840721,0.536031880916873,0.576726992054826
28.2299999999997,0,2.21510816628317,0.5566690117709,0.0979531021507412,0.105717761840721,0.53603126068277,0.576726992054826
28.2349999999997,0,2.21510573875784,0.556668339617371,0.097953026242108,0.105717761840721,0.536030641811291,0.576726992054826
28.2399999999997,0,2.21510331656576,0.55666766894129,0.0979529505002665,0.105717761840721,0.536030024299445,0.576726992054826
28.2449999999997,0,2.21510089969521,0.556666999739407,0.0979528749248503,0.105717761840721,0.536029408144245,0.576726992054826
28.2499999999997,0,2.2150984881345,0.556666332008483,0.0979527995154937,0.105717761840721,0.53602879334271,0.576726992054826
28.2549999999997,0,2.21509608187196,0.556665665745283,0.097952724271832,0.105717761840721,0.536028179891868,0.576726992054826
28.2599999999997,0,2.21509368089597,0.556665000946579,0.097952649193501,0.105717761840721,0.536027567788753,0.576726992054826
28.2649999999997,0,2.21509128519491,0.556664337609152,0.0979525742801374,0.105717761840721,0.536026957030403,0.576726992054826
28.2699999999997,0,2.21508889475719,0.55666367572979,0.0979524995313789,0.105717761840721,0.536026347613866,0.576726992054826
28.2749999999997,0,2.21508650957126,0.556663015305286,0.0979524249468638,0.105717761840721,0.536025739536194,0.576726992054826
28.2799999999997,0,2.21508412962557,0.556662356332442,0.0979523505262311,0.105717761840721,0.536025132794447,0.576726992054826
28.2849999999997,0,2.21508175490862,0.556661698808066,0.097952276269121,0.105717761840721,0.53602452738569,0.576726992054826
28.2899999999997,0,2.21507938540892,0.556661042728973,0.0979522021751739,0.105717761840721,0.536023923306996,0.576726992054826
28.2949999999997,0,2.21507702111502,0.556660388091986,0.0979521282440316,0.105717761840721,0.536023320555443,0.576726992054826
28.2999999999997,0,2.21507466201547,0.556659734893934,0.0979520544753362,0.105717761840721,0.536022719128116,0.576726992054826
28.3049999999997,0,2.21507230809887,0.556659083131654,0.0979519808687309,0.105717761840721,0.536022119022106,0.576726992054826
28.3099999999997,0,2.21506995935384,0.556658432801989,0.0979519074238595,0.105717761840721,0.536021520234513,0.576726992054826
28.3149999999997,0,2.21506761576901,0.556657783901788,0.0979518341403666,0.105717761840721,0.536020922762438,0.576726992054826
28.3199999999997,0,2.21506527733305,0.55665713642791,0.0979517610178978,0.105717761840721,0.536020326602995,0.576726992054826
28.3249999999997,0,2.21506294403466,0.556656490377218,0.0979516880560991,0.105717761840721,0.536019731753298,0.576726992054826
28.3299999999997,0,2.21506061586254,0.556655845746583,0.0979516152546177,0.105717761840721,0.536019138210472,0.576726992054826
28.3349999999997,0,2.21505829280544,0.556655202532883,0.0979515426131012,0.105717761840721,0.536018545971645,0.576726992054826
28.3399999999997,0,2.21505597485211,0.556654560733003,0.0979514701311982,0.105717761840721,0.536017955033955,0.576726992054826
28.3449999999997,0,2.21505366199136,0.556653920343835,0.097951397808558,0.105717761840721,0.536017365394542,0.576726992054826
28.3499999999997,0,2.215051354212,0.556653281362276,0.0979513256448307,0.105717761840721,0.536016777050556,0.576726992054826
28.3549999999997,0,2.21504905150286,0.556652643785232,0.0979512536396671,0.105717761840721,0.53601618999915,0.576726992054826
28.3599999999997,0,2.2150467538528,0.556652007609615,0.0979511817927188,0.105717761840721,0.536015604237487,0.576726992054826
28.3649999999997,0,2.21504446125072,0.556651372832344,0.0979511101036383,0.105717761840721,0.536015019762733,0.576726992054826
28.3699999999997,0,2.21504217368553,0.556650739450345,0.0979510385720786,0.105717761840721,0.536014436572061,0.576726992054826
28.3749999999997,0,2.21503989114616,0.556650107460549,0.0979509671976937,0.105717761840721,0.536013854662651,0.576726992054826
28.3799999999997,0,2.21503761362157,0.556649476859896,0.0979508959801382,0.105717761840721,0.536013274031689,0.576726992054826
28.3849999999997,0,2.21503534110075,0.556648847645332,0.0979508249190676,0.105717761840721,0.536012694676366,0.576726992054826
28.3899999999997,0,2.21503307357271,0.55664821981381,0.0979507540141381,0.105717761840721,0.536012116593881,0.576726992054826
28.3949999999997,0,2.21503081102648,0.556647593362288,0.0979506832650064,0.105717761840721,0.536011539781439,0.576726992054826
28.3999999999997,0,2.21502855345111,0.556646968287733,0.0979506126713305,0.105717761840721,0.536010964236249,0.576726992054826
28.4049999999997,0,2.2150263008357,0.556646344587117,0.0979505422327687,0.105717761840721,0.536010389955528,0.576726992054826
28.4099999999997,0,2.21502405316934,0.55664572225742,0.0979504719489801,0.105717761840721,0.536009816936498,0.576726992054826
28.4149999999997,0,2.21502181044116,0.556645101295627,0.0979504018196248,0.105717761840721,0.536009245176389,0.576726992054826
28.4199999999997,0,2.21501957264032,0.556644481698731,0.0979503318443635,0.105717761840721,0.536008674672435,0.576726992054826
28.4249999999997,0,2.21501733975599,0.556643863463731,0.0979502620228575,0.105717761840721,0.536008105421876,0.576726992054826
28.4299999999997,0,2.21501511177737,0.556643246587633,0.097950192354769,0.105717761840721,0.536007537421961,0.576726992054826
28.4349999999997,0,2.2150128886937,0.55664263106745,0.097950122839761,0.105717761840721,0.536006970669942,0.576726992054826
28.4399999999997,0,2.21501067049421,0.5566420169002,0.0979500534774971,0.105717761840721,0.536006405163078,0.576726992054826
28.4449999999997,0,2.21500845716817,0.556641404082909,0.0979499842676418,0.105717761840721,0.536005840898633,0.576726992054826
28.4499999999997,0,2.21500624870489,0.556640792612608,0.09794991520986,0.105717761840721,0.53600527787388,0.576726992054826
28.4549999999997,0,2.21500404509369,0.556640182486337,0.0979498463038179,0.105717761840721,0.536004716086094,0.576726992054826
28.4599999999997,0,2.21500184632389,0.55663957370114,0.0979497775491818,0.105717761840721,0.53600415553256,0.576726992054826
28.4649999999997,0,2.21499965238487,0.55663896625407,0.0979497089456192,0.105717761840721,0.536003596210565,0.576726992054826
28.4699999999997,0,2.21499746326603,0.556638360142183,0.0979496404927982,0.105717761840721,0.536003038117405,0.576726992054826
28.4749999999997,0,2.21499527895676,0.556637755362545,0.0979495721903875,0.105717761840721,0.536002481250382,0.576726992054826
28.4799999999997,0,2.2149930994465,0.556637151912227,0.0979495040380567,0.105717761840721,0.5360019256068,0.576726992054827
28.4849999999997,0,2.21499092472472,0.556636549788306,0.0979494360354759,0.105717761840721,0.536001371183974,0.576726992054827
28.4899999999997,0,2.2149887547809,0.556635948987865,0.0979493681823163,0.105717761840721,0.536000817979222,0.576726992054827
28.4949999999997,0,2.21498658960454,0.556635349507996,0.0979493004782495,0.105717761840721,0.536000265989868,0.576726992054827
28.4999999999997,0,2.21498442918516,0.556634751345795,0.0979492329229479,0.105717761840721,0.535999715213242,0.576726992054827
28.5049999999997,0,2.21498227351233,0.556634154498365,0.0979491655160846,0.105717761840721,0.535999165646682,0.576726992054827
28.5099999999997,0,2.2149801225756,0.556633558962814,0.0979490982573336,0.105717761840721,0.535998617287528,0.576726992054827
28.5149999999997,0,2.21497797636459,0.55663296473626,0.0979490311463693,0.105717761840721,0.535998070133129,0.576726992054827
28.5199999999997,0,2.2149758348689,0.556632371815824,0.0979489641828671,0.105717761840721,0.535997524180838,0.576726992054827
28.5249999999997,0,2.21497369807819,0.556631780198635,0.097948897366503,0.105717761840721,0.535996979428016,0.576726992054827
28.5299999999997,0,2.21497156598211,0.556631189881828,0.0979488306969537,0.105717761840721,0.535996435872027,0.576726992054827
28.5349999999997,0,2.21496943857036,0.556630600862543,0.0979487641738966,0.105717761840721,0.535995893510243,0.576726992054827
28.5399999999997,0,2.21496731583264,0.556630013137928,0.0979486977970099,0.105717761840721,0.535995352340039,0.576726992054827
28.5449999999997,0,2.21496519775869,0.556629426705136,0.0979486315659724,0.105717761840721,0.5359948123588,0.576726992054827
28.5499999999997,0,2.21496308433826,0.556628841561328,0.0979485654804636,0.105717761840721,0.535994273563913,0.576726992054827
28.5549999999997,0,2.21496097556113,0.55662825770367,0.0979484995401638,0.105717761840721,0.535993735952773,0.576726992054827
28.5599999999997,0,2.2149588714171,0.556627675129333,0.0979484337447539,0.105717761840721,0.535993199522779,0.576726992054827
28.5649999999997,0,2.214956771896,0.556627093835498,0.0979483680939157,0.105717761840721,0.535992664271337,0.576726992054827
28.5699999999997,0,2.21495467698767,0.556626513819347,0.0979483025873314,0.105717761840721,0.535992130195858,0.576726992054827
28.5749999999997,0,2.21495258668197,0.556625935078073,0.0979482372246841,0.105717761840721,0.53599159729376,0.576726992054827
28.5799999999997,0,2.2149505009688,0.556625357608872,0.0979481720056575,0.105717761840721,0.535991065562463,0.576726992054827
28.5849999999997,0,2.21494841983807,0.556624781408949,0.0979481069299362,0.105717761840721,0.535990534999398,0.576726992054827
28.5899999999997,0,2.21494634327972,0.556624206475512,0.0979480419972052,0.105717761840721,0.535990005601998,0.576726992054827
28.5949999999997,0,2.21494427128369,0.556623632805777,0.0979479772071503,0.105717761840721,0.535989477367702,0.576726992054827
28.5999999999997,0,2.21494220383997,0.556623060396965,0.0979479125594581,0.105717761840721,0.535988950293956,0.576726992054827
28.6049999999997,0,2.21494014093855,0.556622489246305,0.0979478480538158,0.105717761840721,0.535988424378209,0.576726992054827
28.6099999999997,0,2.21493808256947,0.556621919351031,0.0979477836899112,0.105717761840721,0.53598789961792,0.576726992054827
28.6149999999997,0,2.21493602872275,0.556621350708383,0.097947719467433,0.105717761840721,0.535987376010549,0.576726992054827
28.6199999999997,0,2.21493397938848,0.556620783315606,0.0979476553860704,0.105717761840721,0.535986853553565,0.576726992054827
28.6249999999997,0,2.21493193455674,0.556620217169953,0.0979475914455134,0.105717761840721,0.535986332244439,0.576726992054827
28.6299999999997,0,2.21492989421763,0.556619652268682,0.0979475276454526,0.105717761840721,0.535985812080652,0.576726992054827
28.6349999999997,0,2.21492785836129,0.556619088609058,0.0979474639855792,0.105717761840721,0.535985293059686,0.576726992054827
28.6399999999997,0,2.21492582697787,0.55661852618835,0.0979474004655854,0.105717761840721,0.535984775179032,0.576726992054827
28.6449999999997,0,2.21492380005755,0.556617965003835,0.0979473370851637,0.105717761840721,0.535984258436185,0.576726992054827
28.6499999999997,0,2.21492177759051,0.556617405052795,0.0979472738440074,0.105717761840721,0.535983742828646,0.576726992054827
28.6549999999997,0,2.21491975956699,0.556616846332519,0.0979472107418107,0.105717761840721,0.535983228353921,0.576726992054827
28.6599999999997,0,2.21491774597722,0.5566162888403,0.0979471477782681,0.105717761840721,0.535982715009521,0.576726992054827
28.6649999999997,0,2.21491573681145,0.556615732573439,0.097947084953075,0.105717761840721,0.535982202792963,0.576726992054827
28.6699999999997,0,2.21491373205998,0.556615177529241,0.0979470222659275,0.105717761840721,0.535981691701771,0.576726992054827
28.6749999999997,0,2.2149117317131,0.55661462370502,0.0979469597165222,0.105717761840721,0.535981181733472,0.576726992054827
28.6799999999997,0,2.21490973576114,0.556614071098092,0.0979468973045565,0.105717761840721,0.5359806728856,0.576726992054827
28.6849999999997,0,2.21490774419444,0.556613519705782,0.0979468350297284,0.105717761840721,0.535980165155693,0.576726992054827
28.6899999999997,0,2.21490575700338,0.556612969525419,0.0979467728917367,0.105717761840721,0.535979658541296,0.576726992054827
28.6949999999997,0,2.21490377417833,0.556612420554338,0.0979467108902805,0.105717761840721,0.535979153039958,0.576726992054827
28.6999999999997,0,2.21490179570971,0.556611872789883,0.09794664902506,0.105717761840721,0.535978648649235,0.576726992054827
28.7049999999997,0,2.21489982158796,0.556611326229398,0.0979465872957759,0.105717761840721,0.535978145366687,0.576726992054827
28.7099999999997,0,2.21489785180351,0.556610780870238,0.0979465257021294,0.105717761840721,0.535977643189879,0.576726992054827
28.7149999999997,0,2.21489588634685,0.556610236709762,0.0979464642438225,0.105717761840721,0.535977142116383,0.576726992054827
28.7199999999997,0,2.21489392520846,0.556609693745334,0.0979464029205579,0.105717761840721,0.535976642143775,0.576726992054827
28.7249999999997,0,2.21489196837887,0.556609151974325,0.0979463417320388,0.105717761840721,0.535976143269638,0.576726992054827
28.7299999999997,0,2.21489001584859,0.556608611394112,0.0979462806779692,0.105717761840721,0.535975645491557,0.576726992054827
28.7349999999997,0,2.2148880676082,0.556608072002075,0.0979462197580537,0.105717761840721,0.535975148807125,0.576726992054827
28.7399999999997,0,2.21488612364827,0.556607533795604,0.0979461589719975,0.105717761840721,0.535974653213941,0.576726992054827
28.7449999999997,0,2.21488418395939,0.556606996772092,0.0979460983195066,0.105717761840721,0.535974158709606,0.576726992054827
28.7499999999997,0,2.21488224853219,0.556606460928937,0.0979460378002873,0.105717761840721,0.53597366529173,0.576726992054827
28.7549999999997,0,2.21488031735729,0.556605926263546,0.097945977414047,0.105717761840721,0.535973172957925,0.576726992054827
28.7599999999997,0,2.21487839042537,0.556605392773329,0.0979459171604934,0.105717761840721,0.535972681705811,0.576726992054827
28.7649999999997,0,2.21487646772709,0.556604860455702,0.0979458570393351,0.105717761840721,0.535972191533011,0.576726992054827
28.7699999999997,0,2.21487454925316,0.556604329308088,0.097945797050281,0.105717761840721,0.535971702437154,0.576726992054827
28.7749999999997,0,2.21487263499431,0.556603799327914,0.097945737193041,0.105717761840721,0.535971214415875,0.576726992054827
28.7799999999997,0,2.21487072494126,0.556603270512613,0.0979456774673254,0.105717761840721,0.535970727466812,0.576726992054827
28.7849999999997,0,2.21486881908478,0.556602742859626,0.0979456178728453,0.105717761840721,0.535970241587612,0.576726992054827
28.7899999999997,0,2.21486691741566,0.556602216366396,0.0979455584093123,0.105717761840721,0.535969756775924,0.576726992054827
28.7949999999997,0,2.21486501992469,0.556601691030374,0.0979454990764386,0.105717761840721,0.535969273029402,0.576726992054827
28.7999999999997,0,2.21486312660269,0.556601166849016,0.0979454398739373,0.105717761840721,0.535968790345708,0.576726992054827
28.8049999999997,0,2.21486123744052,0.556600643819784,0.0979453808015218,0.105717761840721,0.535968308722505,0.576726992054827
28.8099999999997,0,2.21485935242902,0.556600121940144,0.0979453218589063,0.105717761840721,0.535967828157466,0.576726992054827
28.8149999999997,0,2.21485747155909,0.55659960120757,0.0979452630458057,0.105717761840721,0.535967348648265,0.576726992054827
28.8199999999997,0,2.21485559482162,0.556599081619539,0.0979452043619353,0.105717761840721,0.535966870192583,0.576726992054827
28.8249999999997,0,2.21485372220753,0.556598563173536,0.0979451458070113,0.105717761840721,0.535966392788105,0.576726992054827
28.8299999999997,0,2.21485185370778,0.556598045867049,0.0979450873807503,0.105717761840721,0.535965916432524,0.576726992054827
28.8349999999997,0,2.21484998931331,0.556597529697574,0.0979450290828695,0.105717761840721,0.535965441123534,0.576726992054827
28.8399999999997,0,2.21484812901512,0.556597014662612,0.0979449709130871,0.105717761840721,0.535964966858836,0.576726992054827
28.8449999999997,0,2.2148462728042,0.556596500759666,0.0979449128711213,0.105717761840721,0.535964493636137,0.576726992054827
28.8499999999997,0,2.21484442067158,0.556595987986251,0.0979448549566916,0.105717761840721,0.535964021453148,0.576726992054827
28.8549999999997,0,2.21484257260829,0.556595476339882,0.0979447971695175,0.105717761840721,0.535963550307585,0.576726992054827
28.8599999999997,0,2.2148407286054,0.556594965818081,0.0979447395093196,0.105717761840721,0.535963080197168,0.576726992054827
28.8649999999997,0,2.21483888865398,0.556594456418376,0.0979446819758187,0.105717761840721,0.535962611119624,0.576726992054827
28.8699999999997,0,2.21483705274515,0.5565939481383,0.0979446245687367,0.105717761840721,0.535962143072685,0.576726992054827
28.8749999999997,0,2.21483522087,0.556593440975393,0.0979445672877956,0.105717761840721,0.535961676054085,0.576726992054827
28.8799999999997,0,2.2148333930197,0.556592934927197,0.0979445101327183,0.105717761840721,0.535961210061567,0.576726992054827
28.8849999999997,0,2.21483156918539,0.556592429991263,0.0979444531032283,0.105717761840721,0.535960745092876,0.576726992054827
28.8899999999997,0,2.21482974935825,0.556591926165145,0.0979443961990496,0.105717761840721,0.535960281145762,0.576726992054827
28.8949999999997,0,2.21482793352948,0.556591423446404,0.097944339419907,0.105717761840721,0.535959818217984,0.576726992054827
28.8999999999997,0,2.21482612169029,0.556590921832604,0.0979442827655256,0.105717761840721,0.5359593563073,0.576726992054827
28.9049999999997,0,2.21482431383193,0.556590421321317,0.0979442262356314,0.105717761840721,0.535958895411476,0.576726992054827
28.9099999999997,0,2.21482250994564,0.55658992191012,0.0979441698299508,0.105717761840721,0.535958435528284,0.576726992054827
28.9149999999997,0,2.21482071002271,0.556589423596593,0.0979441135482109,0.105717761840721,0.535957976655499,0.576726992054827
28.9199999999997,0,2.21481891405442,0.556588926378324,0.0979440573901394,0.105717761840721,0.535957518790901,0.576726992054827
28.9249999999997,0,2.21481712203208,0.556588430252905,0.0979440013554645,0.105717761840721,0.535957061932276,0.576726992054827
28.9299999999997,0,2.21481533394704,0.556587935217933,0.0979439454439152,0.105717761840721,0.535956606077413,0.576726992054827
28.9349999999997,0,2.21481354979063,0.556587441271011,0.0979438896552209,0.105717761840721,0.535956151224108,0.576726992054827
28.9399999999997,0,2.21481176955423,0.556586948409747,0.0979438339891117,0.105717761840721,0.535955697370161,0.576726992054827
28.9449999999997,0,2.21480999322923,0.556586456631755,0.0979437784453182,0.105717761840721,0.535955244513376,0.576726992054827
28.9499999999997,0,2.21480822080704,0.556585965934653,0.0979437230235717,0.105717761840721,0.535954792651563,0.576726992054827
28.9549999999997,0,2.21480645227908,0.556585476316065,0.0979436677236039,0.105717761840721,0.535954341782536,0.576726992054827
28.9599999999997,0,2.21480468763679,0.556584987773619,0.0979436125451474,0.105717761840721,0.535953891904115,0.576726992054827
28.9649999999997,0,2.21480292687165,0.556584500304951,0.0979435574879352,0.105717761840721,0.535953443014122,0.576726992054827
28.9699999999997,0,2.21480116997513,0.556584013907699,0.0979435025517008,0.105717761840721,0.535952995110388,0.576726992054827
28.9749999999997,0,2.21479941693873,0.556583528579509,0.0979434477361785,0.105717761840721,0.535952548190745,0.576726992054827
28.9799999999997,0,2.21479766775398,0.55658304431803,0.097943393041103,0.105717761840721,0.535952102253031,0.576726992054827
28.9849999999997,0,2.21479592241241,0.556582561120916,0.0979433384662096,0.105717761840721,0.53595165729509,0.576726992054827
28.9899999999997,0,2.21479418090559,0.556582078985829,0.0979432840112344,0.105717761840721,0.535951213314769,0.576726992054827
28.9949999999997,0,2.21479244322508,0.556581597910433,0.0979432296759138,0.105717761840721,0.535950770309921,0.576726992054827
28.9999999999997,0,2.21479070936249,0.5565811178924,0.0979431754599848,0.105717761840721,0.535950328278403,0.576726992054827
29.0049999999997,0,2.21478897930942,0.556580638929403,0.0979431213631853,0.105717761840721,0.535949887218077,0.576726992054827
29.0099999999997,0,2.2147872530575,0.556580161019125,0.0979430673852534,0.105717761840721,0.535949447126808,0.576726992054827
29.0149999999997,0,2.21478553059839,0.556579684159251,0.097943013525928,0.105717761840721,0.535949008002469,0.576726992054827
29.0199999999997,0,2.21478381192376,0.556579208347471,0.0979429597849485,0.105717761840721,0.535948569842936,0.576726992054827
29.0249999999997,0,2.21478209702528,0.556578733581482,0.0979429061620547,0.105717761840721,0.535948132646088,0.576726992054827
29.0299999999997,0,2.21478038589467,0.556578259858984,0.0979428526569874,0.105717761840721,0.535947696409811,0.576726992054827
29.0349999999997,0,2.21477867852365,0.556577787177685,0.0979427992694875,0.105717761840721,0.535947261131996,0.576726992054827
29.0399999999997,0,2.21477697490395,0.556577315535294,0.0979427459992967,0.105717761840721,0.535946826810536,0.576726992054827
29.0449999999997,0,2.21477527502734,0.556576844929527,0.0979426928461574,0.105717761840721,0.53594639344333,0.576726992054827
29.0499999999997,0,2.2147735788856,0.556576375358107,0.0979426398098123,0.105717761840721,0.535945961028283,0.576726992054827
29.0549999999997,0,2.21477188647051,0.556575906818759,0.0979425868900048,0.105717761840721,0.535945529563303,0.576726992054827
29.0599999999997,0,2.2147701977739,0.556575439309215,0.0979425340864788,0.105717761840721,0.535945099046302,0.576726992054827
29.0649999999997,0,2.21476851278759,0.55657497282721,0.0979424813989789,0.105717761840721,0.535944669475198,0.576726992054827
29.0699999999997,0,2.21476683150344,0.556574507370486,0.0979424288272501,0.105717761840721,0.535944240847914,0.576726992054827
29.0749999999997,0,2.2147651539133,0.556574042936788,0.0979423763710381,0.105717761840721,0.535943813162375,0.576726992054827
29.0799999999997,0,2.21476348000907,0.556573579523868,0.0979423240300889,0.105717761840721,0.535943386416514,0.576726992054827
29.0849999999997,0,2.21476180978265,0.556573117129482,0.0979422718041495,0.105717761840721,0.535942960608265,0.576726992054827
29.0899999999997,0,2.21476014322596,0.556572655751391,0.097942219692967,0.105717761840721,0.535942535735569,0.576726992054827
29.0949999999997,0,2.21475848033093,0.55657219538736,0.0979421676962893,0.105717761840721,0.535942111796372,0.576726992054827
29.0999999999997,0,2.21475682108952,0.556571736035161,0.0979421158138649,0.105717761840721,0.535941688788621,0.576726992054827
29.1049999999997,0,2.21475516549372,0.556571277692569,0.0979420640454426,0.105717761840721,0.535941266710272,0.576726992054827
29.1099999999997,0,2.2147535135355,0.556570820357364,0.0979420123907721,0.105717761840721,0.535940845559282,0.576726992054827
29.1149999999997,0,2.21475186520687,0.556570364027333,0.0979419608496033,0.105717761840721,0.535940425333614,0.576726992054827
29.1199999999997,0,2.21475022049987,0.556569908700264,0.097941909421687,0.105717761840721,0.535940006031235,0.576726992054827
29.1249999999997,0,2.21474857940654,0.556569454373954,0.0979418581067741,0.105717761840721,0.535939587650118,0.576726992054827
29.1299999999997,0,2.21474694191893,0.556569001046203,0.0979418069046165,0.105717761840721,0.535939170188238,0.576726992054827
29.1349999999997,0,2.21474530802913,0.556568548714816,0.0979417558149664,0.105717761840721,0.535938753643576,0.576726992054827
29.1399999999997,0,2.21474367772923,0.556568097377601,0.0979417048375767,0.105717761840721,0.535938338014117,0.576726992054827
29.1449999999997,0,2.21474205101135,0.556567647032374,0.0979416539722005,0.105717761840721,0.535937923297851,0.576726992054827
29.1499999999997,0,2.21474042786762,0.556567197676954,0.0979416032185919,0.105717761840721,0.535937509492771,0.576726992054827
29.1549999999997,0,2.21473880829019,0.556566749309165,0.0979415525765052,0.105717761840721,0.535937096596876,0.576726992054827
29.1599999999997,0,2.21473719227121,0.556566301926836,0.0979415020456954,0.105717761840721,0.535936684608168,0.576726992054827
29.1649999999997,0,2.21473557980288,0.5565658555278,0.097941451625918,0.105717761840721,0.535936273524655,0.576726992054827
29.1699999999997,0,2.21473397087739,0.556565410109897,0.0979414013169291,0.105717761840721,0.535935863344348,0.576726992054827
29.1749999999997,0,2.21473236548697,0.556564965670968,0.0979413511184852,0.105717761840721,0.535935454065263,0.576726992054827
29.1799999999997,0,2.21473076362383,0.556564522208863,0.0979413010303434,0.105717761840721,0.53593504568542,0.576726992054827
29.1849999999997,0,2.21472916528025,0.556564079721434,0.0979412510522614,0.105717761840721,0.535934638202843,0.576726992054827
29.1899999999997,0,2.21472757044847,0.556563638206537,0.0979412011839973,0.105717761840721,0.535934231615562,0.576726992054827
29.1949999999997,0,2.2147259791208,0.556563197662036,0.0979411514253099,0.105717761840721,0.53593382592161,0.576726992054827
29.1999999999997,0,2.21472439128953,0.556562758085798,0.0979411017759583,0.105717761840721,0.535933421119024,0.576726992054827
29.2049999999997,0,2.21472280694697,0.556562319475692,0.0979410522357024,0.105717761840721,0.535933017205846,0.576726992054827
29.2099999999997,0,2.21472122608547,0.556561881829597,0.0979410028043025,0.105717761840721,0.535932614180122,0.576726992054827
29.2149999999997,0,2.21471964869738,0.556561445145392,0.0979409534815193,0.105717761840721,0.535932212039903,0.576726992054827
29.2199999999997,0,2.21471807477507,0.556561009420962,0.0979409042671142,0.105717761840721,0.535931810783243,0.576726992054827
29.2249999999997,0,2.21471650431092,0.5565605746542,0.0979408551608491,0.105717761840721,0.535931410408202,0.576726992054827
29.2299999999997,0,2.21471493729734,0.556560140842998,0.0979408061624864,0.105717761840721,0.535931010912842,0.576726992054827
29.2349999999997,0,2.21471337372674,0.556559707985256,0.0979407572717889,0.105717761840721,0.535930612295231,0.576726992054827
29.2399999999997,0,2.21471181359157,0.556559276078879,0.0979407084885202,0.105717761840721,0.535930214553441,0.576726992054827
29.2449999999997,0,2.21471025688427,0.556558845121775,0.0979406598124441,0.105717761840721,0.535929817685548,0.576726992054827
29.2499999999997,0,2.21470870359732,0.556558415111857,0.0979406112433252,0.105717761840721,0.535929421689632,0.576726992054827
29.2549999999997,0,2.2147071537232,0.556557986047044,0.0979405627809284,0.105717761840721,0.535929026563777,0.576726992054827
29.2599999999997,0,2.21470560725441,0.556557557925257,0.0979405144250193,0.105717761840721,0.535928632306072,0.576726992054827
29.2649999999997,0,2.21470406418347,0.556557130744423,0.0979404661753638,0.105717761840721,0.53592823891461,0.576726992054827
29.2699999999997,0,2.21470252450292,0.556556704502475,0.0979404180317285,0.105717761840721,0.535927846387489,0.576726992054827
29.2749999999997,0,2.2147009882053,0.556556279197347,0.0979403699938805,0.105717761840721,0.535927454722808,0.576726992054827
29.2799999999997,0,2.2146994552832,0.556555854826982,0.0979403220615873,0.105717761840721,0.535927063918673,0.576726992054827
29.2849999999997,0,2.21469792572919,0.556555431389323,0.097940274234617,0.105717761840721,0.535926673973195,0.576726992054827
29.2899999999997,0,2.21469639953587,0.556555008882321,0.0979402265127381,0.105717761840721,0.535926284884486,0.576726992054827
29.2949999999997,0,2.21469487669586,0.55655458730393,0.0979401788957198,0.105717761840721,0.535925896650665,0.576726992054827
29.2999999999997,0,2.21469335720179,0.556554166652108,0.0979401313833317,0.105717761840721,0.535925509269853,0.576726992054827
29.3049999999997,0,2.21469184104631,0.556553746924819,0.0979400839753438,0.105717761840721,0.535925122740176,0.576726992054827
29.3099999999997,0,2.21469032822209,0.55655332812003,0.0979400366715268,0.105717761840721,0.535924737059766,0.576726992054827
29.3149999999997,0,2.21468881872181,0.556552910235713,0.0979399894716518,0.105717761840721,0.535924352226755,0.576726992054827
29.3199999999997,0,2.21468731253817,0.556552493269845,0.0979399423754904,0.105717761840721,0.535923968239282,0.576726992054827
29.3249999999997,0,2.21468580966387,0.556552077220408,0.0979398953828147,0.105717761840721,0.53592358509549,0.576726992054827
29.3299999999997,0,2.21468431009166,0.556551662085386,0.0979398484933973,0.105717761840721,0.535923202793526,0.576726992054827
29.3349999999997,0,2.21468281381427,0.556551247862769,0.0979398017070113,0.105717761840721,0.53592282133154,0.576726992054827
29.3399999999997,0,2.21468132082447,0.556550834550551,0.0979397550234305,0.105717761840721,0.535922440707686,0.576726992054827
29.3449999999997,0,2.21467983111503,0.556550422146732,0.0979397084424288,0.105717761840721,0.535922060920124,0.576726992054827
29.3499999999997,0,2.21467834467876,0.556550010649315,0.0979396619637809,0.105717761840721,0.535921681967017,0.576726992054827
29.3549999999997,0,2.21467686150845,0.556549600056306,0.0979396155872619,0.105717761840721,0.53592130384653,0.576726992054827
29.3599999999997,0,2.21467538159693,0.556549190365719,0.0979395693126473,0.105717761840721,0.535920926556835,0.576726992054827
29.3649999999997,0,2.21467390493704,0.556548781575569,0.0979395231397134,0.105717761840721,0.535920550096107,0.576726992054827
29.3699999999997,0,2.21467243152165,0.556548373683876,0.0979394770682366,0.105717761840721,0.535920174462524,0.576726992054827
29.3749999999997,0,2.21467096134362,0.556547966688666,0.0979394310979941,0.105717761840721,0.535919799654271,0.576726992054827
29.3799999999997,0,2.21466949439583,0.556547560587969,0.0979393852287634,0.105717761840721,0.535919425669532,0.576726992054827
29.3849999999997,0,2.2146680306712,0.556547155379817,0.0979393394603225,0.105717761840721,0.5359190525065,0.576726992054827
29.3899999999997,0,2.21466657016265,0.556546751062249,0.0979392937924501,0.105717761840721,0.535918680163369,0.576726992054827
29.3949999999997,0,2.2146651128631,0.556546347633307,0.097939248224925,0.105717761840721,0.535918308638338,0.576726992054827
29.3999999999997,0,2.2146636587655,0.556545945091037,0.0979392027575269,0.105717761840721,0.535917937929609,0.576726992054827
29.4049999999997,0,2.21466220786283,0.556545543433491,0.0979391573900358,0.105717761840721,0.53591756803539,0.576726992054827
29.4099999999997,0,2.21466076014806,0.556545142658724,0.0979391121222321,0.105717761840721,0.535917198953891,0.576726992054827
29.4149999999997,0,2.21465931561419,0.556544742764795,0.0979390669538967,0.105717761840721,0.535916830683326,0.576726992054827
29.4199999999997,0,2.21465787425424,0.556544343749768,0.0979390218848112,0.105717761840721,0.535916463221914,0.576726992054827
29.4249999999997,0,2.21465643606122,0.556543945611711,0.0979389769147574,0.105717761840721,0.535916096567877,0.576726992054827
29.4299999999997,0,2.21465500102818,0.556543548348696,0.0979389320435178,0.105717761840721,0.535915730719443,0.576726992054827
29.4349999999997,0,2.21465356914818,0.5565431519588,0.0979388872708752,0.105717761840721,0.535915365674839,0.576726992054827
29.4399999999997,0,2.2146521404143,0.556542756440103,0.097938842596613,0.105717761840721,0.535915001432302,0.576726992054827
29.4449999999997,0,2.21465071481962,0.55654236179069,0.0979387980205151,0.105717761840721,0.535914637990069,0.576726992054827
29.4499999999997,0,2.21464929235724,0.55654196800865,0.0979387535423657,0.105717761840721,0.535914275346381,0.576726992054827
29.4549999999997,0,2.21464787302028,0.556541575092078,0.0979387091619496,0.105717761840721,0.535913913499485,0.576726992054827
29.4599999999997,0,2.21464645680188,0.556541183039069,0.0979386648790521,0.105717761840721,0.53591355244763,0.576726992054827
29.4649999999997,0,2.21464504369518,0.556540791847726,0.0979386206934588,0.105717761840721,0.535913192189069,0.576726992054827
29.4699999999997,0,2.21464363369335,0.556540401516156,0.0979385766049562,0.105717761840721,0.535912832722059,0.576726992054827
29.4749999999997,0,2.21464222678957,0.556540012042467,0.0979385326133306,0.105717761840721,0.535912474044863,0.576726992054827
29.4799999999997,0,2.21464082297703,0.556539623424774,0.0979384887183694,0.105717761840721,0.535912116155743,0.576726992054827
29.4849999999997,0,2.21463942224894,0.556539235661196,0.0979384449198601,0.105717761840721,0.53591175905297,0.576726992054827
29.4899999999997,0,2.21463802459853,0.556538848749854,0.0979384012175908,0.105717761840721,0.535911402734815,0.576726992054827
29.4949999999997,0,2.21463663001902,0.556538462688877,0.09793835761135,0.105717761840721,0.535911047199555,0.576726992054827
29.4999999999997,0,2.21463523850369,0.556538077476393,0.0979383141009268,0.105717761840721,0.53591069244547,0.576726992054827
29.5049999999997,0,2.21463385004578,0.556537693110538,0.0979382706861105,0.105717761840721,0.535910338470844,0.576726992054827
29.5099999999997,0,2.2146324646386,0.556537309589452,0.0979382273666911,0.105717761840721,0.535909985273964,0.576726992054827
29.5149999999997,0,2.21463108227543,0.556536926911277,0.0979381841424591,0.105717761840721,0.535909632853122,0.576726992054827
29.5199999999997,0,2.21462970294958,0.55653654507416,0.0979381410132052,0.105717761840721,0.535909281206613,0.576726992054827
29.5249999999997,0,2.21462832665439,0.556536164076252,0.0979380979787208,0.105717761840721,0.535908930332736,0.576726992054827
29.5299999999997,0,2.2146269533832,0.556535783915709,0.0979380550387976,0.105717761840721,0.535908580229792,0.576726992054827
29.5349999999997,0,2.21462558312936,0.55653540459069,0.0979380121932279,0.105717761840721,0.53590823089609,0.576726992054827
29.5399999999997,0,2.21462421588624,0.556535026099359,0.0979379694418044,0.105717761840721,0.535907882329938,0.576726992054827
29.5449999999997,0,2.21462285164723,0.556534648439882,0.0979379267843201,0.105717761840721,0.535907534529651,0.576726992054827
29.5499999999997,0,2.21462149040573,0.556534271610432,0.0979378842205687,0.105717761840721,0.535907187493545,0.576726992054827
29.5549999999997,0,2.21462013215516,0.556533895609183,0.0979378417503442,0.105717761840721,0.535906841219943,0.576726992054827
29.5599999999997,0,2.21461877688894,0.556533520434315,0.0979377993734411,0.105717761840721,0.535906495707169,0.576726992054827
29.5649999999997,0,2.21461742460051,0.556533146084012,0.0979377570896544,0.105717761840721,0.535906150953551,0.576726992054827
29.5699999999997,0,2.21461607528334,0.556532772556461,0.0979377148987795,0.105717761840721,0.535905806957422,0.576726992054827
29.5749999999997,0,2.2146147289309,0.556532399849854,0.0979376728006122,0.105717761840721,0.535905463717117,0.576726992054827
29.5799999999997,0,2.21461338553666,0.556532027962386,0.0979376307949488,0.105717761840721,0.535905121230976,0.576726992054827
29.5849999999997,0,2.21461204509415,0.556531656892256,0.0979375888815861,0.105717761840721,0.535904779497343,0.576726992054827
29.5899999999997,0,2.21461070759686,0.556531286637667,0.0979375470603212,0.105717761840721,0.535904438514563,0.576726992054827
29.5949999999997,0,2.21460937303834,0.556530917196828,0.0979375053309518,0.105717761840721,0.535904098280988,0.576726992054827
29.5999999999997,0,2.21460804141211,0.556530548567949,0.097937463693276,0.105717761840721,0.535903758794971,0.576726992054827
29.6049999999997,0,2.21460671271175,0.556530180749246,0.0979374221470923,0.105717761840721,0.535903420054871,0.576726992054827
29.6099999999997,0,2.21460538693082,0.556529813738937,0.0979373806921996,0.105717761840721,0.535903082059048,0.576726992054827
29.6149999999997,0,2.2146040640629,0.556529447535245,0.0979373393283974,0.105717761840721,0.535902744805867,0.576726992054827
29.6199999999997,0,2.21460274410161,0.556529082136399,0.0979372980554856,0.105717761840721,0.535902408293697,0.576726992054827
29.6249999999997,0,2.21460142704055,0.556528717540627,0.0979372568732644,0.105717761840721,0.53590207252091,0.576726992054827
29.6299999999997,0,2.21460011287335,0.556528353746165,0.0979372157815345,0.105717761840721,0.535901737485881,0.576726992054827
29.6349999999997,0,2.21459880159365,0.556527990751253,0.0979371747800972,0.105717761840721,0.53590140318699,0.576726992054827
29.6399999999997,0,2.21459749319512,0.556527628554131,0.0979371338687539,0.105717761840721,0.535901069622619,0.576726992054827
29.6449999999997,0,2.21459618767141,0.556527267153047,0.0979370930473069,0.105717761840721,0.535900736791155,0.576726992054827
29.6499999999997,0,2.21459488501622,0.55652690654625,0.0979370523155584,0.105717761840721,0.535900404690988,0.576726992054827
29.6549999999997,0,2.21459358522324,0.556526546731996,0.0979370116733115,0.105717761840721,0.53590007332051,0.576726992054827
29.6599999999997,0,2.21459228828619,0.55652618770854,0.0979369711203696,0.105717761840721,0.53589974267812,0.576726992054827
29.6649999999997,0,2.21459099419878,0.556525829474146,0.0979369306565362,0.105717761840721,0.535899412762216,0.576726992054827
29.6699999999997,0,2.21458970295476,0.556525472027079,0.0979368902816158,0.105717761840721,0.535899083571204,0.576726992054827
29.6749999999997,0,2.21458841454789,0.556525115365608,0.0979368499954128,0.105717761840721,0.53589875510349,0.576726992054827
29.6799999999997,0,2.21458712897192,0.556524759488006,0.0979368097977324,0.105717761840721,0.535898427357487,0.576726992054827
29.6849999999997,0,2.21458584622064,0.556524404392551,0.0979367696883801,0.105717761840721,0.535898100331607,0.576726992054827
29.6899999999997,0,2.21458456628785,0.556524050077522,0.0979367296671617,0.105717761840721,0.535897774024269,0.576726992054827
29.6949999999997,0,2.21458328916735,0.556523696541205,0.0979366897338837,0.105717761840721,0.535897448433895,0.576726992054827
29.6999999999997,0,2.21458201485296,0.556523343781888,0.0979366498883528,0.105717761840721,0.535897123558909,0.576726992054827
29.7049999999997,0,2.21458074333852,0.556522991797862,0.0979366101303762,0.105717761840721,0.535896799397739,0.576726992054827
29.7099999999997,0,2.21457947461788,0.556522640587424,0.0979365704597615,0.105717761840721,0.535896475948818,0.576726992054827
29.7149999999997,0,2.21457820868489,0.556522290148874,0.0979365308763167,0.105717761840721,0.53589615321058,0.576726992054827
29.7199999999997,0,2.21457694553344,0.556521940480514,0.0979364913798504,0.105717761840721,0.535895831181465,0.576726992054827
29.7249999999997,0,2.21457568515741,0.556521591580651,0.0979364519701714,0.105717761840721,0.535895509859914,0.576726992054827
29.7299999999997,0,2.21457442755071,0.556521243447597,0.0979364126470891,0.105717761840721,0.535895189244373,0.576726992054827
29.7349999999997,0,2.21457317270725,0.556520896079665,0.097936373410413,0.105717761840721,0.535894869333291,0.576726992054827
29.7399999999997,0,2.21457192062096,0.556520549475174,0.0979363342599535,0.105717761840721,0.53589455012512,0.576726992054827
29.7449999999997,0,2.21457067128578,0.556520203632446,0.097936295195521,0.105717761840721,0.535894231618315,0.576726992054827
29.7499999999997,0,2.21456942469567,0.556519858549807,0.0979362562169265,0.105717761840721,0.535893913811337,0.576726992054827
29.7549999999997,0,2.2145681808446,0.556519514225585,0.0979362173239814,0.105717761840721,0.535893596702647,0.576726992054827
29.7599999999997,0,2.21456693972655,0.556519170658113,0.0979361785164975,0.105717761840721,0.535893280290711,0.576726992054827
29.7649999999997,0,2.21456570133551,0.556518827845728,0.0979361397942871,0.105717761840721,0.535892964574,0.576726992054827
29.7699999999997,0,2.2145644656655,0.55651848578677,0.0979361011571627,0.105717761840721,0.535892649550984,0.576726992054827
29.7749999999997,0,2.21456323271054,0.556518144479584,0.0979360626049375,0.105717761840721,0.53589233522014,0.576726992054827
29.7799999999997,0,2.21456200246466,0.556517803922516,0.0979360241374248,0.105717761840721,0.535892021579949,0.576726992054827
29.7849999999997,0,2.2145607749219,0.556517464113919,0.0979359857544385,0.105717761840721,0.535891708628891,0.576726992054827
29.7899999999997,0,2.21455955007634,0.556517125052145,0.097935947455793,0.105717761840721,0.535891396365453,0.576726992054827
29.7949999999997,0,2.21455832792204,0.556516786735555,0.0979359092413028,0.105717761840721,0.535891084788125,0.576726992054827
29.7999999999997,0,2.2145571084531,0.55651644916251,0.0979358711107831,0.105717761840721,0.535890773895399,0.576726992054827
29.8049999999997,0,2.21455589166361,0.556516112331375,0.0979358330640494,0.105717761840721,0.535890463685772,0.576726992054827
29.8099999999997,0,2.21455467754768,0.55651577624052,0.0979357951009175,0.105717761840721,0.535890154157741,0.576726992054827
29.8149999999997,0,2.21455346609945,0.556515440888318,0.0979357572212038,0.105717761840721,0.53588984530981,0.576726992054827
29.8199999999997,0,2.21455225731305,0.556515106273144,0.097935719424725,0.105717761840721,0.535889537140485,0.576726992054827
29.8249999999997,0,2.21455105118263,0.55651477239338,0.0979356817112982,0.105717761840721,0.535889229648275,0.576726992054827
29.8299999999997,0,2.21454984770236,0.556514439247408,0.0979356440807409,0.105717761840721,0.535888922831692,0.576726992054827
29.8349999999997,0,2.21454864686641,0.556514106833615,0.097935606532871,0.105717761840721,0.535888616689252,0.576726992054827
29.8399999999997,0,2.21454744866898,0.556513775150393,0.0979355690675068,0.105717761840721,0.535888311219474,0.576726992054827
29.8449999999997,0,2.21454625310427,0.556513444196134,0.097935531684467,0.105717761840721,0.53588800642088,0.576726992054827
29.8499999999997,0,2.21454506016649,0.556513113969238,0.0979354943835709,0.105717761840721,0.535887702291995,0.576726992054827
29.8549999999997,0,2.21454386984988,0.556512784468105,0.0979354571646377,0.105717761840721,0.535887398831348,0.576726992054827
29.8599999999997,0,2.21454268214867,0.556512455691139,0.0979354200274876,0.105717761840721,0.535887096037471,0.576726992054827
29.8649999999997,0,2.21454149705712,0.556512127636749,0.0979353829719407,0.105717761840721,0.535886793908899,0.576726992054827
29.8699999999997,0,2.21454031456949,0.556511800303347,0.0979353459978177,0.105717761840721,0.535886492444171,0.576726992054827
29.8749999999997,0,2.21453913468007,0.556511473689348,0.0979353091049398,0.105717761840721,0.535886191641827,0.576726992054827
29.8799999999997,0,2.21453795738315,0.55651114779317,0.0979352722931285,0.105717761840721,0.535885891500414,0.576726992054827
29.8849999999997,0,2.21453678267302,0.556510822613237,0.0979352355622056,0.105717761840721,0.535885592018477,0.576726992054827
29.8899999999997,0,2.21453561054402,0.556510498147972,0.0979351989119933,0.105717761840721,0.53588529319457,0.576726992054827
29.8949999999997,0,2.21453444099045,0.556510174395806,0.0979351623423143,0.105717761840721,0.535884995027245,0.576726992054827
29.8999999999997,0,2.21453327400668,0.556509851355171,0.0979351258529918,0.105717761840721,0.535884697515061,0.576726992054827
29.9049999999997,0,2.21453210958705,0.556509529024503,0.097935089443849,0.105717761840721,0.535884400656578,0.576726992054827
29.9099999999997,0,2.21453094772592,0.556509207402242,0.0979350531147099,0.105717761840721,0.535884104450361,0.576726992054827
29.9149999999997,0,2.21452978841768,0.55650888648683,0.0979350168653987,0.105717761840721,0.535883808894975,0.576726992054827
29.9199999999997,0,2.21452863165673,0.556508566276713,0.0979349806957398,0.105717761840721,0.535883513988991,0.576726992054827
29.9249999999997,0,2.21452747743745,0.556508246770342,0.0979349446055584,0.105717761840721,0.535883219730983,0.576726992054827
29.9299999999997,0,2.21452632575427,0.556507927966169,0.0979349085946798,0.105717761840721,0.535882926119526,0.576726992054827
29.9349999999997,0,2.21452517660162,0.556507609862652,0.0979348726629297,0.105717761840721,0.535882633153201,0.576726992054827
29.9399999999997,0,2.21452402997393,0.556507292458249,0.0979348368101343,0.105717761840721,0.53588234083059,0.576726992054827
29.9449999999997,0,2.21452288586566,0.556506975751424,0.0979348010361201,0.105717761840721,0.535882049150278,0.576726992054827
29.9499999999997,0,2.21452174427128,0.556506659740644,0.097934765340714,0.105717761840721,0.535881758110855,0.576726992054827
29.9549999999997,0,2.21452060518526,0.556506344424379,0.0979347297237432,0.105717761840721,0.535881467710913,0.576726992054827
29.9599999999997,0,2.21451946860208,0.556506029801103,0.0979346941850355,0.105717761840721,0.535881177949046,0.576726992054827
29.9649999999997,0,2.21451833451626,0.556505715869291,0.0979346587244188,0.105717761840721,0.535880888823853,0.576726992054827
29.9699999999997,0,2.2145172029223,0.556505402627425,0.0979346233417215,0.105717761840721,0.535880600333934,0.576726992054827
29.9749999999997,0,2.21451607381473,0.556505090073987,0.0979345880367725,0.105717761840721,0.535880312477895,0.576726992054827
29.9799999999997,0,2.21451494718808,0.556504778207465,0.097934552809401,0.105717761840721,0.535880025254343,0.576726992054827
29.9849999999997,0,2.21451382303691,0.556504467026348,0.0979345176594363,0.105717761840721,0.535879738661888,0.576726992054827
29.9899999999997,0,2.21451270135578,0.556504156529131,0.0979344825867086,0.105717761840721,0.535879452699143,0.576726992054827
29.9949999999997,0,2.21451158213926,0.556503846714309,0.097934447591048,0.105717761840721,0.535879167364725,0.576726992054827
29.9999999999997,0,2.21451046538194,0.556503537580383,0.0979344126722852,0.105717761840721,0.535878882657253,0.576726992054827
30.0049999999997,0,2.2145093510784,0.556503229125856,0.0979343778302513,0.105717761840721,0.535878598575351,0.576726992054827
30.0099999999997,0,2.21450823922327,0.556502921349235,0.0979343430647777,0.105717761840721,0.535878315117643,0.576726992054827
30.0149999999997,0,2.21450712981116,0.556502614249029,0.0979343083756961,0.105717761840721,0.535878032282759,0.576726992054827
30.0199999999997,0,2.21450602283671,0.556502307823753,0.0979342737628387,0.105717761840721,0.53587775006933,0.576726992054827
30.0249999999997,0,2.21450491829455,0.556502002071922,0.0979342392260379,0.105717761840721,0.53587746847599,0.576726992054827
30.0299999999997,0,2.21450381617935,0.556501696992056,0.0979342047651268,0.105717761840721,0.535877187501378,0.576726992054827
30.0349999999997,0,2.21450271648577,0.556501392582678,0.0979341703799385,0.105717761840721,0.535876907144133,0.576726992054827
30.0399999999997,0,2.21450161920849,0.556501088842315,0.0979341360703066,0.105717761840721,0.535876627402901,0.576726992054827
30.0449999999997,0,2.21450052434221,0.556500785769495,0.0979341018360652,0.105717761840721,0.535876348276326,0.576726992054827
30.0499999999997,0,2.21449943188162,0.556500483362752,0.0979340676770485,0.105717761840721,0.535876069763059,0.576726992054827
30.0549999999997,0,2.21449834182145,0.556500181620622,0.0979340335930913,0.105717761840721,0.535875791861753,0.576726992054827
30.0599999999997,0,2.21449725415641,0.556499880541643,0.0979339995840287,0.105717761840721,0.535875514571062,0.576726992054827
30.0649999999997,0,2.21449616888125,0.556499580124358,0.097933965649696,0.105717761840721,0.535875237889646,0.576726992054827
30.0699999999997,0,2.21449508599071,0.556499280367313,0.0979339317899292,0.105717761840721,0.535874961816165,0.576726992054827
30.0749999999997,0,2.21449400547956,0.556498981269057,0.0979338980045643,0.105717761840721,0.535874686349284,0.576726992054827
30.0799999999997,0,2.21449292734256,0.55649868282814,0.0979338642934378,0.105717761840721,0.535874411487671,0.576726992054827
30.0849999999997,0,2.21449185157451,0.556498385043119,0.0979338306563867,0.105717761840721,0.535874137229995,0.576726992054827
30.0899999999997,0,2.21449077817019,0.556498087912552,0.0979337970932482,0.105717761840721,0.53587386357493,0.576726992054827
30.0949999999997,0,2.21448970712442,0.556497791435,0.0979337636038598,0.105717761840721,0.535873590521151,0.576726992054827
30.0999999999997,0,2.21448863843201,0.556497495609028,0.0979337301880595,0.105717761840721,0.535873318067338,0.576726992054827
30.1049999999997,0,2.21448757208779,0.556497200433204,0.0979336968456857,0.105717761840721,0.535873046212173,0.576726992054827
30.1099999999997,0,2.2144865080866,0.556496905906098,0.097933663576577,0.105717761840721,0.53587277495434,0.576726992054827
30.1149999999997,0,2.21448544642329,0.556496612026285,0.0979336303805723,0.105717761840721,0.535872504292526,0.576726992054827
30.1199999999997,0,2.21448438709273,0.556496318792342,0.0979335972575111,0.105717761840721,0.535872234225423,0.576726992054827
30.1249999999997,0,2.2144833300898,0.55649602620285,0.0979335642072332,0.105717761840721,0.535871964751724,0.576726992054827
30.1299999999997,0,2.21448227540937,0.556495734256392,0.0979335312295784,0.105717761840721,0.535871695870125,0.576726992054827
30.1349999999997,0,2.21448122304635,0.556495442951554,0.0979334983243874,0.105717761840721,0.535871427579325,0.576726992054827
30.1399999999997,0,2.21448017299564,0.556495152286926,0.0979334654915009,0.105717761840721,0.535871159878026,0.576726992054827
30.1449999999997,0,2.21447912525217,0.556494862261101,0.0979334327307599,0.105717761840721,0.535870892764933,0.576726992054827
30.1499999999997,0,2.21447807981086,0.556494572872675,0.097933400042006,0.105717761840721,0.535870626238753,0.576726992054827
30.1549999999997,0,2.21447703666666,0.556494284120247,0.097933367425081,0.105717761840721,0.535870360298198,0.576726992054827
30.1599999999997,0,2.21447599581452,0.556493996002419,0.0979333348798271,0.105717761840721,0.535870094941981,0.576726992054827
30.1649999999997,0,2.2144749572494,0.556493708517796,0.0979333024060867,0.105717761840721,0.535869830168817,0.576726992054827
30.1699999999997,0,2.21447392096628,0.556493421664986,0.0979332700037028,0.105717761840721,0.535869565977426,0.576726992054827
30.1749999999997,0,2.21447288696015,0.5564931354426,0.0979332376725186,0.105717761840721,0.53586930236653,0.576726992054827
30.1799999999997,0,2.214471855226,0.556492849849254,0.0979332054123775,0.105717761840721,0.535869039334852,0.576726992054827
30.1849999999997,0,2.21447082575884,0.556492564883564,0.0979331732231236,0.105717761840721,0.535868776881122,0.576726992054827
30.1899999999997,0,2.21446979855369,0.55649228054415,0.097933141104601,0.105717761840721,0.535868515004068,0.576726992054827
30.1949999999997,0,2.21446877360558,0.556491996829637,0.0979331090566543,0.105717761840721,0.535868253702424,0.576726992054827
30.1999999999997,0,2.21446775090955,0.55649171373865,0.0979330770791285,0.105717761840721,0.535867992974925,0.576726992054827
30.2049999999997,0,2.21446673046065,0.556491431269819,0.0979330451718688,0.105717761840721,0.535867732820311,0.576726992054827
30.2099999999997,0,2.21446571225396,0.556491149421776,0.0979330133347209,0.105717761840721,0.535867473237322,0.576726992054827
30.2149999999997,0,2.21446469628453,0.556490868193158,0.0979329815675306,0.105717761840721,0.535867214224703,0.576726992054827
30.2199999999997,0,2.21446368254745,0.556490587582602,0.0979329498701442,0.105717761840721,0.5358669557812,0.576726992054827
30.2249999999997,0,2.21446267103783,0.55649030758875,0.0979329182424085,0.105717761840721,0.535866697905564,0.576726992054827
30.2299999999997,0,2.21446166175076,0.556490028210247,0.0979328866841702,0.105717761840721,0.535866440596546,0.576726992054827
30.2349999999997,0,2.21446065468137,0.55648974944574,0.0979328551952768,0.105717761840721,0.535866183852901,0.576726992054827
30.2399999999997,0,2.21445964982477,0.556489471293879,0.0979328237755758,0.105717761840721,0.535865927673388,0.576726992054827
30.2449999999997,0,2.21445864717612,0.556489193753318,0.0979327924249152,0.105717761840721,0.535865672056767,0.576726992054827
30.2499999999997,0,2.21445764673055,0.556488916822713,0.0979327611431434,0.105717761840721,0.535865417001801,0.576726992054827
30.2549999999997,0,2.21445664848323,0.556488640500724,0.0979327299301089,0.105717761840721,0.535865162507256,0.576726992054827
30.2599999999997,0,2.21445565242933,0.556488364786012,0.0979326987856607,0.105717761840721,0.535864908571902,0.576726992054827
30.2649999999997,0,2.21445465856402,0.556488089677243,0.0979326677096481,0.105717761840721,0.535864655194508,0.576726992054827
30.2699999999997,0,2.21445366688251,0.556487815173086,0.0979326367019207,0.105717761840721,0.535864402373851,0.576726992054827
30.2749999999997,0,2.21445267737998,0.556487541272211,0.0979326057623285,0.105717761840721,0.535864150108705,0.576726992054827
30.2799999999997,0,2.21445169005166,0.556487267973292,0.0979325748907218,0.105717761840721,0.535863898397852,0.576726992054827
30.2849999999997,0,2.21445070489277,0.556486995275006,0.0979325440869512,0.105717761840721,0.535863647240072,0.576726992054827
30.2899999999997,0,2.21444972189854,0.556486723176033,0.0979325133508676,0.105717761840721,0.535863396634152,0.576726992054827
30.2949999999997,0,2.21444874106421,0.556486451675055,0.0979324826823223,0.105717761840721,0.535863146578877,0.576726992054827
30.2999999999997,0,2.21444776238505,0.556486180770759,0.0979324520811669,0.105717761840721,0.53586289707304,0.576726992054827
30.3049999999997,0,2.21444678585631,0.556485910461832,0.0979324215472533,0.105717761840721,0.535862648115431,0.576726992054827
30.3099999999997,0,2.21444581147326,0.556485640746967,0.0979323910804338,0.105717761840721,0.535862399704848,0.576726992054827
30.3149999999997,0,2.21444483923121,0.556485371624857,0.097932360680561,0.105717761840721,0.535862151840088,0.576726992054827
30.3199999999997,0,2.21444386912543,0.5564851030942,0.0979323303474877,0.105717761840721,0.535861904519951,0.576726992054827
30.3249999999997,0,2.21444290115124,0.556484835153695,0.0979323000810672,0.105717761840721,0.535861657743242,0.576726992054827
30.3299999999997,0,2.21444193530396,0.556484567802046,0.097932269881153,0.105717761840721,0.535861411508766,0.576726992054827
30.3349999999997,0,2.21444097157891,0.556484301037958,0.097932239747599,0.105717761840721,0.535861165815333,0.576726992054827
30.3399999999997,0,2.21444000997142,0.556484034860139,0.0979322096802593,0.105717761840721,0.535860920661752,0.576726992054827
30.3449999999997,0,2.21443905047685,0.556483769267302,0.0979321796789886,0.105717761840721,0.535860676046839,0.576726992054827
30.3499999999997,0,2.21443809309056,0.55648350425816,0.0979321497436415,0.105717761840721,0.535860431969409,0.576726992054827
30.3549999999997,0,2.21443713780791,0.55648323983143,0.0979321198740732,0.105717761840721,0.535860188428282,0.576726992054827
30.3599999999997,0,2.21443618462427,0.556482975985832,0.0979320900701393,0.105717761840721,0.535859945422279,0.576726992054827
30.3649999999997,0,2.21443523353505,0.556482712720089,0.0979320603316955,0.105717761840721,0.535859702950226,0.576726992054827
30.3699999999997,0,2.21443428453563,0.556482450032927,0.0979320306585978,0.105717761840721,0.535859461010948,0.576726992054827
30.3749999999997,0,2.21443333762143,0.556482187923073,0.0979320010507028,0.105717761840721,0.535859219603274,0.576726992054827
30.3799999999997,0,2.21443239278786,0.55648192638926,0.0979319715078671,0.105717761840721,0.535858978726038,0.576726992054827
30.3849999999997,0,2.21443145003035,0.556481665430219,0.0979319420299478,0.105717761840721,0.535858738378074,0.576726992054827
30.3899999999997,0,2.21443050934434,0.55648140504469,0.0979319126168022,0.105717761840721,0.535858498558219,0.576726992054827
30.3949999999997,0,2.21442957072528,0.55648114523141,0.0979318832682881,0.105717761840721,0.535858259265312,0.576726992054827
30.3999999999997,0,2.21442863416863,0.556480885989122,0.0979318539842633,0.105717761840721,0.535858020498195,0.576726992054827
30.4049999999997,0,2.21442769966986,0.556480627316571,0.0979318247645862,0.105717761840721,0.535857782255715,0.576726992054827
30.4099999999997,0,2.21442676722444,0.556480369212505,0.0979317956091155,0.105717761840721,0.535857544536717,0.576726992054827
30.4149999999997,0,2.21442583682786,0.556480111675674,0.0979317665177099,0.105717761840721,0.535857307340052,0.576726992054827
30.4199999999997,0,2.21442490847563,0.556479854704832,0.0979317374902288,0.105717761840721,0.535857070664572,0.576726992054827
30.4249999999997,0,2.21442398216325,0.556479598298734,0.0979317085265317,0.105717761840721,0.535856834509132,0.576726992054827
30.4299999999997,0,2.21442305788623,0.556479342456139,0.0979316796264784,0.105717761840721,0.535856598872589,0.576726992054827
30.4349999999997,0,2.21442213564012,0.556479087175808,0.0979316507899292,0.105717761840721,0.535856363753804,0.576726992054827
30.4399999999997,0,2.21442121542043,0.556478832456507,0.0979316220167444,0.105717761840721,0.535856129151638,0.576726992054827
30.4449999999997,0,2.21442029722273,0.556478578297001,0.0979315933067848,0.105717761840721,0.535855895064958,0.576726992054827
30.4499999999997,0,2.21441938104257,0.556478324696061,0.0979315646599115,0.105717761840721,0.535855661492629,0.576726992054827
30.4549999999997,0,2.21441846687552,0.556478071652458,0.0979315360759859,0.105717761840721,0.535855428433523,0.576726992054827
30.4599999999997,0,2.21441755471715,0.556477819164968,0.0979315075548696,0.105717761840721,0.535855195886511,0.576726992054827
30.4649999999997,0,2.21441664456305,0.556477567232368,0.0979314790964247,0.105717761840721,0.535854963850468,0.576726992054827
30.4699999999997,0,2.21441573640882,0.556477315853438,0.0979314507005135,0.105717761840721,0.535854732324272,0.576726992054827
30.4749999999997,0,2.21441483025006,0.556477065026962,0.0979314223669984,0.105717761840721,0.535854501306803,0.576726992054827
30.4799999999997,0,2.21441392608239,0.556476814751726,0.0979313940957426,0.105717761840721,0.535854270796942,0.576726992054827
30.4849999999997,0,2.21441302390143,0.556476565026518,0.097931365886609,0.105717761840721,0.535854040793575,0.576726992054827
30.4899999999997,0,2.21441212370282,0.556476315850128,0.0979313377394613,0.105717761840721,0.535853811295589,0.576726992054827
30.4949999999997,0,2.21441122548221,0.556476067221352,0.0979313096541632,0.105717761840721,0.535853582301872,0.576726992054827
30.4999999999997,0,2.21441032923524,0.556475819138984,0.0979312816305788,0.105717761840721,0.535853353811319,0.576726992054827
30.5049999999997,0,2.21440943495759,0.556475571601824,0.0979312536685726,0.105717761840721,0.535853125822822,0.576726992054827
30.5099999999997,0,2.21440854264492,0.556475324608674,0.0979312257680092,0.105717761840721,0.535852898335279,0.576726992054827
30.5149999999997,0,2.21440765229291,0.556475078158338,0.0979311979287535,0.105717761840721,0.535852671347589,0.576726992054827
30.5199999999997,0,2.21440676389727,0.556474832249623,0.097931170150671,0.105717761840721,0.535852444858654,0.576726992054827
30.5249999999997,0,2.21440587745368,0.556474586881339,0.0979311424336272,0.105717761840721,0.535852218867378,0.576726992054827
30.5299999999997,0,2.21440499295787,0.556474342052297,0.0979311147774879,0.105717761840721,0.535851993372668,0.576726992054827
30.5349999999997,0,2.21440411040555,0.556474097761313,0.0979310871821193,0.105717761840721,0.535851768373432,0.576726992054827
30.5399999999997,0,2.21440322979245,0.556473854007203,0.097931059647388,0.105717761840721,0.535851543868583,0.576726992054827
30.5449999999997,0,2.21440235111432,0.556473610788788,0.0979310321731606,0.105717761840721,0.535851319857033,0.576726992054827
30.5499999999997,0,2.21440147436689,0.556473368104891,0.0979310047593042,0.105717761840721,0.535851096337699,0.576726992054827
30.5549999999997,0,2.21440059954593,0.556473125954337,0.0979309774056862,0.105717761840721,0.5358508733095,0.576726992054827
30.5599999999997,0,2.21439972664721,0.556472884335952,0.0979309501121741,0.105717761840721,0.535850650771357,0.576726992054827
30.5649999999997,0,2.2143988556665,0.556472643248568,0.097930922878636,0.105717761840721,0.535850428722192,0.576726992054827
30.5699999999997,0,2.21439798659958,0.556472402691018,0.0979308957049401,0.105717761840721,0.535850207160931,0.576726992054827
30.5749999999997,0,2.21439711944226,0.556472162662137,0.0979308685909548,0.105717761840721,0.535849986086503,0.576726992054827
30.5799999999997,0,2.21439625419034,0.556471923160763,0.0979308415365489,0.105717761840721,0.535849765497838,0.576726992054827
30.5849999999997,0,2.21439539083963,0.556471684185737,0.0979308145415916,0.105717761840721,0.535849545393868,0.576726992054827
30.5899999999997,0,2.21439452938595,0.556471445735901,0.0979307876059522,0.105717761840721,0.535849325773529,0.576726992054827
30.5949999999997,0,2.21439366982514,0.556471207810102,0.0979307607295004,0.105717761840721,0.535849106635757,0.576726992054827
30.5999999999997,0,2.21439281215303,0.556470970407188,0.097930733912106,0.105717761840721,0.535848887979494,0.576726992054827
30.6049999999997,0,2.21439195636548,0.556470733526008,0.0979307071536395,0.105717761840721,0.53584866980368,0.576726992054827
30.6099999999997,0,2.21439110245834,0.556470497165418,0.0979306804539711,0.105717761840721,0.53584845210726,0.576726992054827
30.6149999999997,0,2.2143902504275,0.556470261324272,0.0979306538129719,0.105717761840721,0.535848234889182,0.576726992054827
30.6199999999997,0,2.21438940026881,0.556470026001428,0.0979306272305128,0.105717761840721,0.535848018148393,0.576726992054827
30.6249999999997,0,2.21438855197817,0.556469791195749,0.0979306007064652,0.105717761840721,0.535847801883845,0.576726992054827
30.6299999999997,0,2.21438770555148,0.556469556906096,0.0979305742407008,0.105717761840721,0.535847586094492,0.576726992054827
30.6349999999997,0,2.21438686098463,0.556469323131336,0.0979305478330915,0.105717761840721,0.53584737077929,0.576726992054827
30.6399999999997,0,2.21438601827355,0.556469089870336,0.0979305214835096,0.105717761840721,0.535847155937198,0.576726992054827
30.6449999999997,0,2.21438517741415,0.556468857121969,0.0979304951918274,0.105717761840721,0.535846941567174,0.576726992054827
30.6499999999997,0,2.21438433840237,0.556468624885107,0.0979304689579178,0.105717761840721,0.535846727668183,0.576726992054827
30.6549999999997,0,2.21438350123415,0.556468393158625,0.0979304427816539,0.105717761840721,0.53584651423919,0.576726992054827
30.6599999999997,0,2.21438266590543,0.556468161941403,0.097930416662909,0.105717761840721,0.535846301279161,0.576726992054827
30.6649999999997,0,2.21438183241218,0.55646793123232,0.0979303906015567,0.105717761840721,0.535846088787067,0.576726992054827
30.6699999999997,0,2.21438100075036,0.556467701030261,0.0979303645974708,0.105717761840721,0.535845876761879,0.576726992054827
30.6749999999997,0,2.21438017091595,0.55646747133411,0.0979303386505256,0.105717761840721,0.535845665202571,0.576726992054827
30.6799999999997,0,2.21437934290493,0.556467242142755,0.0979303127605955,0.105717761840721,0.53584545410812,0.576726992054827
30.6849999999997,0,2.2143785167133,0.556467013455088,0.0979302869275552,0.105717761840721,0.535845243477505,0.576726992054827
30.6899999999997,0,2.21437769233706,0.556466785270001,0.0979302611512797,0.105717761840721,0.535845033309706,0.576726992054827
30.6949999999997,0,2.21437686977222,0.556466557586389,0.0979302354316443,0.105717761840721,0.535844823603707,0.576726992054827
30.6999999999997,0,2.2143760490148,0.55646633040315,0.0979302097685245,0.105717761840721,0.535844614358492,0.576726992054827
30.7049999999997,0,2.21437523006083,0.556466103719185,0.0979301841617962,0.105717761840721,0.53584440557305,0.576726992054827
30.7099999999997,0,2.21437441290635,0.556465877533396,0.0979301586113354,0.105717761840721,0.53584419724637,0.576726992054827
30.7149999999997,0,2.2143735975474,0.556465651844688,0.0979301331170185,0.105717761840721,0.535843989377444,0.576726992054827
30.7199999999997,0,2.21437278398004,0.556465426651969,0.0979301076787221,0.105717761840721,0.535843781965267,0.576726992054827
30.7249999999997,0,2.21437197220033,0.556465201954148,0.0979300822963231,0.105717761840721,0.535843575008836,0.576726992054827
30.7299999999997,0,2.21437116220434,0.556464977750138,0.0979300569696988,0.105717761840721,0.535843368507147,0.576726992054827
30.7349999999997,0,2.21437035398816,0.556464754038854,0.0979300316987265,0.105717761840721,0.535843162459203,0.576726992054827
30.7399999999997,0,2.21436954754788,0.556464530819212,0.097930006483284,0.105717761840721,0.535842956864007,0.576726992054827
30.7449999999997,0,2.21436874287958,0.556464308090132,0.0979299813232492,0.105717761840721,0.535842751720564,0.576726992054827
30.7499999999997,0,2.21436793997939,0.556464085850535,0.0979299562185005,0.105717761840721,0.535842547027881,0.576726992054827
30.7549999999997,0,2.21436713884341,0.556463864099347,0.0979299311689162,0.105717761840721,0.535842342784968,0.576726992054827
30.7599999999997,0,2.21436633946777,0.556463642835493,0.0979299061743753,0.105717761840721,0.535842138990836,0.576726992054827
30.7649999999997,0,2.2143655418486,0.556463422057902,0.0979298812347567,0.105717761840721,0.5358419356445,0.576726992054827
30.7699999999997,0,2.21436474598204,0.556463201765506,0.0979298563499398,0.105717761840721,0.535841732744976,0.576726992054827
30.7749999999997,0,2.21436395186424,0.556462981957238,0.0979298315198042,0.105717761840721,0.535841530291282,0.576726992054827
30.7799999999997,0,2.21436315949136,0.556462762632034,0.0979298067442296,0.105717761840721,0.535841328282438,0.576726992054827
30.7849999999997,0,2.21436236885956,0.556462543788832,0.0979297820230963,0.105717761840721,0.535841126717468,0.576726992054827
30.7899999999997,0,2.21436157996502,0.556462325426574,0.0979297573562846,0.105717761840721,0.535840925595395,0.576726992054827
30.7949999999997,0,2.21436079280392,0.556462107544201,0.0979297327436751,0.105717761840721,0.535840724915247,0.576726992054827
30.7999999999997,0,2.21436000737246,0.556461890140659,0.0979297081851488,0.105717761840721,0.535840524676053,0.576726992054827
30.8049999999997,0,2.21435922366683,0.556461673214897,0.0979296836805867,0.105717761840721,0.535840324876844,0.576726992054827
30.8099999999997,0,2.21435844168323,0.556461456765863,0.0979296592298704,0.105717761840721,0.535840125516652,0.576726992054827
30.8149999999997,0,2.2143576614179,0.556461240792509,0.0979296348328815,0.105717761840721,0.535839926594515,0.576726992054827
30.8199999999997,0,2.21435688286705,0.556461025293792,0.0979296104895019,0.105717761840721,0.535839728109468,0.576726992054827
30.8249999999997,0,2.21435610602691,0.556460810268666,0.0979295861996138,0.105717761840721,0.535839530060553,0.576726992054827
30.8299999999997,0,2.21435533089373,0.556460595716092,0.0979295619630998,0.105717761840721,0.535839332446809,0.576726992054827
30.8349999999997,0,2.21435455746375,0.55646038163503,0.0979295377798425,0.105717761840721,0.535839135267283,0.576726992054827
30.8399999999997,0,2.21435378573324,0.556460168024445,0.0979295136497249,0.105717761840721,0.535838938521018,0.576726992054827
30.8449999999997,0,2.21435301569845,0.556459954883302,0.0979294895726303,0.105717761840721,0.535838742207064,0.576726992054827
30.8499999999997,0,2.21435224735567,0.55645974221057,0.0979294655484421,0.105717761840721,0.535838546324471,0.576726992054827
30.8549999999997,0,2.21435148070118,0.556459530005219,0.097929441577044,0.105717761840721,0.53583835087229,0.576726992054827
30.8599999999997,0,2.21435071573126,0.556459318266222,0.0979294176583202,0.105717761840721,0.535838155849576,0.576726992054827
30.8649999999997,0,2.21434995244222,0.556459106992553,0.0979293937921548,0.105717761840721,0.535837961255386,0.576726992054827
30.8699999999997,0,2.21434919083036,0.556458896183191,0.0979293699784323,0.105717761840721,0.535837767088778,0.576726992054827
30.8749999999997,0,2.21434843089199,0.556458685837114,0.0979293462170376,0.105717761840721,0.535837573348812,0.576726992054827
30.8799999999997,0,2.21434767262345,0.556458475953305,0.0979293225078556,0.105717761840721,0.535837380034551,0.576726992054827
30.8849999999997,0,2.21434691602105,0.556458266530747,0.0979292988507716,0.105717761840721,0.53583718714506,0.576726992054827
30.8899999999997,0,2.21434616108115,0.556458057568426,0.0979292752456712,0.105717761840721,0.535836994679405,0.576726992054827
30.8949999999997,0,2.21434540780008,0.556457849065332,0.09792925169244,0.105717761840721,0.535836802636656,0.576726992054827
30.8999999999997,0,2.21434465617421,0.556457641020454,0.0979292281909643,0.105717761840721,0.535836611015882,0.576726992054827
30.9049999999997,0,2.21434390619989,0.556457433432786,0.0979292047411301,0.105717761840721,0.535836419816158,0.576726992054827
30.9099999999997,0,2.2143431578735,0.556457226301323,0.097929181342824,0.105717761840721,0.535836229036557,0.576726992054827
30.9149999999997,0,2.21434241119141,0.556457019625062,0.0979291579959329,0.105717761840721,0.535836038676156,0.576726992054827
30.9199999999997,0,2.21434166615002,0.556456813403002,0.0979291347003437,0.105717761840721,0.535835848734036,0.576726992054827
30.9249999999997,0,2.21434092274571,0.556456607634146,0.0979291114559437,0.105717761840721,0.535835659209276,0.576726992054827
30.9299999999997,0,2.2143401809749,0.556456402317497,0.0979290882626204,0.105717761840721,0.535835470100959,0.576726992054827
30.9349999999997,0,2.21433944083399,0.556456197452062,0.0979290651202617,0.105717761840721,0.535835281408171,0.576726992054827
30.9399999999997,0,2.2143387023194,0.556455993036848,0.0979290420287554,0.105717761840721,0.535835093129998,0.576726992054827
30.9449999999997,0,2.21433796542756,0.556455789070866,0.0979290189879899,0.105717761840721,0.535834905265531,0.576726992054827
30.9499999999997,0,2.2143372301549,0.55645558555313,0.0979289959978538,0.105717761840721,0.535834717813858,0.576726992054827
30.9549999999997,0,2.21433649649786,0.556455382482652,0.0979289730582356,0.105717761840721,0.535834530774075,0.576726992054827
30.9599999999997,0,2.2143357644529,0.556455179858452,0.0979289501690245,0.105717761840721,0.535834344145275,0.576726992054827
30.9649999999997,0,2.21433503401648,0.556454977679547,0.0979289273301096,0.105717761840721,0.535834157926555,0.576726992054827
30.9699999999997,0,2.21433430518505,0.556454775944959,0.0979289045413805,0.105717761840721,0.535833972117015,0.576726992054827
30.9749999999997,0,2.21433357795509,0.556454574653712,0.0979288818027268,0.105717761840721,0.535833786715756,0.576726992054827
30.9799999999997,0,2.21433285232309,0.556454373804831,0.0979288591140386,0.105717761840721,0.53583360172188,0.576726992054827
30.9849999999997,0,2.21433212828553,0.556454173397344,0.0979288364752061,0.105717761840721,0.535833417134493,0.576726992054827
30.9899999999997,0,2.2143314058389,0.556453973430281,0.0979288138861196,0.105717761840721,0.535833232952701,0.576726992054827
30.9949999999997,0,2.21433068497973,0.556453773902674,0.09792879134667,0.105717761840721,0.535833049175613,0.576726992054827
30.9999999999997,0,2.2143299657045,0.556453574813556,0.097928768856748,0.105717761840721,0.53583286580234,0.576726992054827
31.0049999999997,0,2.21432924800975,0.556453376161965,0.097928746416245,0.105717761840721,0.535832682831994,0.576726992054827
31.0099999999997,0,2.21432853189201,0.556453177946938,0.0979287240250522,0.105717761840721,0.535832500263691,0.576726992054827
31.0149999999997,0,2.2143278173478,0.556452980167516,0.0979287016830614,0.105717761840721,0.535832318096547,0.576726992054827
31.0199999999997,0,2.21432710437367,0.556452782822743,0.0979286793901645,0.105717761840721,0.535832136329681,0.576726992054827
31.0249999999997,0,2.21432639296617,0.556452585911661,0.0979286571462535,0.105717761840721,0.535831954962212,0.576726992054827
31.0299999999997,0,2.21432568312186,0.556452389433319,0.0979286349512209,0.105717761840721,0.535831773993264,0.576726992054827
31.0349999999997,0,2.21432497483731,0.556452193386765,0.0979286128049591,0.105717761840721,0.535831593421961,0.576726992054827
31.0399999999997,0,2.21432426810908,0.55645199777105,0.0979285907073612,0.105717761840721,0.53583141324743,0.576726992054827
31.0449999999997,0,2.21432356293375,0.556451802585227,0.09792856865832,0.105717761840721,0.535831233468797,0.576726992054827
31.0499999999997,0,2.21432285930793,0.556451607828352,0.097928546657729,0.105717761840721,0.535831054085194,0.576726992054827
31.0549999999997,0,2.21432215722819,0.556451413499481,0.0979285247054817,0.105717761840721,0.535830875095753,0.576726992054827
31.0599999999997,0,2.21432145669114,0.556451219597675,0.0979285028014718,0.105717761840721,0.535830696499608,0.576726992054827
31.0649999999997,0,2.2143207576934,0.556451026121993,0.0979284809455934,0.105717761840721,0.535830518295894,0.576726992054827
31.0699999999997,0,2.21432006023158,0.5564508330715,0.0979284591377406,0.105717761840721,0.535830340483749,0.576726992054827
31.0749999999997,0,2.21431936430231,0.556450640445262,0.097928437377808,0.105717761840721,0.535830163062313,0.576726992054827
31.0799999999997,0,2.21431866990222,0.556450448242346,0.0979284156656903,0.105717761840721,0.535829986030727,0.576726992054827
31.0849999999997,0,2.21431797702794,0.556450256461821,0.0979283940012824,0.105717761840721,0.535829809388135,0.576726992054827
31.0899999999997,0,2.21431728567614,0.556450065102759,0.0979283723844794,0.105717761840721,0.535829633133682,0.576726992054827
31.0949999999997,0,2.21431659584345,0.556449874164234,0.0979283508151768,0.105717761840721,0.535829457266515,0.576726992054827
31.0999999999997,0,2.21431590752655,0.556449683645321,0.0979283292932702,0.105717761840721,0.535829281785784,0.576726992054827
31.1049999999997,0,2.2143152207221,0.556449493545099,0.0979283078186554,0.105717761840721,0.535829106690639,0.576726992054827
31.1099999999997,0,2.21431453542679,0.556449303862647,0.0979282863912286,0.105717761840721,0.535828931980233,0.576726992054827
31.1149999999997,0,2.21431385163728,0.556449114597047,0.097928265010886,0.105717761840721,0.535828757653721,0.576726992054827
31.1199999999997,0,2.21431316935029,0.556448925747382,0.0979282436775242,0.105717761840721,0.535828583710259,0.576726992054827
31.1249999999997,0,2.21431248856249,0.556448737312739,0.0979282223910399,0.105717761840721,0.535828410149006,0.576726992054827
31.1299999999997,0,2.21431180927061,0.556448549292206,0.0979282011513301,0.105717761840721,0.535828236969121,0.576726992054827
31.1349999999997,0,2.21431113147135,0.556448361684872,0.0979281799582922,0.105717761840721,0.535828064169767,0.576726992054827
31.1399999999997,0,2.21431045516144,0.556448174489829,0.0979281588118234,0.105717761840721,0.535827891750108,0.576726992054827
31.1449999999997,0,2.2143097803376,0.556447987706171,0.0979281377118215,0.105717761840721,0.53582771970931,0.576726992054827
31.1499999999997,0,2.21430910699656,0.556447801332994,0.0979281166581844,0.105717761840721,0.53582754804654,0.576726992054827
31.1549999999997,0,2.21430843513507,0.556447615369396,0.0979280956508102,0.105717761840721,0.535827376760967,0.576726992054827
31.1599999999997,0,2.21430776474988,0.556447429814476,0.0979280746895972,0.105717761840721,0.535827205851763,0.576726992054827
31.1649999999997,0,2.21430709583775,0.556447244667337,0.097928053774444,0.105717761840721,0.5358270353181,0.576726992054827
31.1699999999997,0,2.21430642839543,0.556447059927082,0.0979280329052495,0.105717761840721,0.535826865159154,0.576726992054827
31.1749999999997,0,2.21430576241969,0.556446875592816,0.0979280120819125,0.105717761840721,0.535826695374102,0.576726992054827
31.1799999999997,0,2.21430509790733,0.556446691663648,0.0979279913043324,0.105717761840721,0.535826525962121,0.576726992054827
31.1849999999997,0,2.21430443485511,0.556446508138688,0.0979279705724086,0.105717761840721,0.535826356922392,0.576726992054827
31.1899999999997,0,2.21430377325983,0.556446325017046,0.0979279498860408,0.105717761840721,0.535826188254098,0.576726992054827
31.1949999999997,0,2.2143031131183,0.556446142297837,0.0979279292451288,0.105717761840721,0.535826019956421,0.576726992054827
31.1999999999997,0,2.21430245442731,0.556445959980176,0.0979279086495729,0.105717761840721,0.535825852028548,0.576726992054827
31.2049999999997,0,2.21430179718368,0.55644577806318,0.0979278880992733,0.105717761840721,0.535825684469666,0.576726992054827
31.2099999999997,0,2.21430114138423,0.556445596545969,0.0979278675941306,0.105717761840721,0.535825517278965,0.576726992054827
31.2149999999997,0,2.21430048702578,0.556445415427664,0.0979278471340456,0.105717761840721,0.535825350455635,0.576726992054827
31.2199999999997,0,2.21429983410518,0.556445234707389,0.0979278267189192,0.105717761840721,0.535825183998869,0.576726992054827
31.2249999999997,0,2.21429918261925,0.556445054384268,0.0979278063486527,0.105717761840721,0.535825017907862,0.576726992054827
31.2299999999997,0,2.21429853256485,0.556444874457429,0.0979277860231475,0.105717761840721,0.53582485218181,0.576726992054827
31.2349999999997,0,2.21429788393884,0.556444694926001,0.0979277657423052,0.105717761840721,0.535824686819912,0.576726992054827
31.2399999999997,0,2.21429723673807,0.556444515789115,0.0979277455060278,0.105717761840721,0.535824521821367,0.576726992054827
31.2449999999997,0,2.21429659095941,0.556444337045904,0.0979277253142172,0.105717761840721,0.535824357185376,0.576726992054827
31.2499999999997,0,2.21429594659974,0.556444158695502,0.0979277051667758,0.105717761840721,0.535824192911144,0.576726992054827
31.2549999999997,0,2.21429530365594,0.556443980737047,0.0979276850636061,0.105717761840721,0.535824028997875,0.576726992054827
31.2599999999997,0,2.2142946621249,0.556443803169676,0.0979276650046107,0.105717761840721,0.535823865444777,0.576726992054827
31.2649999999997,0,2.21429402200351,0.55644362599253,0.0979276449896927,0.105717761840721,0.535823702251057,0.576726992054827
31.2699999999997,0,2.21429338328868,0.556443449204752,0.0979276250187552,0.105717761840721,0.535823539415927,0.576726992054827
31.2749999999997,0,2.21429274597732,0.556443272805486,0.0979276050917015,0.105717761840721,0.535823376938597,0.576726992054827
31.2799999999997,0,2.21429211006634,0.556443096793878,0.0979275852084352,0.105717761840721,0.535823214818284,0.576726992054827
31.2849999999997,0,2.21429147555267,0.556442921169076,0.0979275653688601,0.105717761840721,0.5358230530542,0.576726992054827
31.2899999999997,0,2.21429084243323,0.556442745930229,0.0979275455728802,0.105717761840721,0.535822891645565,0.576726992054827
31.2949999999997,0,2.21429021070497,0.55644257107649,0.0979275258203997,0.105717761840721,0.535822730591597,0.576726992054827
31.2999999999997,0,2.21428958036482,0.556442396607013,0.0979275061113231,0.105717761840721,0.535822569891517,0.576726992054827
31.3049999999997,0,2.21428895140974,0.556442222520952,0.0979274864455548,0.105717761840721,0.535822409544547,0.576726992054827
31.3099999999997,0,2.21428832383668,0.556442048817465,0.0979274668229998,0.105717761840721,0.535822249549911,0.576726992054827
31.3149999999997,0,2.2142876976426,0.556441875495711,0.0979274472435632,0.105717761840721,0.535822089906835,0.576726992054827
31.3199999999997,0,2.21428707282449,0.556441702554852,0.0979274277071501,0.105717761840721,0.535821930614547,0.576726992054827
31.3249999999997,0,2.2142864493793,0.55644152999405,0.0979274082136661,0.105717761840721,0.535821771672276,0.576726992054827
31.3299999999997,0,2.21428582730403,0.556441357812469,0.0979273887630168,0.105717761840721,0.535821613079253,0.576726992054827
31.3349999999997,0,2.21428520659567,0.556441186009277,0.097927369355108,0.105717761840721,0.53582145483471,0.576726992054827
31.3399999999997,0,2.21428458725121,0.556441014583642,0.097927349989846,0.105717761840721,0.535821296937883,0.576726992054827
31.3449999999997,0,2.21428396926766,0.556440843534733,0.0979273306671368,0.105717761840721,0.535821139388006,0.576726992054827
31.3499999999997,0,2.21428335264202,0.556440672861724,0.0979273113868872,0.105717761840721,0.535820982184317,0.576726992054827
31.3549999999997,0,2.21428273737131,0.556440502563787,0.0979272921490037,0.105717761840721,0.535820825326057,0.576726992054827
31.3599999999997,0,2.21428212345256,0.556440332640099,0.0979272729533933,0.105717761840721,0.535820668812465,0.576726992054827
31.3649999999997,0,2.2142815108828,0.556440163089837,0.097927253799963,0.105717761840721,0.535820512642785,0.576726992054827
31.3699999999997,0,2.21428089965905,0.55643999391218,0.0979272346886202,0.105717761840721,0.535820356816261,0.576726992054827
31.3749999999997,0,2.21428028977837,0.55643982510631,0.0979272156192725,0.105717761840721,0.535820201332139,0.576726992054827
31.3799999999997,0,2.21427968123779,0.556439656671409,0.0979271965918275,0.105717761840721,0.535820046189666,0.576726992054827
31.3849999999997,0,2.21427907403439,0.556439488606662,0.0979271776061931,0.105717761840721,0.535819891388093,0.576726992054827
31.3899999999997,0,2.21427846816521,0.556439320911255,0.0979271586622776,0.105717761840721,0.535819736926669,0.576726992054827
31.3949999999997,0,2.21427786362733,0.556439153584377,0.0979271397599891,0.105717761840721,0.535819582804647,0.576726992054827
31.3999999999997,0,2.21427726041783,0.556438986625218,0.0979271208992363,0.105717761840721,0.535819429021283,0.576726992054827
31.4049999999997,0,2.21427665853378,0.556438820032969,0.0979271020799279,0.105717761840721,0.535819275575831,0.576726992054827
31.4099999999997,0,2.21427605797227,0.556438653806825,0.0979270833019728,0.105717761840721,0.535819122467549,0.576726992054827
31.4149999999997,0,2.21427545873039,0.55643848794598,0.0979270645652801,0.105717761840721,0.535818969695697,0.576726992054827
31.4199999999997,0,2.21427486080525,0.556438322449632,0.0979270458697592,0.105717761840721,0.535818817259535,0.576726992054827
31.4249999999997,0,2.21427426419395,0.55643815731698,0.0979270272153197,0.105717761840721,0.535818665158325,0.576726992054827
31.4299999999997,0,2.21427366889361,0.556437992547223,0.0979270086018711,0.105717761840721,0.535818513391332,0.576726992054827
31.4349999999997,0,2.21427307490135,0.556437828139566,0.0979269900293235,0.105717761840721,0.535818361957821,0.576726992054827
31.4399999999997,0,2.21427248221428,0.556437664093212,0.097926971497587,0.105717761840721,0.53581821085706,0.576726992054827
31.4449999999997,0,2.21427189082955,0.556437500407367,0.097926953006572,0.105717761840721,0.535818060088317,0.576726992054827
31.4499999999997,0,2.21427130074429,0.556437337081238,0.0979269345561888,0.105717761840721,0.535817909650863,0.576726992054827
31.4549999999997,0,2.21427071195565,0.556437174114035,0.0979269161463484,0.105717761840721,0.535817759543969,0.576726992054827
31.4599999999997,0,2.21427012446077,0.556437011504969,0.0979268977769614,0.105717761840721,0.535817609766911,0.576726992054827
31.4649999999997,0,2.21426953825682,0.556436849253254,0.0979268794479392,0.105717761840721,0.535817460318962,0.576726992054827
31.4699999999997,0,2.21426895334096,0.556436687358103,0.097926861159193,0.105717761840721,0.5358173111994,0.576726992054827
31.4749999999997,0,2.21426836971035,0.556436525818733,0.0979268429106342,0.105717761840721,0.535817162407503,0.576726992054827
31.4799999999997,0,2.21426778736218,0.556436364634363,0.0979268247021746,0.105717761840721,0.535817013942552,0.576726992054827
31.4849999999997,0,2.21426720629363,0.556436203804211,0.097926806533726,0.105717761840721,0.535816865803827,0.576726992054827
31.4899999999997,0,2.21426662650188,0.5564360433275,0.0979267884052007,0.105717761840721,0.535816717990613,0.576726992054827
31.4949999999997,0,2.21426604798412,0.556435883203452,0.0979267703165107,0.105717761840721,0.535816570502193,0.576726992054827
31.4999999999997,0,2.21426547073757,0.556435723431293,0.0979267522675686,0.105717761840721,0.535816423337855,0.576726992054827
31.5049999999997,0,2.21426489475943,0.556435564010249,0.0979267342582871,0.105717761840721,0.535816276496886,0.576726992054827
31.5099999999997,0,2.21426432004691,0.556435404939549,0.0979267162885789,0.105717761840721,0.535816129978575,0.576726992054827
31.5149999999997,0,2.21426374659722,0.556435246218422,0.0979266983583573,0.105717761840721,0.535815983782214,0.576726992054827
31.5199999999997,0,2.2142631744076,0.556435087846101,0.0979266804675352,0.105717761840721,0.535815837907096,0.576726992054827
31.5249999999997,0,2.21426260347527,0.556434929821818,0.0979266626160263,0.105717761840721,0.535815692352513,0.576726992054827
31.5299999999997,0,2.21426203379748,0.556434772144809,0.0979266448037441,0.105717761840721,0.535815547117763,0.576726992054827
31.5349999999997,0,2.21426146537146,0.556434614814311,0.0979266270306025,0.105717761840721,0.535815402202143,0.576726992054827
31.5399999999997,0,2.21426089819447,0.556434457829562,0.0979266092965153,0.105717761840721,0.53581525760495,0.576726992054827
31.5449999999997,0,2.21426033226376,0.556434301189802,0.0979265916013969,0.105717761840721,0.535815113325486,0.576726992054827
31.5499999999997,0,2.2142597675766,0.556434144894272,0.0979265739451615,0.105717761840721,0.535814969363052,0.576726992054827
31.5549999999997,0,2.21425920413024,0.556433988942218,0.0979265563277238,0.105717761840721,0.535814825716952,0.576726992054827
31.5599999999997,0,2.21425864192197,0.556433833332882,0.0979265387489984,0.105717761840721,0.535814682386491,0.576726992054827
31.5649999999997,0,2.21425808094906,0.556433678065513,0.0979265212089004,0.105717761840721,0.535814539370976,0.576726992054827
31.5699999999997,0,2.2142575212088,0.556433523139359,0.0979265037073448,0.105717761840721,0.535814396669713,0.576726992054827
31.5749999999997,0,2.21425696269848,0.55643336855367,0.0979264862442469,0.105717761840721,0.535814254282013,0.576726992054827
31.5799999999997,0,2.21425640541541,0.556433214307697,0.0979264688195223,0.105717761840721,0.535814112207187,0.576726992054827
31.5849999999997,0,2.21425584935687,0.556433060400694,0.0979264514330866,0.105717761840721,0.535813970444547,0.576726992054827
31.5899999999997,0,2.21425529452018,0.556432906831917,0.0979264340848557,0.105717761840721,0.535813828993407,0.576726992054827
31.5949999999997,0,2.21425474090267,0.556432753600621,0.0979264167747457,0.105717761840721,0.535813687853084,0.576726992054827
31.5999999999997,0,2.21425418850163,0.556432600706064,0.0979263995026727,0.105717761840721,0.535813547022893,0.576726992054827
31.6049999999997,0,2.21425363731442,0.556432448147508,0.0979263822685532,0.105717761840721,0.535813406502153,0.576726992054827
31.6099999999997,0,2.21425308733835,0.556432295924214,0.0979263650723038,0.105717761840721,0.535813266290186,0.576726992054827
31.6149999999997,0,2.21425253857077,0.556432144035444,0.0979263479138413,0.105717761840721,0.535813126386311,0.576726992054827
31.6199999999997,0,2.21425199100902,0.556431992480463,0.0979263307930826,0.105717761840721,0.535812986789853,0.576726992054827
31.6249999999997,0,2.21425144465045,0.556431841258538,0.0979263137099449,0.105717761840721,0.535812847500135,0.576726992054827
31.6299999999997,0,2.21425089949242,0.556431690368937,0.0979262966643456,0.105717761840721,0.535812708516484,0.576726992054827
31.6349999999997,0,2.21425035553229,0.55643153981093,0.0979262796562021,0.105717761840721,0.535812569838228,0.576726992054827
31.6399999999997,0,2.21424981276743,0.556431389583787,0.0979262626854322,0.105717761840721,0.535812431464694,0.576726992054827
31.6449999999997,0,2.21424927119521,0.556431239686782,0.0979262457519537,0.105717761840721,0.535812293395214,0.576726992054827
31.6499999999997,0,2.21424873081301,0.556431090119189,0.0979262288556847,0.105717761840721,0.53581215562912,0.576726992054827
31.6549999999997,0,2.21424819161822,0.556430940880284,0.0979262119965434,0.105717761840721,0.535812018165744,0.576726992054827
31.6599999999997,0,2.21424765360822,0.556430791969345,0.0979261951744482,0.105717761840721,0.535811881004423,0.576726992054827
31.6649999999997,0,2.21424711678042,0.556430643385651,0.0979261783893177,0.105717761840721,0.535811744144491,0.576726992054827
31.6699999999997,0,2.21424658113222,0.556430495128482,0.0979261616410708,0.105717761840721,0.535811607585288,0.576726992054827
31.6749999999997,0,2.21424604666102,0.556430347197121,0.0979261449296263,0.105717761840721,0.535811471326151,0.576726992054827
31.6799999999997,0,2.21424551336424,0.556430199590853,0.0979261282549035,0.105717761840721,0.535811335366423,0.576726992054827
31.6849999999997,0,2.21424498123929,0.556430052308962,0.0979261116168215,0.105717761840721,0.535811199705444,0.576726992054827
31.6899999999997,0,2.21424445028361,0.556429905350736,0.0979260950152999,0.105717761840721,0.535811064342559,0.576726992054827
31.6949999999997,0,2.21424392049463,0.556429758715463,0.0979260784502584,0.105717761840721,0.535810929277112,0.576726992054827
31.6999999999997,0,2.21424339186977,0.556429612402434,0.0979260619216167,0.105717761840721,0.53581079450845,0.576726992054827
31.7049999999997,0,2.21424286440649,0.55642946641094,0.097926045429295,0.105717761840721,0.535810660035921,0.576726992054827
31.7099999999997,0,2.21424233810222,0.556429320740275,0.0979260289732134,0.105717761840721,0.535810525858874,0.576726992054827
31.7149999999997,0,2.21424181295443,0.556429175389734,0.0979260125532922,0.105717761840721,0.53581039197666,0.576726992054827
31.7199999999997,0,2.21424128896058,0.556429030358612,0.0979259961694521,0.105717761840721,0.535810258388631,0.576726992054827
31.7249999999997,0,2.21424076611812,0.556428885646209,0.0979259798216137,0.105717761840721,0.535810125094141,0.576726992054827
31.7299999999997,0,2.21424024442452,0.556428741251823,0.0979259635096979,0.105717761840721,0.535809992092545,0.576726992054827
31.7349999999997,0,2.21423972387727,0.556428597174756,0.0979259472336258,0.105717761840721,0.535809859383199,0.576726992054827
31.7399999999997,0,2.21423920447385,0.556428453414311,0.0979259309933186,0.105717761840721,0.53580972696546,0.576726992054827
31.7449999999997,0,2.21423868621173,0.556428309969791,0.0979259147886978,0.105717761840721,0.53580959483869,0.576726992054827
31.7499999999997,0,2.21423816908842,0.556428166840502,0.0979258986196849,0.105717761840721,0.535809463002246,0.576726992054827
31.7549999999997,0,2.2142376531014,0.556428024025751,0.0979258824862016,0.105717761840721,0.535809331455493,0.576726992054827
31.7599999999997,0,2.2142371382482,0.556427881524848,0.09792586638817,0.105717761840721,0.535809200197794,0.576726992054827
31.7649999999997,0,2.2142366245263,0.556427739337101,0.0979258503255121,0.105717761840721,0.535809069228513,0.576726992054827
31.7699999999997,0,2.21423611193323,0.556427597461824,0.0979258342981501,0.105717761840721,0.535808938547016,0.576726992054827
31.7749999999997,0,2.21423560046651,0.55642745589833,0.0979258183060066,0.105717761840721,0.535808808152672,0.576726992054827
31.7799999999997,0,2.21423509012366,0.556427314645932,0.0979258023490041,0.105717761840721,0.535808678044849,0.576726992054827
31.7849999999997,0,2.21423458090221,0.556427173703948,0.0979257864270654,0.105717761840721,0.535808548222918,0.576726992054827
31.7899999999997,0,2.2142340727997,0.556427033071696,0.0979257705401135,0.105717761840721,0.535808418686251,0.576726992054827
31.7949999999997,0,2.21423356581366,0.556426892748493,0.0979257546880714,0.105717761840721,0.53580828943422,0.576726992054827
31.7999999999997,0,2.21423305994166,0.556426752733663,0.0979257388708626,0.105717761840721,0.535808160466201,0.576726992054827
31.8049999999997,0,2.21423255518123,0.556426613026525,0.0979257230884104,0.105717761840721,0.535808031781569,0.576726992054827
31.8099999999997,0,2.21423205152994,0.556426473626406,0.0979257073406384,0.105717761840721,0.535807903379702,0.576726992054827
31.8149999999997,0,2.21423154898535,0.556426334532628,0.0979256916274705,0.105717761840721,0.535807775259978,0.576726992054827
31.8199999999997,0,2.21423104754502,0.556426195744521,0.0979256759488307,0.105717761840721,0.535807647421777,0.576726992054827
31.8249999999997,0,2.21423054720654,0.556426057261411,0.097925660304643,0.105717761840721,0.535807519864482,0.576726992054827
31.8299999999997,0,2.21423004796748,0.556425919082628,0.0979256446948317,0.105717761840721,0.535807392587474,0.576726992054827
31.8349999999997,0,2.21422954982541,0.556425781207504,0.0979256291193213,0.105717761840721,0.535807265590138,0.576726992054827
31.8399999999997,0,2.21422905277795,0.556425643635371,0.0979256135780365,0.105717761840721,0.535807138871859,0.576726992054827
31.8449999999997,0,2.21422855682267,0.556425506365563,0.097925598070902,0.105717761840721,0.535807012432024,0.576726992054827
31.8499999999997,0,2.21422806195718,0.556425369397416,0.0979255825978428,0.105717761840721,0.535806886270021,0.576726992054827
31.8549999999997,0,2.21422756817909,0.556425232730267,0.0979255671587841,0.105717761840721,0.535806760385241,0.576726992054827
31.8599999999997,0,2.214227075486,0.556425096363454,0.097925551753651,0.105717761840721,0.535806634777073,0.576726992054827
31.8649999999997,0,2.21422658387553,0.556424960296318,0.0979255363823691,0.105717761840721,0.535806509444909,0.576726992054827
31.8699999999997,0,2.2142260933453,0.556424824528199,0.097925521044864,0.105717761840721,0.535806384388145,0.576726992054827
31.8749999999997,0,2.21422560389294,0.556424689058441,0.0979255057410614,0.105717761840721,0.535806259606173,0.576726992054827
31.8799999999997,0,2.21422511551608,0.556424553886387,0.0979254904708873,0.105717761840721,0.535806135098391,0.576726992054827
31.8849999999997,0,2.21422462821236,0.556424419011385,0.0979254752342678,0.105717761840721,0.535806010864196,0.576726992054827
31.8899999999997,0,2.21422414197941,0.556424284432779,0.0979254600311292,0.105717761840721,0.535805886902987,0.576726992054827
31.8949999999997,0,2.2142236568149,0.556424150149921,0.0979254448613979,0.105717761840721,0.535805763214164,0.576726992054827
31.8999999999997,0,2.21422317271646,0.556424016162158,0.0979254297250005,0.105717761840721,0.535805639797129,0.576726992054827
31.9049999999997,0,2.21422268968175,0.556423882468844,0.0979254146218638,0.105717761840721,0.535805516651284,0.576726992054827
31.9099999999997,0,2.21422220770845,0.55642374906933,0.0979253995519146,0.105717761840721,0.535805393776033,0.576726992054827
31.9149999999997,0,2.21422172679421,0.556423615962971,0.09792538451508,0.105717761840721,0.535805271170783,0.576726992054827
31.9199999999997,0,2.21422124693671,0.556423483149123,0.0979253695112874,0.105717761840721,0.535805148834939,0.576726992054827
31.9249999999997,0,2.21422076813363,0.556423350627143,0.0979253545404639,0.105717761840721,0.53580502676791,0.576726992054827
31.9299999999997,0,2.21422029038265,0.556423218396389,0.0979253396025374,0.105717761840721,0.535804904969104,0.576726992054827
31.9349999999997,0,2.21421981368146,0.556423086456222,0.0979253246974353,0.105717761840721,0.535804783437934,0.576726992054827
31.9399999999997,0,2.21421933802775,0.556422954806003,0.0979253098250857,0.105717761840721,0.53580466217381,0.576726992054827
31.9449999999997,0,2.21421886341922,0.556422823445094,0.0979252949854165,0.105717761840721,0.535804541176146,0.576726992054827
31.9499999999997,0,2.21421838985357,0.55642269237286,0.0979252801783559,0.105717761840721,0.535804420444356,0.576726992054827
31.9549999999997,0,2.21421791732852,0.556422561588666,0.0979252654038323,0.105717761840721,0.535804299977857,0.576726992054827
31.9599999999997,0,2.21421744584177,0.556422431091879,0.0979252506617742,0.105717761840721,0.535804179776065,0.576726992054827
31.9649999999997,0,2.21421697539105,0.556422300881869,0.0979252359521102,0.105717761840721,0.535804059838398,0.576726992054827
31.9699999999997,0,2.21421650597408,0.556422170958004,0.0979252212747692,0.105717761840721,0.535803940164277,0.576726992054827
31.9749999999997,0,2.21421603758858,0.556422041319655,0.0979252066296801,0.105717761840721,0.535803820753122,0.576726992054827
31.9799999999997,0,2.21421557023229,0.556421911966195,0.0979251920167721,0.105717761840721,0.535803701604355,0.576726992054827
31.9849999999997,0,2.21421510390296,0.556421782896999,0.0979251774359745,0.105717761840721,0.5358035827174,0.576726992054827
31.9899999999998,0,2.21421463859831,0.55642165411144,0.0979251628872166,0.105717761840721,0.535803464091682,0.576726992054827
31.9949999999999,0,2.2142141743161,0.556421525608896,0.0979251483704281,0.105717761840721,0.535803345726626,0.576726992054827
32,0,2.21421371105409,0.556421397388746,0.0979251338855388,0.105717761840721,0.535803227621661,0.576726992054827
